problem,vehicle_id,truck_name,item_id,type_id,category,x,y,z,length,width,height,weight,rotation,orientation_id,support_by
2.2,车型1_001,车型1,G3_车型1_001_0001,G3,fragile,0,0,0,70,50,40,15.00,LWH,1,
2.2,车型1_001,车型1,G3_车型1_001_0002,G3,fragile,0,50,0,70,50,40,15.00,LWH,1,
2.2,车型1_001,车型1,G3_车型1_001_0003,G3,fragile,0,100,0,70,50,40,15.00,LWH,1,
2.2,车型1_001,车型1,G3_车型1_001_0004,G3,fragile,0,150,0,70,50,40,15.00,LWH,1,
2.2,车型1_001,车型1,G3_车型1_001_0005,G3,fragile,70,0,0,70,50,40,15.00,LWH,1,
2.2,车型1_001,车型1,G3_车型1_001_0006,G3,fragile,70,50,0,70,50,40,15.00,LWH,1,
2.2,车型1_001,车型1,G3_车型1_001_0007,G3,fragile,70,100,0,70,50,40,15.00,LWH,1,
2.2,车型1_001,车型1,G3_车型1_001_0008,G3,fragile,70,150,0,70,50,40,15.00,LWH,1,
2.2,车型1_001,车型1,G3_车型1_001_0009,G3,fragile,140,0,0,70,50,40,15.00,LWH,1,
2.2,车型1_001,车型1,G3_车型1_001_0010,G3,fragile,140,50,0,70,50,40,15.00,LWH,1,
2.2,车型1_001,车型1,G3_车型1_001_0011,G3,fragile,140,100,0,70,50,40,15.00,LWH,1,
2.2,车型1_001,车型1,G3_车型1_001_0012,G3,fragile,140,150,0,70,50,40,15.00,LWH,1,
2.2,车型1_001,车型1,G4_车型1_001_0001,G4,oriented,210,0,0,80,60,50,25.00,LWH,1,
2.2,车型1_001,车型1,G4_车型1_001_0002,G4,oriented,210,60,0,80,60,50,25.00,LWH,1,
2.2,车型1_001,车型1,G4_车型1_001_0003,G4,oriented,210,120,0,80,60,50,25.00,LWH,1,
2.2,车型1_001,车型1,G1_车型1_001_0001,G1,standard,210,180,0,60,30,40,12.00,LHW,2,
2.2,车型1_001,车型1,G4_车型1_001_0004,G4,oriented,290,0,0,80,60,50,25.00,LWH,1,
2.2,车型1_001,车型1,G4_车型1_001_0005,G4,oriented,290,60,0,80,60,50,25.00,LWH,1,
2.2,车型1_001,车型1,G4_车型1_001_0006,G4,oriented,290,120,0,80,60,50,25.00,LWH,1,
2.2,车型1_001,车型1,G1_车型1_001_0002,G1,standard,290,180,0,60,30,40,12.00,LHW,2,
2.2,车型1_001,车型1,G3_车型1_001_0013,G3,fragile,370,0,0,50,70,40,15.00,WLH,2,
2.2,车型1_001,车型1,G3_车型1_001_0014,G3,fragile,370,70,0,50,70,40,15.00,WLH,2,
2.2,车型1_001,车型1,G3_车型1_001_0015,G3,fragile,370,140,0,50,70,40,15.00,WLH,2,
2.2,车型1_001,车型1,G4_车型1_001_0007,G4,oriented,210,0,50,80,60,50,25.00,LWH,1,G4_车型1_001_0001
2.2,车型1_001,车型1,G4_车型1_001_0008,G4,oriented,290,0,50,80,60,50,25.00,LWH,1,G4_车型1_001_0004
2.2,车型1_001,车型1,G4_车型1_001_0009,G4,oriented,210,60,50,80,60,50,25.00,LWH,1,G4_车型1_001_0002
2.2,车型1_001,车型1,G4_车型1_001_0010,G4,oriented,290,60,50,80,60,50,25.00,LWH,1,G4_车型1_001_0005
2.2,车型1_001,车型1,G4_车型1_001_0011,G4,oriented,210,120,50,80,60,50,25.00,LWH,1,G4_车型1_001_0003
2.2,车型1_001,车型1,G4_车型1_001_0012,G4,oriented,290,120,50,80,60,50,25.00,LWH,1,G4_车型1_001_0006
2.2,车型1_001,车型1,G4_车型1_001_0013,G4,oriented,210,0,100,80,60,50,25.00,LWH,1,G4_车型1_001_0007
2.2,车型1_001,车型1,G4_车型1_001_0014,G4,oriented,290,0,100,80,60,50,25.00,LWH,1,G4_车型1_001_0008
2.2,车型1_001,车型1,G4_车型1_001_0015,G4,oriented,210,60,100,80,60,50,25.00,LWH,1,G4_车型1_001_0009
2.2,车型1_001,车型1,G4_车型1_001_0016,G4,oriented,290,60,100,80,60,50,25.00,LWH,1,G4_车型1_001_0010
2.2,车型1_001,车型1,G4_车型1_001_0017,G4,oriented,210,120,100,80,60,50,25.00,LWH,1,G4_车型1_001_0011
2.2,车型1_001,车型1,G4_车型1_001_0018,G4,oriented,290,120,100,80,60,50,25.00,LWH,1,G4_车型1_001_0012
2.2,车型1_001,车型1,G4_车型1_001_0019,G4,oriented,210,0,150,80,60,50,25.00,LWH,1,G4_车型1_001_0013
2.2,车型1_001,车型1,G4_车型1_001_0020,G4,oriented,290,0,150,80,60,50,25.00,LWH,1,G4_车型1_001_0014
2.2,车型1_001,车型1,G4_车型1_001_0021,G4,oriented,210,60,150,80,60,50,25.00,LWH,1,G4_车型1_001_0015
2.2,车型1_001,车型1,G4_车型1_001_0022,G4,oriented,290,60,150,80,60,50,25.00,LWH,1,G4_车型1_001_0016
2.2,车型1_001,车型1,G4_车型1_001_0023,G4,oriented,210,120,150,80,60,50,25.00,LWH,1,G4_车型1_001_0017
2.2,车型1_001,车型1,G4_车型1_001_0024,G4,oriented,290,120,150,80,60,50,25.00,LWH,1,G4_车型1_001_0018
2.2,车型1_001,车型1,G1_车型1_001_0003,G1,standard,210,180,40,60,30,40,12.00,LHW,2,G1_车型1_001_0001
2.2,车型1_001,车型1,G1_车型1_001_0004,G1,standard,210,180,80,60,30,40,12.00,LHW,2,G1_车型1_001_0003
2.2,车型1_001,车型1,G1_车型1_001_0005,G1,standard,210,180,120,60,30,40,12.00,LHW,2,G1_车型1_001_0004
2.2,车型1_001,车型1,G1_车型1_001_0006,G1,standard,210,180,160,60,30,40,12.00,LHW,2,G1_车型1_001_0005
2.2,车型1_001,车型1,G1_车型1_001_0007,G1,standard,290,180,40,60,30,40,12.00,LHW,2,G1_车型1_001_0002
2.2,车型1_001,车型1,G1_车型1_001_0008,G1,standard,290,180,80,60,30,40,12.00,LHW,2,G1_车型1_001_0007
2.2,车型1_001,车型1,G1_车型1_001_0009,G1,standard,290,180,120,60,30,40,12.00,LHW,2,G1_车型1_001_0008
2.2,车型1_001,车型1,G1_车型1_001_0010,G1,standard,290,180,160,60,30,40,12.00,LHW,2,G1_车型1_001_0009
2.2,车型1_002,车型1,G3_车型1_002_0001,G3,fragile,0,0,0,70,50,40,15.00,LWH,1,
2.2,车型1_002,车型1,G3_车型1_002_0002,G3,fragile,0,50,0,70,50,40,15.00,LWH,1,
2.2,车型1_002,车型1,G3_车型1_002_0003,G3,fragile,0,100,0,70,50,40,15.00,LWH,1,
2.2,车型1_002,车型1,G3_车型1_002_0004,G3,fragile,0,150,0,70,50,40,15.00,LWH,1,
2.2,车型1_002,车型1,G3_车型1_002_0005,G3,fragile,70,0,0,70,50,40,15.00,LWH,1,
2.2,车型1_002,车型1,G3_车型1_002_0006,G3,fragile,70,50,0,70,50,40,15.00,LWH,1,
2.2,车型1_002,车型1,G3_车型1_002_0007,G3,fragile,70,100,0,70,50,40,15.00,LWH,1,
2.2,车型1_002,车型1,G3_车型1_002_0008,G3,fragile,70,150,0,70,50,40,15.00,LWH,1,
2.2,车型1_002,车型1,G3_车型1_002_0009,G3,fragile,140,0,0,70,50,40,15.00,LWH,1,
2.2,车型1_002,车型1,G3_车型1_002_0010,G3,fragile,140,50,0,70,50,40,15.00,LWH,1,
2.2,车型1_002,车型1,G3_车型1_002_0011,G3,fragile,140,100,0,70,50,40,15.00,LWH,1,
2.2,车型1_002,车型1,G3_车型1_002_0012,G3,fragile,140,150,0,70,50,40,15.00,LWH,1,
2.2,车型1_002,车型1,G4_车型1_002_0001,G4,oriented,210,0,0,80,60,50,25.00,LWH,1,
2.2,车型1_002,车型1,G4_车型1_002_0002,G4,oriented,210,60,0,80,60,50,25.00,LWH,1,
2.2,车型1_002,车型1,G4_车型1_002_0003,G4,oriented,210,120,0,80,60,50,25.00,LWH,1,
2.2,车型1_002,车型1,G1_车型1_002_0001,G1,standard,210,180,0,60,30,40,12.00,LHW,2,
2.2,车型1_002,车型1,G4_车型1_002_0004,G4,oriented,290,0,0,80,60,50,25.00,LWH,1,
2.2,车型1_002,车型1,G4_车型1_002_0005,G4,oriented,290,60,0,80,60,50,25.00,LWH,1,
2.2,车型1_002,车型1,G4_车型1_002_0006,G4,oriented,290,120,0,80,60,50,25.00,LWH,1,
2.2,车型1_002,车型1,G1_车型1_002_0002,G1,standard,290,180,0,60,30,40,12.00,LHW,2,
2.2,车型1_002,车型1,G3_车型1_002_0013,G3,fragile,370,0,0,50,70,40,15.00,WLH,2,
2.2,车型1_002,车型1,G3_车型1_002_0014,G3,fragile,370,70,0,50,70,40,15.00,WLH,2,
2.2,车型1_002,车型1,G3_车型1_002_0015,G3,fragile,370,140,0,50,70,40,15.00,WLH,2,
2.2,车型1_002,车型1,G4_车型1_002_0007,G4,oriented,210,0,50,80,60,50,25.00,LWH,1,G4_车型1_002_0001
2.2,车型1_002,车型1,G4_车型1_002_0008,G4,oriented,290,0,50,80,60,50,25.00,LWH,1,G4_车型1_002_0004
2.2,车型1_002,车型1,G4_车型1_002_0009,G4,oriented,210,60,50,80,60,50,25.00,LWH,1,G4_车型1_002_0002
2.2,车型1_002,车型1,G4_车型1_002_0010,G4,oriented,290,60,50,80,60,50,25.00,LWH,1,G4_车型1_002_0005
2.2,车型1_002,车型1,G4_车型1_002_0011,G4,oriented,210,120,50,80,60,50,25.00,LWH,1,G4_车型1_002_0003
2.2,车型1_002,车型1,G4_车型1_002_0012,G4,oriented,290,120,50,80,60,50,25.00,LWH,1,G4_车型1_002_0006
2.2,车型1_002,车型1,G4_车型1_002_0013,G4,oriented,210,0,100,80,60,50,25.00,LWH,1,G4_车型1_002_0007
2.2,车型1_002,车型1,G4_车型1_002_0014,G4,oriented,290,0,100,80,60,50,25.00,LWH,1,G4_车型1_002_0008
2.2,车型1_002,车型1,G4_车型1_002_0015,G4,oriented,210,60,100,80,60,50,25.00,LWH,1,G4_车型1_002_0009
2.2,车型1_002,车型1,G4_车型1_002_0016,G4,oriented,290,60,100,80,60,50,25.00,LWH,1,G4_车型1_002_0010
2.2,车型1_002,车型1,G4_车型1_002_0017,G4,oriented,210,120,100,80,60,50,25.00,LWH,1,G4_车型1_002_0011
2.2,车型1_002,车型1,G4_车型1_002_0018,G4,oriented,290,120,100,80,60,50,25.00,LWH,1,G4_车型1_002_0012
2.2,车型1_002,车型1,G4_车型1_002_0019,G4,oriented,210,0,150,80,60,50,25.00,LWH,1,G4_车型1_002_0013
2.2,车型1_002,车型1,G4_车型1_002_0020,G4,oriented,290,0,150,80,60,50,25.00,LWH,1,G4_车型1_002_0014
2.2,车型1_002,车型1,G4_车型1_002_0021,G4,oriented,210,60,150,80,60,50,25.00,LWH,1,G4_车型1_002_0015
2.2,车型1_002,车型1,G4_车型1_002_0022,G4,oriented,290,60,150,80,60,50,25.00,LWH,1,G4_车型1_002_0016
2.2,车型1_002,车型1,G4_车型1_002_0023,G4,oriented,210,120,150,80,60,50,25.00,LWH,1,G4_车型1_002_0017
2.2,车型1_002,车型1,G4_车型1_002_0024,G4,oriented,290,120,150,80,60,50,25.00,LWH,1,G4_车型1_002_0018
2.2,车型1_002,车型1,G1_车型1_002_0003,G1,standard,210,180,40,60,30,40,12.00,LHW,2,G1_车型1_002_0001
2.2,车型1_002,车型1,G1_车型1_002_0004,G1,standard,210,180,80,60,30,40,12.00,LHW,2,G1_车型1_002_0003
2.2,车型1_002,车型1,G1_车型1_002_0005,G1,standard,210,180,120,60,30,40,12.00,LHW,2,G1_车型1_002_0004
2.2,车型1_002,车型1,G1_车型1_002_0006,G1,standard,210,180,160,60,30,40,12.00,LHW,2,G1_车型1_002_0005
2.2,车型1_002,车型1,G1_车型1_002_0007,G1,standard,290,180,40,60,30,40,12.00,LHW,2,G1_车型1_002_0002
2.2,车型1_002,车型1,G1_车型1_002_0008,G1,standard,290,180,80,60,30,40,12.00,LHW,2,G1_车型1_002_0007
2.2,车型1_002,车型1,G1_车型1_002_0009,G1,standard,290,180,120,60,30,40,12.00,LHW,2,G1_车型1_002_0008
2.2,车型1_002,车型1,G1_车型1_002_0010,G1,standard,290,180,160,60,30,40,12.00,LHW,2,G1_车型1_002_0009
2.2,车型1_003,车型1,G3_车型1_003_0001,G3,fragile,0,0,0,70,50,40,15.00,LWH,1,
2.2,车型1_003,车型1,G3_车型1_003_0002,G3,fragile,0,50,0,70,50,40,15.00,LWH,1,
2.2,车型1_003,车型1,G3_车型1_003_0003,G3,fragile,0,100,0,70,50,40,15.00,LWH,1,
2.2,车型1_003,车型1,G3_车型1_003_0004,G3,fragile,0,150,0,70,50,40,15.00,LWH,1,
2.2,车型1_003,车型1,G5_车型1_003_0001,G5,oriented,70,0,0,40,40,60,18.00,LWH,1,
2.2,车型1_003,车型1,G5_车型1_003_0002,G5,oriented,70,40,0,40,40,60,18.00,LWH,1,
2.2,车型1_003,车型1,G5_车型1_003_0003,G5,oriented,70,80,0,40,40,60,18.00,LWH,1,
2.2,车型1_003,车型1,G5_车型1_003_0004,G5,oriented,70,120,0,40,40,60,18.00,LWH,1,
2.2,车型1_003,车型1,G5_车型1_003_0005,G5,oriented,70,160,0,40,40,60,18.00,LWH,1,
2.2,车型1_003,车型1,G5_车型1_003_0006,G5,oriented,70,0,60,40,40,60,18.00,LWH,1,G5_车型1_003_0001
2.2,车型1_003,车型1,G5_车型1_003_0007,G5,oriented,70,0,120,40,40,60,18.00,LWH,1,G5_车型1_003_0006
2.2,车型1_003,车型1,G5_车型1_003_0008,G5,oriented,70,40,60,40,40,60,18.00,LWH,1,G5_车型1_003_0002
2.2,车型1_003,车型1,G5_车型1_003_0009,G5,oriented,70,40,120,40,40,60,18.00,LWH,1,G5_车型1_003_0008
2.2,车型1_003,车型1,G5_车型1_003_0010,G5,oriented,70,80,60,40,40,60,18.00,LWH,1,G5_车型1_003_0003
2.2,车型1_003,车型1,G5_车型1_003_0011,G5,oriented,70,80,120,40,40,60,18.00,LWH,1,G5_车型1_003_0010
2.2,车型1_003,车型1,G5_车型1_003_0012,G5,oriented,70,120,60,40,40,60,18.00,LWH,1,G5_车型1_003_0004
2.2,车型1_003,车型1,G5_车型1_003_0013,G5,oriented,70,120,120,40,40,60,18.00,LWH,1,G5_车型1_003_0012
2.2,车型1_003,车型1,G5_车型1_003_0014,G5,oriented,70,160,60,40,40,60,18.00,LWH,1,G5_车型1_003_0005
2.2,车型1_003,车型1,G5_车型1_003_0015,G5,oriented,70,160,120,40,40,60,18.00,LWH,1,G5_车型1_003_0014
2.2,车型1_003,车型1,G3_车型1_003_0005,G3,fragile,110,0,0,70,50,40,15.00,LWH,1,
2.2,车型1_003,车型1,G3_车型1_003_0006,G3,fragile,110,50,0,70,50,40,15.00,LWH,1,
2.2,车型1_003,车型1,G3_车型1_003_0007,G3,fragile,110,100,0,70,50,40,15.00,LWH,1,
2.2,车型1_003,车型1,G3_车型1_003_0008,G3,fragile,110,150,0,70,50,40,15.00,LWH,1,
2.2,车型1_003,车型1,G3_车型1_003_0009,G3,fragile,180,0,0,70,50,40,15.00,LWH,1,
2.2,车型1_003,车型1,G3_车型1_003_0010,G3,fragile,180,50,0,70,50,40,15.00,LWH,1,
2.2,车型1_003,车型1,G3_车型1_003_0011,G3,fragile,180,100,0,70,50,40,15.00,LWH,1,
2.2,车型1_003,车型1,G3_车型1_003_0012,G3,fragile,180,150,0,70,50,40,15.00,LWH,1,
2.2,车型1_003,车型1,G4_车型1_003_0001,G4,oriented,250,0,0,80,60,50,25.00,LWH,1,
2.2,车型1_003,车型1,G4_车型1_003_0002,G4,oriented,250,60,0,80,60,50,25.00,LWH,1,
2.2,车型1_003,车型1,G4_车型1_003_0003,G4,oriented,250,120,0,80,60,50,25.00,LWH,1,
2.2,车型1_003,车型1,G1_车型1_003_0001,G1,standard,250,180,0,60,30,40,12.00,LHW,2,
2.2,车型1_003,车型1,G4_车型1_003_0004,G4,oriented,330,0,0,80,60,50,25.00,LWH,1,
2.2,车型1_003,车型1,G4_车型1_003_0005,G4,oriented,330,60,0,80,60,50,25.00,LWH,1,
2.2,车型1_003,车型1,G4_车型1_003_0006,G4,oriented,330,120,0,80,60,50,25.00,LWH,1,
2.2,车型1_003,车型1,G1_车型1_003_0002,G1,standard,330,180,0,60,30,40,12.00,LHW,2,
2.2,车型1_003,车型1,G1_车型1_003_0003,G1,standard,250,180,40,60,30,40,12.00,LHW,2,G1_车型1_003_0001
2.2,车型1_003,车型1,G1_车型1_003_0004,G1,standard,330,180,40,60,30,40,12.00,LHW,2,G1_车型1_003_0002
2.2,车型1_003,车型1,G4_车型1_003_0007,G4,oriented,250,0,50,80,60,50,25.00,LWH,1,G4_车型1_003_0001
2.2,车型1_003,车型1,G4_车型1_003_0008,G4,oriented,330,0,50,80,60,50,25.00,LWH,1,G4_车型1_003_0004
2.2,车型1_003,车型1,G4_车型1_003_0009,G4,oriented,250,60,50,80,60,50,25.00,LWH,1,G4_车型1_003_0002
2.2,车型1_003,车型1,G4_车型1_003_0010,G4,oriented,330,60,50,80,60,50,25.00,LWH,1,G4_车型1_003_0005
2.2,车型1_003,车型1,G4_车型1_003_0011,G4,oriented,250,120,50,80,60,50,25.00,LWH,1,G4_车型1_003_0003
2.2,车型1_003,车型1,G4_车型1_003_0012,G4,oriented,330,120,50,80,60,50,25.00,LWH,1,G4_车型1_003_0006
2.2,车型1_003,车型1,G1_车型1_003_0005,G1,standard,250,180,80,60,30,40,12.00,LHW,2,G1_车型1_003_0003
2.2,车型1_003,车型1,G1_车型1_003_0006,G1,standard,330,180,80,60,30,40,12.00,LHW,2,G1_车型1_003_0004
2.2,车型1_003,车型1,G4_车型1_003_0013,G4,oriented,250,0,100,80,60,50,25.00,LWH,1,G4_车型1_003_0007
2.2,车型1_003,车型1,G4_车型1_003_0014,G4,oriented,330,0,100,80,60,50,25.00,LWH,1,G4_车型1_003_0008
2.2,车型1_003,车型1,G4_车型1_003_0015,G4,oriented,250,60,100,80,60,50,25.00,LWH,1,G4_车型1_003_0009
2.2,车型1_003,车型1,G4_车型1_003_0016,G4,oriented,330,60,100,80,60,50,25.00,LWH,1,G4_车型1_003_0010
2.2,车型1_003,车型1,G4_车型1_003_0017,G4,oriented,250,120,100,80,60,50,25.00,LWH,1,G4_车型1_003_0011
2.2,车型1_003,车型1,G4_车型1_003_0018,G4,oriented,330,120,100,80,60,50,25.00,LWH,1,G4_车型1_003_0012
2.2,车型1_003,车型1,G1_车型1_003_0007,G1,standard,250,180,120,60,30,40,12.00,LHW,2,G1_车型1_003_0005
2.2,车型1_003,车型1,G1_车型1_003_0008,G1,standard,330,180,120,60,30,40,12.00,LHW,2,G1_车型1_003_0006
2.2,车型1_003,车型1,G4_车型1_003_0019,G4,oriented,250,0,150,80,60,50,25.00,LWH,1,G4_车型1_003_0013
2.2,车型1_003,车型1,G4_车型1_003_0020,G4,oriented,330,0,150,80,60,50,25.00,LWH,1,G4_车型1_003_0014
2.2,车型1_003,车型1,G4_车型1_003_0021,G4,oriented,250,60,150,80,60,50,25.00,LWH,1,G4_车型1_003_0015
2.2,车型1_003,车型1,G4_车型1_003_0022,G4,oriented,330,60,150,80,60,50,25.00,LWH,1,G4_车型1_003_0016
2.2,车型1_003,车型1,G4_车型1_003_0023,G4,oriented,250,120,150,80,60,50,25.00,LWH,1,G4_车型1_003_0017
2.2,车型1_003,车型1,G4_车型1_003_0024,G4,oriented,330,120,150,80,60,50,25.00,LWH,1,G4_车型1_003_0018
2.2,车型1_003,车型1,G1_车型1_003_0009,G1,standard,250,180,160,60,30,40,12.00,LHW,2,G1_车型1_003_0007
2.2,车型1_003,车型1,G1_车型1_003_0010,G1,standard,330,180,160,60,30,40,12.00,LHW,2,G1_车型1_003_0008
2.2,车型1_004,车型1,G5_车型1_004_0001,G5,oriented,0,0,0,40,40,60,18.00,LWH,1,
2.2,车型1_004,车型1,G5_车型1_004_0002,G5,oriented,0,40,0,40,40,60,18.00,LWH,1,
2.2,车型1_004,车型1,G5_车型1_004_0003,G5,oriented,0,80,0,40,40,60,18.00,LWH,1,
2.2,车型1_004,车型1,G5_车型1_004_0004,G5,oriented,0,120,0,40,40,60,18.00,LWH,1,
2.2,车型1_004,车型1,G5_车型1_004_0005,G5,oriented,0,160,0,40,40,60,18.00,LWH,1,
2.2,车型1_004,车型1,G5_车型1_004_0006,G5,oriented,0,0,60,40,40,60,18.00,LWH,1,G5_车型1_004_0001
2.2,车型1_004,车型1,G5_车型1_004_0007,G5,oriented,0,0,120,40,40,60,18.00,LWH,1,G5_车型1_004_0006
2.2,车型1_004,车型1,G5_车型1_004_0008,G5,oriented,0,40,60,40,40,60,18.00,LWH,1,G5_车型1_004_0002
2.2,车型1_004,车型1,G5_车型1_004_0009,G5,oriented,0,40,120,40,40,60,18.00,LWH,1,G5_车型1_004_0008
2.2,车型1_004,车型1,G5_车型1_004_0010,G5,oriented,0,80,60,40,40,60,18.00,LWH,1,G5_车型1_004_0003
2.2,车型1_004,车型1,G5_车型1_004_0011,G5,oriented,0,80,120,40,40,60,18.00,LWH,1,G5_车型1_004_0010
2.2,车型1_004,车型1,G5_车型1_004_0012,G5,oriented,0,120,60,40,40,60,18.00,LWH,1,G5_车型1_004_0004
2.2,车型1_004,车型1,G5_车型1_004_0013,G5,oriented,0,120,120,40,40,60,18.00,LWH,1,G5_车型1_004_0012
2.2,车型1_004,车型1,G5_车型1_004_0014,G5,oriented,0,160,60,40,40,60,18.00,LWH,1,G5_车型1_004_0005
2.2,车型1_004,车型1,G5_车型1_004_0015,G5,oriented,0,160,120,40,40,60,18.00,LWH,1,G5_车型1_004_0014
2.2,车型1_004,车型1,G3_车型1_004_0001,G3,fragile,40,0,0,70,50,40,15.00,LWH,1,
2.2,车型1_004,车型1,G3_车型1_004_0002,G3,fragile,40,50,0,70,50,40,15.00,LWH,1,
2.2,车型1_004,车型1,G3_车型1_004_0003,G3,fragile,40,100,0,70,50,40,15.00,LWH,1,
2.2,车型1_004,车型1,G3_车型1_004_0004,G3,fragile,40,150,0,70,50,40,15.00,LWH,1,
2.2,车型1_004,车型1,G3_车型1_004_0005,G3,fragile,110,0,0,70,50,40,15.00,LWH,1,
2.2,车型1_004,车型1,G3_车型1_004_0006,G3,fragile,110,50,0,70,50,40,15.00,LWH,1,
2.2,车型1_004,车型1,G3_车型1_004_0007,G3,fragile,110,100,0,70,50,40,15.00,LWH,1,
2.2,车型1_004,车型1,G3_车型1_004_0008,G3,fragile,110,150,0,70,50,40,15.00,LWH,1,
2.2,车型1_004,车型1,G3_车型1_004_0009,G3,fragile,180,0,0,70,50,40,15.00,LWH,1,
2.2,车型1_004,车型1,G3_车型1_004_0010,G3,fragile,180,50,0,70,50,40,15.00,LWH,1,
2.2,车型1_004,车型1,G3_车型1_004_0011,G3,fragile,180,100,0,70,50,40,15.00,LWH,1,
2.2,车型1_004,车型1,G3_车型1_004_0012,G3,fragile,180,150,0,70,50,40,15.00,LWH,1,
2.2,车型1_004,车型1,G3_车型1_004_0013,G3,fragile,250,0,0,70,50,40,15.00,LWH,1,
2.2,车型1_004,车型1,G3_车型1_004_0014,G3,fragile,250,50,0,70,50,40,15.00,LWH,1,
2.2,车型1_004,车型1,G3_车型1_004_0015,G3,fragile,250,100,0,70,50,40,15.00,LWH,1,
2.2,车型1_004,车型1,G3_车型1_004_0016,G3,fragile,250,150,0,70,50,40,15.00,LWH,1,
2.2,车型1_004,车型1,G4_车型1_004_0001,G4,oriented,320,0,0,80,60,50,25.00,LWH,1,
2.2,车型1_004,车型1,G4_车型1_004_0002,G4,oriented,320,60,0,80,60,50,25.00,LWH,1,
2.2,车型1_004,车型1,G4_车型1_004_0003,G4,oriented,320,120,0,80,60,50,25.00,LWH,1,
2.2,车型1_004,车型1,G1_车型1_004_0001,G1,standard,320,180,0,60,30,40,12.00,LHW,2,
2.2,车型1_004,车型1,G1_车型1_004_0002,G1,standard,320,180,40,60,30,40,12.00,LHW,2,G1_车型1_004_0001
2.2,车型1_004,车型1,G4_车型1_004_0004,G4,oriented,320,0,50,80,60,50,25.00,LWH,1,G4_车型1_004_0001
2.2,车型1_004,车型1,G4_车型1_004_0005,G4,oriented,320,60,50,80,60,50,25.00,LWH,1,G4_车型1_004_0002
2.2,车型1_004,车型1,G4_车型1_004_0006,G4,oriented,320,120,50,80,60,50,25.00,LWH,1,G4_车型1_004_0003
2.2,车型1_004,车型1,G1_车型1_004_0003,G1,standard,320,180,80,60,30,40,12.00,LHW,2,G1_车型1_004_0002
2.2,车型1_004,车型1,G4_车型1_004_0007,G4,oriented,320,0,100,80,60,50,25.00,LWH,1,G4_车型1_004_0004
2.2,车型1_004,车型1,G4_车型1_004_0008,G4,oriented,320,60,100,80,60,50,25.00,LWH,1,G4_车型1_004_0005
2.2,车型1_004,车型1,G4_车型1_004_0009,G4,oriented,320,120,100,80,60,50,25.00,LWH,1,G4_车型1_004_0006
2.2,车型1_004,车型1,G1_车型1_004_0004,G1,standard,320,180,120,60,30,40,12.00,LHW,2,G1_车型1_004_0003
2.2,车型1_004,车型1,G4_车型1_004_0010,G4,oriented,320,0,150,80,60,50,25.00,LWH,1,G4_车型1_004_0007
2.2,车型1_004,车型1,G4_车型1_004_0011,G4,oriented,320,60,150,80,60,50,25.00,LWH,1,G4_车型1_004_0008
2.2,车型1_004,车型1,G4_车型1_004_0012,G4,oriented,320,120,150,80,60,50,25.00,LWH,1,G4_车型1_004_0009
2.2,车型1_004,车型1,G1_车型1_004_0005,G1,standard,320,180,160,60,30,40,12.00,LHW,2,G1_车型1_004_0004
2.2,车型1_005,车型1,G5_车型1_005_0001,G5,oriented,0,0,0,40,40,60,18.00,LWH,1,
2.2,车型1_005,车型1,G5_车型1_005_0002,G5,oriented,0,40,0,40,40,60,18.00,LWH,1,
2.2,车型1_005,车型1,G5_车型1_005_0003,G5,oriented,0,80,0,40,40,60,18.00,LWH,1,
2.2,车型1_005,车型1,G5_车型1_005_0004,G5,oriented,0,120,0,40,40,60,18.00,LWH,1,
2.2,车型1_005,车型1,G5_车型1_005_0005,G5,oriented,0,160,0,40,40,60,18.00,LWH,1,
2.2,车型1_005,车型1,G5_车型1_005_0006,G5,oriented,0,0,60,40,40,60,18.00,LWH,1,G5_车型1_005_0001
2.2,车型1_005,车型1,G5_车型1_005_0007,G5,oriented,0,0,120,40,40,60,18.00,LWH,1,G5_车型1_005_0006
2.2,车型1_005,车型1,G5_车型1_005_0008,G5,oriented,0,40,60,40,40,60,18.00,LWH,1,G5_车型1_005_0002
2.2,车型1_005,车型1,G5_车型1_005_0009,G5,oriented,0,40,120,40,40,60,18.00,LWH,1,G5_车型1_005_0008
2.2,车型1_005,车型1,G5_车型1_005_0010,G5,oriented,0,80,60,40,40,60,18.00,LWH,1,G5_车型1_005_0003
2.2,车型1_005,车型1,G5_车型1_005_0011,G5,oriented,0,80,120,40,40,60,18.00,LWH,1,G5_车型1_005_0010
2.2,车型1_005,车型1,G5_车型1_005_0012,G5,oriented,0,120,60,40,40,60,18.00,LWH,1,G5_车型1_005_0004
2.2,车型1_005,车型1,G5_车型1_005_0013,G5,oriented,0,120,120,40,40,60,18.00,LWH,1,G5_车型1_005_0012
2.2,车型1_005,车型1,G5_车型1_005_0014,G5,oriented,0,160,60,40,40,60,18.00,LWH,1,G5_车型1_005_0005
2.2,车型1_005,车型1,G5_车型1_005_0015,G5,oriented,0,160,120,40,40,60,18.00,LWH,1,G5_车型1_005_0014
2.2,车型1_005,车型1,G5_车型1_005_0016,G5,oriented,40,0,0,40,40,60,18.00,LWH,1,
2.2,车型1_005,车型1,G5_车型1_005_0017,G5,oriented,40,40,0,40,40,60,18.00,LWH,1,
2.2,车型1_005,车型1,G5_车型1_005_0018,G5,oriented,40,80,0,40,40,60,18.00,LWH,1,
2.2,车型1_005,车型1,G5_车型1_005_0019,G5,oriented,40,120,0,40,40,60,18.00,LWH,1,
2.2,车型1_005,车型1,G5_车型1_005_0020,G5,oriented,40,160,0,40,40,60,18.00,LWH,1,
2.2,车型1_005,车型1,G5_车型1_005_0021,G5,oriented,40,0,60,40,40,60,18.00,LWH,1,G5_车型1_005_0016
2.2,车型1_005,车型1,G5_车型1_005_0022,G5,oriented,40,0,120,40,40,60,18.00,LWH,1,G5_车型1_005_0021
2.2,车型1_005,车型1,G5_车型1_005_0023,G5,oriented,40,40,60,40,40,60,18.00,LWH,1,G5_车型1_005_0017
2.2,车型1_005,车型1,G5_车型1_005_0024,G5,oriented,40,40,120,40,40,60,18.00,LWH,1,G5_车型1_005_0023
2.2,车型1_005,车型1,G5_车型1_005_0025,G5,oriented,40,80,60,40,40,60,18.00,LWH,1,G5_车型1_005_0018
2.2,车型1_005,车型1,G5_车型1_005_0026,G5,oriented,40,80,120,40,40,60,18.00,LWH,1,G5_车型1_005_0025
2.2,车型1_005,车型1,G5_车型1_005_0027,G5,oriented,40,120,60,40,40,60,18.00,LWH,1,G5_车型1_005_0019
2.2,车型1_005,车型1,G5_车型1_005_0028,G5,oriented,40,120,120,40,40,60,18.00,LWH,1,G5_车型1_005_0027
2.2,车型1_005,车型1,G5_车型1_005_0029,G5,oriented,40,160,60,40,40,60,18.00,LWH,1,G5_车型1_005_0020
2.2,车型1_005,车型1,G5_车型1_005_0030,G5,oriented,40,160,120,40,40,60,18.00,LWH,1,G5_车型1_005_0029
2.2,车型1_005,车型1,G3_车型1_005_0001,G3,fragile,80,0,0,70,50,40,15.00,LWH,1,
2.2,车型1_005,车型1,G3_车型1_005_0002,G3,fragile,80,50,0,70,50,40,15.00,LWH,1,
2.2,车型1_005,车型1,G3_车型1_005_0003,G3,fragile,80,100,0,70,50,40,15.00,LWH,1,
2.2,车型1_005,车型1,G3_车型1_005_0004,G3,fragile,80,150,0,70,50,40,15.00,LWH,1,
2.2,车型1_005,车型1,G3_车型1_005_0005,G3,fragile,150,0,0,70,50,40,15.00,LWH,1,
2.2,车型1_005,车型1,G3_车型1_005_0006,G3,fragile,150,50,0,70,50,40,15.00,LWH,1,
2.2,车型1_005,车型1,G3_车型1_005_0007,G3,fragile,150,100,0,70,50,40,15.00,LWH,1,
2.2,车型1_005,车型1,G3_车型1_005_0008,G3,fragile,150,150,0,70,50,40,15.00,LWH,1,
2.2,车型1_005,车型1,G3_车型1_005_0009,G3,fragile,220,0,0,70,50,40,15.00,LWH,1,
2.2,车型1_005,车型1,G3_车型1_005_0010,G3,fragile,220,50,0,70,50,40,15.00,LWH,1,
2.2,车型1_005,车型1,G3_车型1_005_0011,G3,fragile,220,100,0,70,50,40,15.00,LWH,1,
2.2,车型1_005,车型1,G3_车型1_005_0012,G3,fragile,220,150,0,70,50,40,15.00,LWH,1,
2.2,车型1_005,车型1,G4_车型1_005_0001,G4,oriented,290,0,0,80,60,50,25.00,LWH,1,
2.2,车型1_005,车型1,G4_车型1_005_0002,G4,oriented,290,60,0,80,60,50,25.00,LWH,1,
2.2,车型1_005,车型1,G4_车型1_005_0003,G4,oriented,290,120,0,80,60,50,25.00,LWH,1,
2.2,车型1_005,车型1,G1_车型1_005_0001,G1,standard,290,180,0,60,30,40,12.00,LHW,2,
2.2,车型1_005,车型1,G3_车型1_005_0013,G3,fragile,370,0,0,50,70,40,15.00,WLH,2,
2.2,车型1_005,车型1,G3_车型1_005_0014,G3,fragile,370,70,0,50,70,40,15.00,WLH,2,
2.2,车型1_005,车型1,G3_车型1_005_0015,G3,fragile,370,140,0,50,70,40,15.00,WLH,2,
2.2,车型1_005,车型1,G4_车型1_005_0004,G4,oriented,290,0,50,80,60,50,25.00,LWH,1,G4_车型1_005_0001
2.2,车型1_005,车型1,G4_车型1_005_0005,G4,oriented,290,60,50,80,60,50,25.00,LWH,1,G4_车型1_005_0002
2.2,车型1_005,车型1,G4_车型1_005_0006,G4,oriented,290,120,50,80,60,50,25.00,LWH,1,G4_车型1_005_0003
2.2,车型1_005,车型1,G4_车型1_005_0007,G4,oriented,290,0,100,80,60,50,25.00,LWH,1,G4_车型1_005_0004
2.2,车型1_005,车型1,G4_车型1_005_0008,G4,oriented,290,60,100,80,60,50,25.00,LWH,1,G4_车型1_005_0005
2.2,车型1_005,车型1,G4_车型1_005_0009,G4,oriented,290,120,100,80,60,50,25.00,LWH,1,G4_车型1_005_0006
2.2,车型1_005,车型1,G4_车型1_005_0010,G4,oriented,290,0,150,80,60,50,25.00,LWH,1,G4_车型1_005_0007
2.2,车型1_005,车型1,G4_车型1_005_0011,G4,oriented,290,60,150,80,60,50,25.00,LWH,1,G4_车型1_005_0008
2.2,车型1_005,车型1,G4_车型1_005_0012,G4,oriented,290,120,150,80,60,50,25.00,LWH,1,G4_车型1_005_0009
2.2,车型1_005,车型1,G1_车型1_005_0002,G1,standard,290,180,40,60,30,40,12.00,LHW,2,G1_车型1_005_0001
2.2,车型1_005,车型1,G1_车型1_005_0003,G1,standard,290,180,80,60,30,40,12.00,LHW,2,G1_车型1_005_0002
2.2,车型1_005,车型1,G1_车型1_005_0004,G1,standard,290,180,120,60,30,40,12.00,LHW,2,G1_车型1_005_0003
2.2,车型1_005,车型1,G1_车型1_005_0005,G1,standard,290,180,160,60,30,40,12.00,LHW,2,G1_车型1_005_0004
2.2,车型1_006,车型1,G5_车型1_006_0001,G5,oriented,0,0,0,40,40,60,18.00,LWH,1,
2.2,车型1_006,车型1,G5_车型1_006_0002,G5,oriented,0,40,0,40,40,60,18.00,LWH,1,
2.2,车型1_006,车型1,G5_车型1_006_0003,G5,oriented,0,80,0,40,40,60,18.00,LWH,1,
2.2,车型1_006,车型1,G5_车型1_006_0004,G5,oriented,0,120,0,40,40,60,18.00,LWH,1,
2.2,车型1_006,车型1,G5_车型1_006_0005,G5,oriented,0,160,0,40,40,60,18.00,LWH,1,
2.2,车型1_006,车型1,G5_车型1_006_0006,G5,oriented,0,0,60,40,40,60,18.00,LWH,1,G5_车型1_006_0001
2.2,车型1_006,车型1,G5_车型1_006_0007,G5,oriented,0,0,120,40,40,60,18.00,LWH,1,G5_车型1_006_0006
2.2,车型1_006,车型1,G5_车型1_006_0008,G5,oriented,0,40,60,40,40,60,18.00,LWH,1,G5_车型1_006_0002
2.2,车型1_006,车型1,G5_车型1_006_0009,G5,oriented,0,40,120,40,40,60,18.00,LWH,1,G5_车型1_006_0008
2.2,车型1_006,车型1,G5_车型1_006_0010,G5,oriented,0,80,60,40,40,60,18.00,LWH,1,G5_车型1_006_0003
2.2,车型1_006,车型1,G5_车型1_006_0011,G5,oriented,0,80,120,40,40,60,18.00,LWH,1,G5_车型1_006_0010
2.2,车型1_006,车型1,G5_车型1_006_0012,G5,oriented,0,120,60,40,40,60,18.00,LWH,1,G5_车型1_006_0004
2.2,车型1_006,车型1,G5_车型1_006_0013,G5,oriented,0,120,120,40,40,60,18.00,LWH,1,G5_车型1_006_0012
2.2,车型1_006,车型1,G5_车型1_006_0014,G5,oriented,0,160,60,40,40,60,18.00,LWH,1,G5_车型1_006_0005
2.2,车型1_006,车型1,G5_车型1_006_0015,G5,oriented,0,160,120,40,40,60,18.00,LWH,1,G5_车型1_006_0014
2.2,车型1_006,车型1,G3_车型1_006_0001,G3,fragile,40,0,0,70,50,40,15.00,LWH,1,
2.2,车型1_006,车型1,G3_车型1_006_0002,G3,fragile,40,50,0,70,50,40,15.00,LWH,1,
2.2,车型1_006,车型1,G3_车型1_006_0003,G3,fragile,40,100,0,70,50,40,15.00,LWH,1,
2.2,车型1_006,车型1,G3_车型1_006_0004,G3,fragile,40,150,0,70,50,40,15.00,LWH,1,
2.2,车型1_006,车型1,G5_车型1_006_0016,G5,oriented,110,0,0,40,40,60,18.00,LWH,1,
2.2,车型1_006,车型1,G5_车型1_006_0017,G5,oriented,110,40,0,40,40,60,18.00,LWH,1,
2.2,车型1_006,车型1,G5_车型1_006_0018,G5,oriented,110,80,0,40,40,60,18.00,LWH,1,
2.2,车型1_006,车型1,G5_车型1_006_0019,G5,oriented,110,120,0,40,40,60,18.00,LWH,1,
2.2,车型1_006,车型1,G5_车型1_006_0020,G5,oriented,110,160,0,40,40,60,18.00,LWH,1,
2.2,车型1_006,车型1,G5_车型1_006_0021,G5,oriented,110,0,60,40,40,60,18.00,LWH,1,G5_车型1_006_0016
2.2,车型1_006,车型1,G5_车型1_006_0022,G5,oriented,110,40,60,40,40,60,18.00,LWH,1,G5_车型1_006_0017
2.2,车型1_006,车型1,G5_车型1_006_0023,G5,oriented,110,0,120,40,40,60,18.00,LWH,1,G5_车型1_006_0021
2.2,车型1_006,车型1,G5_车型1_006_0024,G5,oriented,110,40,120,40,40,60,18.00,LWH,1,G5_车型1_006_0022
2.2,车型1_006,车型1,G5_车型1_006_0025,G5,oriented,110,80,60,40,40,60,18.00,LWH,1,G5_车型1_006_0018
2.2,车型1_006,车型1,G5_车型1_006_0026,G5,oriented,110,80,120,40,40,60,18.00,LWH,1,G5_车型1_006_0025
2.2,车型1_006,车型1,G5_车型1_006_0027,G5,oriented,110,120,60,40,40,60,18.00,LWH,1,G5_车型1_006_0019
2.2,车型1_006,车型1,G5_车型1_006_0028,G5,oriented,110,120,120,40,40,60,18.00,LWH,1,G5_车型1_006_0027
2.2,车型1_006,车型1,G5_车型1_006_0029,G5,oriented,110,160,60,40,40,60,18.00,LWH,1,G5_车型1_006_0020
2.2,车型1_006,车型1,G5_车型1_006_0030,G5,oriented,110,160,120,40,40,60,18.00,LWH,1,G5_车型1_006_0029
2.2,车型1_006,车型1,G3_车型1_006_0005,G3,fragile,150,0,0,70,50,40,15.00,LWH,1,
2.2,车型1_006,车型1,G3_车型1_006_0006,G3,fragile,150,50,0,70,50,40,15.00,LWH,1,
2.2,车型1_006,车型1,G3_车型1_006_0007,G3,fragile,150,100,0,70,50,40,15.00,LWH,1,
2.2,车型1_006,车型1,G3_车型1_006_0008,G3,fragile,150,150,0,70,50,40,15.00,LWH,1,
2.2,车型1_006,车型1,G4_车型1_006_0001,G4,oriented,220,0,0,80,60,50,25.00,LWH,1,
2.2,车型1_006,车型1,G4_车型1_006_0002,G4,oriented,220,60,0,80,60,50,25.00,LWH,1,
2.2,车型1_006,车型1,G4_车型1_006_0003,G4,oriented,220,120,0,80,60,50,25.00,LWH,1,
2.2,车型1_006,车型1,G1_车型1_006_0001,G1,standard,220,180,0,60,30,40,12.00,LHW,2,
2.2,车型1_006,车型1,G4_车型1_006_0004,G4,oriented,300,0,0,80,60,50,25.00,LWH,1,
2.2,车型1_006,车型1,G4_车型1_006_0005,G4,oriented,300,60,0,80,60,50,25.00,LWH,1,
2.2,车型1_006,车型1,G4_车型1_006_0006,G4,oriented,300,120,0,80,60,50,25.00,LWH,1,
2.2,车型1_006,车型1,G1_车型1_006_0002,G1,standard,300,180,0,60,30,40,12.00,LHW,2,
2.2,车型1_006,车型1,G5_车型1_006_0031,G5,oriented,380,0,0,40,40,60,18.00,LWH,1,
2.2,车型1_006,车型1,G5_车型1_006_0032,G5,oriented,380,40,0,40,40,60,18.00,LWH,1,
2.2,车型1_006,车型1,G5_车型1_006_0033,G5,oriented,380,80,0,40,40,60,18.00,LWH,1,
2.2,车型1_006,车型1,G5_车型1_006_0034,G5,oriented,380,120,0,40,40,60,18.00,LWH,1,
2.2,车型1_006,车型1,G5_车型1_006_0035,G5,oriented,380,160,0,40,40,60,18.00,LWH,1,
2.2,车型1_006,车型1,G1_车型1_006_0003,G1,standard,220,180,40,60,30,40,12.00,LHW,2,G1_车型1_006_0001
2.2,车型1_006,车型1,G1_车型1_006_0004,G1,standard,300,180,40,60,30,40,12.00,LHW,2,G1_车型1_006_0002
2.2,车型1_006,车型1,G4_车型1_006_0007,G4,oriented,220,0,50,80,60,50,25.00,LWH,1,G4_车型1_006_0001
2.2,车型1_006,车型1,G4_车型1_006_0008,G4,oriented,300,0,50,80,60,50,25.00,LWH,1,G4_车型1_006_0004
2.2,车型1_006,车型1,G4_车型1_006_0009,G4,oriented,220,60,50,80,60,50,25.00,LWH,1,G4_车型1_006_0002
2.2,车型1_006,车型1,G4_车型1_006_0010,G4,oriented,300,60,50,80,60,50,25.00,LWH,1,G4_车型1_006_0005
2.2,车型1_006,车型1,G4_车型1_006_0011,G4,oriented,220,120,50,80,60,50,25.00,LWH,1,G4_车型1_006_0003
2.2,车型1_006,车型1,G4_车型1_006_0012,G4,oriented,300,120,50,80,60,50,25.00,LWH,1,G4_车型1_006_0006
2.2,车型1_006,车型1,G5_车型1_006_0036,G5,oriented,380,0,60,40,40,60,18.00,LWH,1,G5_车型1_006_0031
2.2,车型1_006,车型1,G5_车型1_006_0037,G5,oriented,380,40,60,40,40,60,18.00,LWH,1,G5_车型1_006_0032
2.2,车型1_006,车型1,G5_车型1_006_0038,G5,oriented,380,80,60,40,40,60,18.00,LWH,1,G5_车型1_006_0033
2.2,车型1_006,车型1,G1_车型1_006_0005,G1,standard,220,180,80,60,30,40,12.00,LHW,2,G1_车型1_006_0003
2.2,车型1_006,车型1,G1_车型1_006_0006,G1,standard,300,180,80,60,30,40,12.00,LHW,2,G1_车型1_006_0004
2.2,车型1_006,车型1,G4_车型1_006_0013,G4,oriented,220,0,100,80,60,50,25.00,LWH,1,G4_车型1_006_0007
2.2,车型1_006,车型1,G4_车型1_006_0014,G4,oriented,300,0,100,80,60,50,25.00,LWH,1,G4_车型1_006_0008
2.2,车型1_006,车型1,G4_车型1_006_0015,G4,oriented,220,60,100,80,60,50,25.00,LWH,1,G4_车型1_006_0009
2.2,车型1_006,车型1,G4_车型1_006_0016,G4,oriented,300,60,100,80,60,50,25.00,LWH,1,G4_车型1_006_0010
2.2,车型1_006,车型1,G4_车型1_006_0017,G4,oriented,220,120,100,80,60,50,25.00,LWH,1,G4_车型1_006_0011
2.2,车型1_006,车型1,G4_车型1_006_0018,G4,oriented,300,120,100,80,60,50,25.00,LWH,1,G4_车型1_006_0012
2.2,车型1_006,车型1,G1_车型1_006_0007,G1,standard,220,180,120,60,30,40,12.00,LHW,2,G1_车型1_006_0005
2.2,车型1_006,车型1,G1_车型1_006_0008,G1,standard,300,180,120,60,30,40,12.00,LHW,2,G1_车型1_006_0006
2.2,车型1_006,车型1,G5_车型1_006_0039,G5,oriented,380,0,120,40,40,60,18.00,LWH,1,G5_车型1_006_0036
2.2,车型1_006,车型1,G5_车型1_006_0040,G5,oriented,380,40,120,40,40,60,18.00,LWH,1,G5_车型1_006_0037
2.2,车型1_006,车型1,G5_车型1_006_0041,G5,oriented,380,80,120,40,40,60,18.00,LWH,1,G5_车型1_006_0038
2.2,车型1_006,车型1,G4_车型1_006_0019,G4,oriented,220,0,150,80,60,50,25.00,LWH,1,G4_车型1_006_0013
2.2,车型1_006,车型1,G4_车型1_006_0020,G4,oriented,300,0,150,80,60,50,25.00,LWH,1,G4_车型1_006_0014
2.2,车型1_006,车型1,G4_车型1_006_0021,G4,oriented,220,60,150,80,60,50,25.00,LWH,1,G4_车型1_006_0015
2.2,车型1_006,车型1,G4_车型1_006_0022,G4,oriented,300,60,150,80,60,50,25.00,LWH,1,G4_车型1_006_0016
2.2,车型1_006,车型1,G4_车型1_006_0023,G4,oriented,220,120,150,80,60,50,25.00,LWH,1,G4_车型1_006_0017
2.2,车型1_006,车型1,G4_车型1_006_0024,G4,oriented,300,120,150,80,60,50,25.00,LWH,1,G4_车型1_006_0018
2.2,车型1_006,车型1,G1_车型1_006_0009,G1,standard,220,180,160,60,30,40,12.00,LHW,2,G1_车型1_006_0007
2.2,车型1_006,车型1,G1_车型1_006_0010,G1,standard,300,180,160,60,30,40,12.00,LHW,2,G1_车型1_006_0008
2.2,车型2_007,车型2,G2_车型2_007_0001,G2,standard,0,0,0,50,35,25,8.00,LWH,1,
2.2,车型2_007,车型2,G3_车型2_007_0001,G3,fragile,0,35,0,50,70,40,15.00,WLH,2,
2.2,车型2_007,车型2,G3_车型2_007_0002,G3,fragile,0,105,0,50,70,40,15.00,WLH,2,
2.2,车型2_007,车型2,G3_车型2_007_0003,G3,fragile,0,175,0,50,70,40,15.00,WLH,2,
2.2,车型2_007,车型2,G2_车型2_007_0002,G2,standard,50,0,0,50,35,25,8.00,LWH,1,
2.2,车型2_007,车型2,G3_车型2_007_0004,G3,fragile,50,35,0,50,70,40,15.00,WLH,2,
2.2,车型2_007,车型2,G3_车型2_007_0005,G3,fragile,50,105,0,50,70,40,15.00,WLH,2,
2.2,车型2_007,车型2,G3_车型2_007_0006,G3,fragile,50,175,0,50,70,40,15.00,WLH,2,
2.2,车型2_007,车型2,G2_车型2_007_0003,G2,standard,100,0,0,50,35,25,8.00,LWH,1,
2.2,车型2_007,车型2,G3_车型2_007_0007,G3,fragile,100,35,0,50,70,40,15.00,WLH,2,
2.2,车型2_007,车型2,G3_车型2_007_0008,G3,fragile,100,105,0,50,70,40,15.00,WLH,2,
2.2,车型2_007,车型2,G3_车型2_007_0009,G3,fragile,100,175,0,50,70,40,15.00,WLH,2,
2.2,车型2_007,车型2,G2_车型2_007_0004,G2,standard,150,0,0,50,35,25,8.00,LWH,1,
2.2,车型2_007,车型2,G3_车型2_007_0010,G3,fragile,150,35,0,50,70,40,15.00,WLH,2,
2.2,车型2_007,车型2,G3_车型2_007_0011,G3,fragile,150,105,0,50,70,40,15.00,WLH,2,
2.2,车型2_007,车型2,G3_车型2_007_0012,G3,fragile,150,175,0,50,70,40,15.00,WLH,2,
2.2,车型2_007,车型2,G2_车型2_007_0005,G2,standard,200,0,0,50,35,25,8.00,LWH,1,
2.2,车型2_007,车型2,G3_车型2_007_0013,G3,fragile,200,35,0,50,70,40,15.00,WLH,2,
2.2,车型2_007,车型2,G3_车型2_007_0014,G3,fragile,200,105,0,50,70,40,15.00,WLH,2,
2.2,车型2_007,车型2,G3_车型2_007_0015,G3,fragile,200,175,0,50,70,40,15.00,WLH,2,
2.2,车型2_007,车型2,G2_车型2_007_0006,G2,standard,250,0,0,50,35,25,8.00,LWH,1,
2.2,车型2_007,车型2,G3_车型2_007_0016,G3,fragile,250,35,0,50,70,40,15.00,WLH,2,
2.2,车型2_007,车型2,G3_车型2_007_0017,G3,fragile,250,105,0,50,70,40,15.00,WLH,2,
2.2,车型2_007,车型2,G3_车型2_007_0018,G3,fragile,250,175,0,50,70,40,15.00,WLH,2,
2.2,车型2_007,车型2,G2_车型2_007_0007,G2,standard,300,0,0,50,35,25,8.00,LWH,1,
2.2,车型2_007,车型2,G3_车型2_007_0019,G3,fragile,300,35,0,50,70,40,15.00,WLH,2,
2.2,车型2_007,车型2,G3_车型2_007_0020,G3,fragile,300,105,0,50,70,40,15.00,WLH,2,
2.2,车型2_007,车型2,G3_车型2_007_0021,G3,fragile,300,175,0,50,70,40,15.00,WLH,2,
2.2,车型2_007,车型2,G2_车型2_007_0008,G2,standard,350,0,0,50,35,25,8.00,LWH,1,
2.2,车型2_007,车型2,G3_车型2_007_0022,G3,fragile,350,35,0,50,70,40,15.00,WLH,2,
2.2,车型2_007,车型2,G3_车型2_007_0023,G3,fragile,350,105,0,50,70,40,15.00,WLH,2,
2.2,车型2_007,车型2,G3_车型2_007_0024,G3,fragile,350,175,0,50,70,40,15.00,WLH,2,
2.2,车型2_007,车型2,G2_车型2_007_0009,G2,standard,400,0,0,50,35,25,8.00,LWH,1,
2.2,车型2_007,车型2,G3_车型2_007_0025,G3,fragile,400,35,0,50,70,40,15.00,WLH,2,
2.2,车型2_007,车型2,G3_车型2_007_0026,G3,fragile,400,105,0,50,70,40,15.00,WLH,2,
2.2,车型2_007,车型2,G3_车型2_007_0027,G3,fragile,400,175,0,50,70,40,15.00,WLH,2,
2.2,车型2_007,车型2,G2_车型2_007_0010,G2,standard,450,0,0,50,35,25,8.00,LWH,1,
2.2,车型2_007,车型2,G3_车型2_007_0028,G3,fragile,450,35,0,50,70,40,15.00,WLH,2,
2.2,车型2_007,车型2,G3_车型2_007_0029,G3,fragile,450,105,0,50,70,40,15.00,WLH,2,
2.2,车型2_007,车型2,G3_车型2_007_0030,G3,fragile,450,175,0,50,70,40,15.00,WLH,2,
2.2,车型2_007,车型2,G2_车型2_007_0011,G2,standard,500,0,0,50,35,25,8.00,LWH,1,
2.2,车型2_007,车型2,G3_车型2_007_0031,G3,fragile,500,35,0,50,70,40,15.00,WLH,2,
2.2,车型2_007,车型2,G3_车型2_007_0032,G3,fragile,500,105,0,50,70,40,15.00,WLH,2,
2.2,车型2_007,车型2,G3_车型2_007_0033,G3,fragile,500,175,0,50,70,40,15.00,WLH,2,
2.2,车型2_007,车型2,G4_车型2_007_0001,G4,oriented,550,0,0,80,60,50,25.00,LWH,1,
2.2,车型2_007,车型2,G4_车型2_007_0002,G4,oriented,550,60,0,80,60,50,25.00,LWH,1,
2.2,车型2_007,车型2,G4_车型2_007_0003,G4,oriented,550,120,0,80,60,50,25.00,LWH,1,
2.2,车型2_007,车型2,G4_车型2_007_0004,G4,oriented,550,180,0,80,60,50,25.00,LWH,1,
2.2,车型2_007,车型2,G5_车型2_007_0001,G5,oriented,630,0,0,40,40,60,18.00,LWH,1,
2.2,车型2_007,车型2,G5_车型2_007_0002,G5,oriented,630,40,0,40,40,60,18.00,LWH,1,
2.2,车型2_007,车型2,G5_车型2_007_0003,G5,oriented,630,80,0,40,40,60,18.00,LWH,1,
2.2,车型2_007,车型2,G5_车型2_007_0004,G5,oriented,630,120,0,40,40,60,18.00,LWH,1,
2.2,车型2_007,车型2,G5_车型2_007_0005,G5,oriented,630,160,0,40,40,60,18.00,LWH,1,
2.2,车型2_007,车型2,G5_车型2_007_0006,G5,oriented,630,200,0,40,40,60,18.00,LWH,1,
2.2,车型2_007,车型2,G1_车型2_007_0001,G1,standard,0,0,25,40,30,60,12.00,WHL,4,G2_车型2_007_0001
2.2,车型2_007,车型2,G1_车型2_007_0002,G1,standard,50,0,25,40,30,60,12.00,WHL,4,G2_车型2_007_0002
2.2,车型2_007,车型2,G1_车型2_007_0003,G1,standard,100,0,25,40,30,60,12.00,WHL,4,G2_车型2_007_0003
2.2,车型2_007,车型2,G1_车型2_007_0004,G1,standard,150,0,25,40,30,60,12.00,WHL,4,G2_车型2_007_0004
2.2,车型2_007,车型2,G1_车型2_007_0005,G1,standard,200,0,25,40,30,60,12.00,WHL,4,G2_车型2_007_0005
2.2,车型2_007,车型2,G1_车型2_007_0006,G1,standard,250,0,25,40,30,60,12.00,WHL,4,G2_车型2_007_0006
2.2,车型2_007,车型2,G1_车型2_007_0007,G1,standard,300,0,25,40,30,60,12.00,WHL,4,G2_车型2_007_0007
2.2,车型2_007,车型2,G1_车型2_007_0008,G1,standard,350,0,25,40,30,60,12.00,WHL,4,G2_车型2_007_0008
2.2,车型2_007,车型2,G1_车型2_007_0009,G1,standard,400,0,25,40,30,60,12.00,WHL,4,G2_车型2_007_0009
2.2,车型2_007,车型2,G1_车型2_007_0010,G1,standard,450,0,25,40,30,60,12.00,WHL,4,G2_车型2_007_0010
2.2,车型2_007,车型2,G1_车型2_007_0011,G1,standard,500,0,25,40,30,60,12.00,WHL,4,G2_车型2_007_0011
2.2,车型2_008,车型2,G2_车型2_008_0001,G2,standard,0,0,0,50,35,25,8.00,LWH,1,
2.2,车型2_008,车型2,G3_车型2_008_0001,G3,fragile,0,35,0,50,70,40,15.00,WLH,2,
2.2,车型2_008,车型2,G3_车型2_008_0002,G3,fragile,0,105,0,50,70,40,15.00,WLH,2,
2.2,车型2_008,车型2,G3_车型2_008_0003,G3,fragile,0,175,0,50,70,40,15.00,WLH,2,
2.2,车型2_008,车型2,G2_车型2_008_0002,G2,standard,50,0,0,50,35,25,8.00,LWH,1,
2.2,车型2_008,车型2,G3_车型2_008_0004,G3,fragile,50,35,0,50,70,40,15.00,WLH,2,
2.2,车型2_008,车型2,G3_车型2_008_0005,G3,fragile,50,105,0,50,70,40,15.00,WLH,2,
2.2,车型2_008,车型2,G3_车型2_008_0006,G3,fragile,50,175,0,50,70,40,15.00,WLH,2,
2.2,车型2_008,车型2,G2_车型2_008_0003,G2,standard,100,0,0,50,35,25,8.00,LWH,1,
2.2,车型2_008,车型2,G3_车型2_008_0007,G3,fragile,100,35,0,50,70,40,15.00,WLH,2,
2.2,车型2_008,车型2,G3_车型2_008_0008,G3,fragile,100,105,0,50,70,40,15.00,WLH,2,
2.2,车型2_008,车型2,G3_车型2_008_0009,G3,fragile,100,175,0,50,70,40,15.00,WLH,2,
2.2,车型2_008,车型2,G2_车型2_008_0004,G2,standard,150,0,0,50,35,25,8.00,LWH,1,
2.2,车型2_008,车型2,G5_车型2_008_0001,G5,oriented,150,35,0,40,40,60,18.00,LWH,1,
2.2,车型2_008,车型2,G5_车型2_008_0002,G5,oriented,150,75,0,40,40,60,18.00,LWH,1,
2.2,车型2_008,车型2,G5_车型2_008_0003,G5,oriented,150,115,0,40,40,60,18.00,LWH,1,
2.2,车型2_008,车型2,G5_车型2_008_0004,G5,oriented,150,155,0,40,40,60,18.00,LWH,1,
2.2,车型2_008,车型2,G5_车型2_008_0005,G5,oriented,150,195,0,40,40,60,18.00,LWH,1,
2.2,车型2_008,车型2,G2_车型2_008_0005,G2,standard,200,0,0,50,35,25,8.00,LWH,1,
2.2,车型2_008,车型2,G3_车型2_008_0010,G3,fragile,200,35,0,50,70,40,15.00,WLH,2,
2.2,车型2_008,车型2,G3_车型2_008_0011,G3,fragile,200,105,0,50,70,40,15.00,WLH,2,
2.2,车型2_008,车型2,G3_车型2_008_0012,G3,fragile,200,175,0,50,70,40,15.00,WLH,2,
2.2,车型2_008,车型2,G2_车型2_008_0006,G2,standard,250,0,0,50,35,25,8.00,LWH,1,
2.2,车型2_008,车型2,G5_车型2_008_0006,G5,oriented,250,35,0,40,40,60,18.00,LWH,1,
2.2,车型2_008,车型2,G5_车型2_008_0007,G5,oriented,250,75,0,40,40,60,18.00,LWH,1,
2.2,车型2_008,车型2,G5_车型2_008_0008,G5,oriented,250,115,0,40,40,60,18.00,LWH,1,
2.2,车型2_008,车型2,G5_车型2_008_0009,G5,oriented,250,155,0,40,40,60,18.00,LWH,1,
2.2,车型2_008,车型2,G5_车型2_008_0010,G5,oriented,250,195,0,40,40,60,18.00,LWH,1,
2.2,车型2_008,车型2,G2_车型2_008_0007,G2,standard,300,0,0,50,35,25,8.00,LWH,1,
2.2,车型2_008,车型2,G3_车型2_008_0013,G3,fragile,300,35,0,50,70,40,15.00,WLH,2,
2.2,车型2_008,车型2,G3_车型2_008_0014,G3,fragile,300,105,0,50,70,40,15.00,WLH,2,
2.2,车型2_008,车型2,G3_车型2_008_0015,G3,fragile,300,175,0,50,70,40,15.00,WLH,2,
2.2,车型2_008,车型2,G2_车型2_008_0008,G2,standard,350,0,0,50,35,25,8.00,LWH,1,
2.2,车型2_008,车型2,G5_车型2_008_0011,G5,oriented,350,35,0,40,40,60,18.00,LWH,1,
2.2,车型2_008,车型2,G5_车型2_008_0012,G5,oriented,350,75,0,40,40,60,18.00,LWH,1,
2.2,车型2_008,车型2,G5_车型2_008_0013,G5,oriented,350,115,0,40,40,60,18.00,LWH,1,
2.2,车型2_008,车型2,G5_车型2_008_0014,G5,oriented,350,155,0,40,40,60,18.00,LWH,1,
2.2,车型2_008,车型2,G5_车型2_008_0015,G5,oriented,350,195,0,40,40,60,18.00,LWH,1,
2.2,车型2_008,车型2,G2_车型2_008_0009,G2,standard,400,0,0,50,35,25,8.00,LWH,1,
2.2,车型2_008,车型2,G3_车型2_008_0016,G3,fragile,400,35,0,50,70,40,15.00,WLH,2,
2.2,车型2_008,车型2,G3_车型2_008_0017,G3,fragile,400,105,0,50,70,40,15.00,WLH,2,
2.2,车型2_008,车型2,G3_车型2_008_0018,G3,fragile,400,175,0,50,70,40,15.00,WLH,2,
2.2,车型2_008,车型2,G2_车型2_008_0010,G2,standard,450,0,0,50,35,25,8.00,LWH,1,
2.2,车型2_008,车型2,G5_车型2_008_0016,G5,oriented,450,35,0,40,40,60,18.00,LWH,1,
2.2,车型2_008,车型2,G5_车型2_008_0017,G5,oriented,450,75,0,40,40,60,18.00,LWH,1,
2.2,车型2_008,车型2,G5_车型2_008_0018,G5,oriented,450,115,0,40,40,60,18.00,LWH,1,
2.2,车型2_008,车型2,G5_车型2_008_0019,G5,oriented,450,155,0,40,40,60,18.00,LWH,1,
2.2,车型2_008,车型2,G5_车型2_008_0020,G5,oriented,450,195,0,40,40,60,18.00,LWH,1,
2.2,车型2_008,车型2,G2_车型2_008_0011,G2,standard,500,0,0,50,35,25,8.00,LWH,1,
2.2,车型2_008,车型2,G3_车型2_008_0019,G3,fragile,500,35,0,50,70,40,15.00,WLH,2,
2.2,车型2_008,车型2,G3_车型2_008_0020,G3,fragile,500,105,0,50,70,40,15.00,WLH,2,
2.2,车型2_008,车型2,G3_车型2_008_0021,G3,fragile,500,175,0,50,70,40,15.00,WLH,2,
2.2,车型2_008,车型2,G4_车型2_008_0001,G4,oriented,550,0,0,80,60,50,25.00,LWH,1,
2.2,车型2_008,车型2,G4_车型2_008_0002,G4,oriented,550,60,0,80,60,50,25.00,LWH,1,
2.2,车型2_008,车型2,G4_车型2_008_0003,G4,oriented,550,120,0,80,60,50,25.00,LWH,1,
2.2,车型2_008,车型2,G4_车型2_008_0004,G4,oriented,550,180,0,80,60,50,25.00,LWH,1,
2.2,车型2_008,车型2,G5_车型2_008_0021,G5,oriented,630,0,0,40,40,60,18.00,LWH,1,
2.2,车型2_008,车型2,G5_车型2_008_0022,G5,oriented,630,40,0,40,40,60,18.00,LWH,1,
2.2,车型2_008,车型2,G5_车型2_008_0023,G5,oriented,630,80,0,40,40,60,18.00,LWH,1,
2.2,车型2_008,车型2,G5_车型2_008_0024,G5,oriented,630,120,0,40,40,60,18.00,LWH,1,
2.2,车型2_008,车型2,G5_车型2_008_0025,G5,oriented,630,160,0,40,40,60,18.00,LWH,1,
2.2,车型2_008,车型2,G5_车型2_008_0026,G5,oriented,630,200,0,40,40,60,18.00,LWH,1,
2.2,车型2_009,车型2,G2_车型2_009_0001,G2,standard,0,0,0,50,35,25,8.00,LWH,1,
2.2,车型2_009,车型2,G3_车型2_009_0001,G3,fragile,0,35,0,50,70,40,15.00,WLH,2,
2.2,车型2_009,车型2,G3_车型2_009_0002,G3,fragile,0,105,0,50,70,40,15.00,WLH,2,
2.2,车型2_009,车型2,G3_车型2_009_0003,G3,fragile,0,175,0,50,70,40,15.00,WLH,2,
2.2,车型2_009,车型2,G2_车型2_009_0002,G2,standard,50,0,0,50,35,25,8.00,LWH,1,
2.2,车型2_009,车型2,G5_车型2_009_0001,G5,oriented,50,35,0,40,40,60,18.00,LWH,1,
2.2,车型2_009,车型2,G5_车型2_009_0002,G5,oriented,50,75,0,40,40,60,18.00,LWH,1,
2.2,车型2_009,车型2,G5_车型2_009_0003,G5,oriented,50,115,0,40,40,60,18.00,LWH,1,
2.2,车型2_009,车型2,G5_车型2_009_0004,G5,oriented,50,155,0,40,40,60,18.00,LWH,1,
2.2,车型2_009,车型2,G5_车型2_009_0005,G5,oriented,50,195,0,40,40,60,18.00,LWH,1,
2.2,车型2_009,车型2,G2_车型2_009_0003,G2,standard,100,0,0,50,35,25,8.00,LWH,1,
2.2,车型2_009,车型2,G3_车型2_009_0004,G3,fragile,100,35,0,50,70,40,15.00,WLH,2,
2.2,车型2_009,车型2,G3_车型2_009_0005,G3,fragile,100,105,0,50,70,40,15.00,WLH,2,
2.2,车型2_009,车型2,G3_车型2_009_0006,G3,fragile,100,175,0,50,70,40,15.00,WLH,2,
2.2,车型2_009,车型2,G2_车型2_009_0004,G2,standard,150,0,0,50,35,25,8.00,LWH,1,
2.2,车型2_009,车型2,G1_车型2_009_0001,G1,standard,150,35,0,40,60,30,12.00,WLH,3,
2.2,车型2_009,车型2,G5_车型2_009_0006,G5,oriented,150,95,0,40,40,60,18.00,LWH,1,
2.2,车型2_009,车型2,G5_车型2_009_0007,G5,oriented,150,135,0,40,40,60,18.00,LWH,1,
2.2,车型2_009,车型2,G5_车型2_009_0008,G5,oriented,150,175,0,40,40,60,18.00,LWH,1,
2.2,车型2_009,车型2,G1_车型2_009_0002,G1,standard,150,215,0,40,30,60,12.00,WHL,4,
2.2,车型2_009,车型2,G2_车型2_009_0005,G2,standard,200,0,0,50,35,25,8.00,LWH,1,
2.2,车型2_009,车型2,G1_车型2_009_0003,G1,standard,200,35,0,40,60,30,12.00,WLH,3,
2.2,车型2_009,车型2,G5_车型2_009_0009,G5,oriented,200,95,0,40,40,60,18.00,LWH,1,
2.2,车型2_009,车型2,G5_车型2_009_0010,G5,oriented,200,135,0,40,40,60,18.00,LWH,1,
2.2,车型2_009,车型2,G5_车型2_009_0011,G5,oriented,200,175,0,40,40,60,18.00,LWH,1,
2.2,车型2_009,车型2,G1_车型2_009_0004,G1,standard,200,215,0,40,30,60,12.00,WHL,4,
2.2,车型2_009,车型2,G2_车型2_009_0006,G2,standard,250,0,0,50,35,25,8.00,LWH,1,
2.2,车型2_009,车型2,G1_车型2_009_0005,G1,standard,250,35,0,40,60,30,12.00,WLH,3,
2.2,车型2_009,车型2,G5_车型2_009_0012,G5,oriented,250,95,0,40,40,60,18.00,LWH,1,
2.2,车型2_009,车型2,G5_车型2_009_0013,G5,oriented,250,135,0,40,40,60,18.00,LWH,1,
2.2,车型2_009,车型2,G5_车型2_009_0014,G5,oriented,250,175,0,40,40,60,18.00,LWH,1,
2.2,车型2_009,车型2,G1_车型2_009_0006,G1,standard,250,215,0,40,30,60,12.00,WHL,4,
2.2,车型2_009,车型2,G2_车型2_009_0007,G2,standard,300,0,0,50,35,25,8.00,LWH,1,
2.2,车型2_009,车型2,G3_车型2_009_0007,G3,fragile,300,35,0,50,70,40,15.00,WLH,2,
2.2,车型2_009,车型2,G3_车型2_009_0008,G3,fragile,300,105,0,50,70,40,15.00,WLH,2,
2.2,车型2_009,车型2,G3_车型2_009_0009,G3,fragile,300,175,0,50,70,40,15.00,WLH,2,
2.2,车型2_009,车型2,G2_车型2_009_0008,G2,standard,350,0,0,50,35,25,8.00,LWH,1,
2.2,车型2_009,车型2,G1_车型2_009_0007,G1,standard,350,35,0,40,60,30,12.00,WLH,3,
2.2,车型2_009,车型2,G5_车型2_009_0015,G5,oriented,350,95,0,40,40,60,18.00,LWH,1,
2.2,车型2_009,车型2,G5_车型2_009_0016,G5,oriented,350,135,0,40,40,60,18.00,LWH,1,
2.2,车型2_009,车型2,G5_车型2_009_0017,G5,oriented,350,175,0,40,40,60,18.00,LWH,1,
2.2,车型2_009,车型2,G1_车型2_009_0008,G1,standard,350,215,0,40,30,60,12.00,WHL,4,
2.2,车型2_009,车型2,G2_车型2_009_0009,G2,standard,400,0,0,50,35,25,8.00,LWH,1,
2.2,车型2_009,车型2,G1_车型2_009_0009,G1,standard,400,35,0,40,60,30,12.00,WLH,3,
2.2,车型2_009,车型2,G5_车型2_009_0018,G5,oriented,400,95,0,40,40,60,18.00,LWH,1,
2.2,车型2_009,车型2,G5_车型2_009_0019,G5,oriented,400,135,0,40,40,60,18.00,LWH,1,
2.2,车型2_009,车型2,G5_车型2_009_0020,G5,oriented,400,175,0,40,40,60,18.00,LWH,1,
2.2,车型2_009,车型2,G1_车型2_009_0010,G1,standard,400,215,0,40,30,60,12.00,WHL,4,
2.2,车型2_009,车型2,G2_车型2_009_0010,G2,standard,450,0,0,50,35,25,8.00,LWH,1,
2.2,车型2_009,车型2,G1_车型2_009_0011,G1,standard,450,35,0,40,60,30,12.00,WLH,3,
2.2,车型2_009,车型2,G5_车型2_009_0021,G5,oriented,450,95,0,40,40,60,18.00,LWH,1,
2.2,车型2_009,车型2,G5_车型2_009_0022,G5,oriented,450,135,0,40,40,60,18.00,LWH,1,
2.2,车型2_009,车型2,G5_车型2_009_0023,G5,oriented,450,175,0,40,40,60,18.00,LWH,1,
2.2,车型2_009,车型2,G2_车型2_009_0011,G2,standard,500,0,0,50,35,25,8.00,LWH,1,
2.2,车型2_009,车型2,G1_车型2_009_0012,G1,standard,500,35,0,40,60,30,12.00,WLH,3,
2.2,车型2_009,车型2,G5_车型2_009_0024,G5,oriented,500,95,0,40,40,60,18.00,LWH,1,
2.2,车型2_009,车型2,G5_车型2_009_0025,G5,oriented,500,135,0,40,40,60,18.00,LWH,1,
2.2,车型2_009,车型2,G5_车型2_009_0026,G5,oriented,500,175,0,40,40,60,18.00,LWH,1,
2.2,车型2_009,车型2,G4_车型2_009_0001,G4,oriented,550,0,0,80,60,50,25.00,LWH,1,
2.2,车型2_009,车型2,G4_车型2_009_0002,G4,oriented,550,60,0,80,60,50,25.00,LWH,1,
2.2,车型2_009,车型2,G4_车型2_009_0003,G4,oriented,550,120,0,80,60,50,25.00,LWH,1,
2.2,车型2_009,车型2,G4_车型2_009_0004,G4,oriented,550,180,0,80,60,50,25.00,LWH,1,
2.2,车型2_009,车型2,G2_车型2_009_0012,G2,standard,630,0,0,50,35,25,8.00,LWH,1,
2.2,车型2_009,车型2,G1_车型2_009_0013,G1,standard,630,35,0,40,60,30,12.00,WLH,3,
2.2,车型2_009,车型2,G5_车型2_009_0027,G5,oriented,630,95,0,40,40,60,18.00,LWH,1,
2.2,车型2_009,车型2,G5_车型2_009_0028,G5,oriented,630,135,0,40,40,60,18.00,LWH,1,
2.2,车型2_009,车型2,G5_车型2_009_0029,G5,oriented,630,175,0,40,40,60,18.00,LWH,1,
2.2,车型2_010,车型2,G2_车型2_010_0001,G2,standard,0,0,0,50,35,25,8.00,LWH,1,
2.2,车型2_010,车型2,G1_车型2_010_0001,G1,standard,0,35,0,40,60,30,12.00,WLH,3,
2.2,车型2_010,车型2,G5_车型2_010_0001,G5,oriented,0,95,0,40,40,60,18.00,LWH,1,
2.2,车型2_010,车型2,G5_车型2_010_0002,G5,oriented,0,135,0,40,40,60,18.00,LWH,1,
2.2,车型2_010,车型2,G5_车型2_010_0003,G5,oriented,0,175,0,40,40,60,18.00,LWH,1,
2.2,车型2_010,车型2,G1_车型2_010_0002,G1,standard,0,215,0,40,30,60,12.00,WHL,4,
2.2,车型2_010,车型2,G2_车型2_010_0002,G2,standard,50,0,0,50,35,25,8.00,LWH,1,
2.2,车型2_010,车型2,G3_车型2_010_0001,G3,fragile,50,35,0,50,70,40,15.00,WLH,2,
2.2,车型2_010,车型2,G3_车型2_010_0002,G3,fragile,50,105,0,50,70,40,15.00,WLH,2,
2.2,车型2_010,车型2,G3_车型2_010_0003,G3,fragile,50,175,0,50,70,40,15.00,WLH,2,
2.2,车型2_010,车型2,G2_车型2_010_0003,G2,standard,100,0,0,50,35,25,8.00,LWH,1,
2.2,车型2_010,车型2,G1_车型2_010_0003,G1,standard,100,35,0,40,60,30,12.00,WLH,3,
2.2,车型2_010,车型2,G5_车型2_010_0004,G5,oriented,100,95,0,40,40,60,18.00,LWH,1,
2.2,车型2_010,车型2,G5_车型2_010_0005,G5,oriented,100,135,0,40,40,60,18.00,LWH,1,
2.2,车型2_010,车型2,G5_车型2_010_0006,G5,oriented,100,175,0,40,40,60,18.00,LWH,1,
2.2,车型2_010,车型2,G1_车型2_010_0004,G1,standard,100,215,0,40,30,60,12.00,WHL,4,
2.2,车型2_010,车型2,G2_车型2_010_0004,G2,standard,150,0,0,50,35,25,8.00,LWH,1,
2.2,车型2_010,车型2,G1_车型2_010_0005,G1,standard,150,35,0,40,60,30,12.00,WLH,3,
2.2,车型2_010,车型2,G5_车型2_010_0007,G5,oriented,150,95,0,40,40,60,18.00,LWH,1,
2.2,车型2_010,车型2,G5_车型2_010_0008,G5,oriented,150,135,0,40,40,60,18.00,LWH,1,
2.2,车型2_010,车型2,G5_车型2_010_0009,G5,oriented,150,175,0,40,40,60,18.00,LWH,1,
2.2,车型2_010,车型2,G1_车型2_010_0006,G1,standard,150,215,0,40,30,60,12.00,WHL,4,
2.2,车型2_010,车型2,G2_车型2_010_0005,G2,standard,200,0,0,50,35,25,8.00,LWH,1,
2.2,车型2_010,车型2,G1_车型2_010_0007,G1,standard,200,35,0,40,60,30,12.00,WLH,3,
2.2,车型2_010,车型2,G1_车型2_010_0008,G1,standard,200,95,0,40,60,30,12.00,WLH,3,
2.2,车型2_010,车型2,G5_车型2_010_0010,G5,oriented,200,155,0,40,40,60,18.00,LWH,1,
2.2,车型2_010,车型2,G5_车型2_010_0011,G5,oriented,200,195,0,40,40,60,18.00,LWH,1,
2.2,车型2_010,车型2,G2_车型2_010_0006,G2,standard,250,0,0,50,35,25,8.00,LWH,1,
2.2,车型2_010,车型2,G1_车型2_010_0009,G1,standard,250,35,0,40,60,30,12.00,WLH,3,
2.2,车型2_010,车型2,G1_车型2_010_0010,G1,standard,250,95,0,40,60,30,12.00,WLH,3,
2.2,车型2_010,车型2,G5_车型2_010_0012,G5,oriented,250,155,0,40,40,60,18.00,LWH,1,
2.2,车型2_010,车型2,G5_车型2_010_0013,G5,oriented,250,195,0,40,40,60,18.00,LWH,1,
2.2,车型2_010,车型2,G2_车型2_010_0007,G2,standard,300,0,0,50,35,25,8.00,LWH,1,
2.2,车型2_010,车型2,G3_车型2_010_0004,G3,fragile,300,35,0,50,70,40,15.00,WLH,2,
2.2,车型2_010,车型2,G3_车型2_010_0005,G3,fragile,300,105,0,50,70,40,15.00,WLH,2,
2.2,车型2_010,车型2,G3_车型2_010_0006,G3,fragile,300,175,0,50,70,40,15.00,WLH,2,
2.2,车型2_010,车型2,G2_车型2_010_0008,G2,standard,350,0,0,50,35,25,8.00,LWH,1,
2.2,车型2_010,车型2,G1_车型2_010_0011,G1,standard,350,35,0,40,60,30,12.00,WLH,3,
2.2,车型2_010,车型2,G1_车型2_010_0012,G1,standard,350,95,0,40,60,30,12.00,WLH,3,
2.2,车型2_010,车型2,G5_车型2_010_0014,G5,oriented,350,155,0,40,40,60,18.00,LWH,1,
2.2,车型2_010,车型2,G5_车型2_010_0015,G5,oriented,350,195,0,40,40,60,18.00,LWH,1,
2.2,车型2_010,车型2,G2_车型2_010_0009,G2,standard,400,0,0,50,35,25,8.00,LWH,1,
2.2,车型2_010,车型2,G1_车型2_010_0013,G1,standard,400,35,0,40,60,30,12.00,WLH,3,
2.2,车型2_010,车型2,G1_车型2_010_0014,G1,standard,400,95,0,40,60,30,12.00,WLH,3,
2.2,车型2_010,车型2,G5_车型2_010_0016,G5,oriented,400,155,0,40,40,60,18.00,LWH,1,
2.2,车型2_010,车型2,G2_车型2_010_0010,G2,standard,450,0,0,50,35,25,8.00,LWH,1,
2.2,车型2_010,车型2,G2_车型2_010_0011,G2,standard,450,35,0,50,35,25,8.00,LWH,1,
2.2,车型2_010,车型2,G3_车型2_010_0007,G3,fragile,450,70,0,50,70,40,15.00,WLH,2,
2.2,车型2_010,车型2,G3_车型2_010_0008,G3,fragile,450,140,0,50,70,40,15.00,WLH,2,
2.2,车型2_010,车型2,G2_车型2_010_0012,G2,standard,500,0,0,50,35,25,8.00,LWH,1,
2.2,车型2_010,车型2,G1_车型2_010_0015,G1,standard,500,35,0,40,60,30,12.00,WLH,3,
2.2,车型2_010,车型2,G1_车型2_010_0016,G1,standard,500,95,0,40,60,30,12.00,WLH,3,
2.2,车型2_010,车型2,G5_车型2_010_0017,G5,oriented,500,155,0,40,40,60,18.00,LWH,1,
2.2,车型2_010,车型2,G4_车型2_010_0001,G4,oriented,550,0,0,80,60,50,25.00,LWH,1,
2.2,车型2_010,车型2,G4_车型2_010_0002,G4,oriented,550,60,0,80,60,50,25.00,LWH,1,
2.2,车型2_010,车型2,G4_车型2_010_0003,G4,oriented,550,120,0,80,60,50,25.00,LWH,1,
2.2,车型2_010,车型2,G4_车型2_010_0004,G4,oriented,550,180,0,80,60,50,25.00,LWH,1,
2.2,车型2_010,车型2,G2_车型2_010_0013,G2,standard,630,0,0,50,35,25,8.00,LWH,1,
2.2,车型2_010,车型2,G1_车型2_010_0017,G1,standard,630,35,0,40,60,30,12.00,WLH,3,
2.2,车型2_010,车型2,G1_车型2_010_0018,G1,standard,630,95,0,40,60,30,12.00,WLH,3,
2.2,车型2_010,车型2,G5_车型2_010_0018,G5,oriented,630,155,0,40,40,60,18.00,LWH,1,
2.2,车型2_011,车型2,G2_车型2_011_0001,G2,standard,0,0,0,50,35,25,8.00,LWH,1,
2.2,车型2_011,车型2,G2_车型2_011_0002,G2,standard,0,35,0,50,35,25,8.00,LWH,1,
2.2,车型2_011,车型2,G3_车型2_011_0001,G3,fragile,0,70,0,50,70,40,15.00,WLH,2,
2.2,车型2_011,车型2,G3_车型2_011_0002,G3,fragile,0,140,0,50,70,40,15.00,WLH,2,
2.2,车型2_011,车型2,G1_车型2_011_0001,G1,standard,0,210,0,40,30,60,12.00,WHL,4,
2.2,车型2_011,车型2,G2_车型2_011_0003,G2,standard,50,0,0,50,35,25,8.00,LWH,1,
2.2,车型2_011,车型2,G2_车型2_011_0004,G2,standard,50,35,0,50,35,25,8.00,LWH,1,
2.2,车型2_011,车型2,G3_车型2_011_0003,G3,fragile,50,70,0,50,70,40,15.00,WLH,2,
2.2,车型2_011,车型2,G3_车型2_011_0004,G3,fragile,50,140,0,50,70,40,15.00,WLH,2,
2.2,车型2_011,车型2,G1_车型2_011_0002,G1,standard,50,210,0,40,30,60,12.00,WHL,4,
2.2,车型2_011,车型2,G2_车型2_011_0005,G2,standard,100,0,0,50,35,25,8.00,LWH,1,
2.2,车型2_011,车型2,G1_车型2_011_0003,G1,standard,100,35,0,40,60,30,12.00,WLH,3,
2.2,车型2_011,车型2,G1_车型2_011_0004,G1,standard,100,95,0,40,60,30,12.00,WLH,3,
2.2,车型2_011,车型2,G5_车型2_011_0001,G5,oriented,100,155,0,40,40,60,18.00,LWH,1,
2.2,车型2_011,车型2,G5_车型2_011_0002,G5,oriented,100,195,0,40,40,60,18.00,LWH,1,
2.2,车型2_011,车型2,G2_车型2_011_0006,G2,standard,150,0,0,50,35,25,8.00,LWH,1,
2.2,车型2_011,车型2,G2_车型2_011_0007,G2,standard,150,35,0,50,35,25,8.00,LWH,1,
2.2,车型2_011,车型2,G3_车型2_011_0005,G3,fragile,150,70,0,50,70,40,15.00,WLH,2,
2.2,车型2_011,车型2,G3_车型2_011_0006,G3,fragile,150,140,0,50,70,40,15.00,WLH,2,
2.2,车型2_011,车型2,G1_车型2_011_0005,G1,standard,150,210,0,40,30,60,12.00,WHL,4,
2.2,车型2_011,车型2,G2_车型2_011_0008,G2,standard,200,0,0,50,35,25,8.00,LWH,1,
2.2,车型2_011,车型2,G2_车型2_011_0009,G2,standard,200,35,0,50,35,25,8.00,LWH,1,
2.2,车型2_011,车型2,G3_车型2_011_0007,G3,fragile,200,70,0,50,70,40,15.00,WLH,2,
2.2,车型2_011,车型2,G3_车型2_011_0008,G3,fragile,200,140,0,50,70,40,15.00,WLH,2,
2.2,车型2_011,车型2,G1_车型2_011_0006,G1,standard,200,210,0,40,30,60,12.00,WHL,4,
2.2,车型2_011,车型2,G2_车型2_011_0010,G2,standard,250,0,0,50,35,25,8.00,LWH,1,
2.2,车型2_011,车型2,G1_车型2_011_0007,G1,standard,250,35,0,40,60,30,12.00,WLH,3,
2.2,车型2_011,车型2,G5_车型2_011_0003,G5,oriented,250,95,0,40,40,60,18.00,LWH,1,
2.2,车型2_011,车型2,G5_车型2_011_0004,G5,oriented,250,135,0,40,40,60,18.00,LWH,1,
2.2,车型2_011,车型2,G5_车型2_011_0005,G5,oriented,250,175,0,40,40,60,18.00,LWH,1,
2.2,车型2_011,车型2,G1_车型2_011_0008,G1,standard,250,215,0,40,30,60,12.00,WHL,4,
2.2,车型2_011,车型2,G2_车型2_011_0011,G2,standard,300,0,0,50,35,25,8.00,LWH,1,
2.2,车型2_011,车型2,G2_车型2_011_0012,G2,standard,300,35,0,50,35,25,8.00,LWH,1,
2.2,车型2_011,车型2,G3_车型2_011_0009,G3,fragile,300,70,0,50,70,40,15.00,WLH,2,
2.2,车型2_011,车型2,G3_车型2_011_0010,G3,fragile,300,140,0,50,70,40,15.00,WLH,2,
2.2,车型2_011,车型2,G1_车型2_011_0009,G1,standard,300,210,0,40,30,60,12.00,WHL,4,
2.2,车型2_011,车型2,G2_车型2_011_0013,G2,standard,350,0,0,50,35,25,8.00,LWH,1,
2.2,车型2_011,车型2,G2_车型2_011_0014,G2,standard,350,35,0,50,35,25,8.00,LWH,1,
2.2,车型2_011,车型2,G3_车型2_011_0011,G3,fragile,350,70,0,50,70,40,15.00,WLH,2,
2.2,车型2_011,车型2,G3_车型2_011_0012,G3,fragile,350,140,0,50,70,40,15.00,WLH,2,
2.2,车型2_011,车型2,G1_车型2_011_0010,G1,standard,350,210,0,40,30,60,12.00,WHL,4,
2.2,车型2_011,车型2,G2_车型2_011_0015,G2,standard,400,0,0,50,35,25,8.00,LWH,1,
2.2,车型2_011,车型2,G1_车型2_011_0011,G1,standard,400,35,0,40,60,30,12.00,WLH,3,
2.2,车型2_011,车型2,G1_车型2_011_0012,G1,standard,400,95,0,40,60,30,12.00,WLH,3,
2.2,车型2_011,车型2,G5_车型2_011_0006,G5,oriented,400,155,0,40,40,60,18.00,LWH,1,
2.2,车型2_011,车型2,G5_车型2_011_0007,G5,oriented,400,195,0,40,40,60,18.00,LWH,1,
2.2,车型2_011,车型2,G2_车型2_011_0016,G2,standard,450,0,0,50,35,25,8.00,LWH,1,
2.2,车型2_011,车型2,G2_车型2_011_0017,G2,standard,450,35,0,50,35,25,8.00,LWH,1,
2.2,车型2_011,车型2,G3_车型2_011_0013,G3,fragile,450,70,0,50,70,40,15.00,WLH,2,
2.2,车型2_011,车型2,G3_车型2_011_0014,G3,fragile,450,140,0,50,70,40,15.00,WLH,2,
2.2,车型2_011,车型2,G1_车型2_011_0013,G1,standard,450,210,0,40,30,60,12.00,WHL,4,
2.2,车型2_011,车型2,G2_车型2_011_0018,G2,standard,500,0,0,50,35,25,8.00,LWH,1,
2.2,车型2_011,车型2,G2_车型2_011_0019,G2,standard,500,35,0,50,35,25,8.00,LWH,1,
2.2,车型2_011,车型2,G1_车型2_011_0014,G1,standard,500,70,0,40,60,30,12.00,WLH,3,
2.2,车型2_011,车型2,G5_车型2_011_0008,G5,oriented,500,130,0,40,40,60,18.00,LWH,1,
2.2,车型2_011,车型2,G5_车型2_011_0009,G5,oriented,500,170,0,40,40,60,18.00,LWH,1,
2.2,车型2_011,车型2,G1_车型2_011_0015,G1,standard,500,210,0,40,30,60,12.00,WHL,4,
2.2,车型2_011,车型2,G4_车型2_011_0001,G4,oriented,550,0,0,80,60,50,25.00,LWH,1,
2.2,车型2_011,车型2,G4_车型2_011_0002,G4,oriented,550,60,0,80,60,50,25.00,LWH,1,
2.2,车型2_011,车型2,G4_车型2_011_0003,G4,oriented,550,120,0,80,60,50,25.00,LWH,1,
2.2,车型2_011,车型2,G4_车型2_011_0004,G4,oriented,550,180,0,80,60,50,25.00,LWH,1,
2.2,车型2_011,车型2,G2_车型2_011_0020,G2,standard,630,0,0,50,35,25,8.00,LWH,1,
2.2,车型2_011,车型2,G2_车型2_011_0021,G2,standard,630,35,0,50,35,25,8.00,LWH,1,
2.2,车型2_011,车型2,G1_车型2_011_0016,G1,standard,630,70,0,40,60,30,12.00,WLH,3,
2.2,车型2_011,车型2,G5_车型2_011_0010,G5,oriented,630,130,0,40,40,60,18.00,LWH,1,
2.2,车型2_011,车型2,G5_车型2_011_0011,G5,oriented,630,170,0,40,40,60,18.00,LWH,1,
2.2,车型2_011,车型2,G1_车型2_011_0017,G1,standard,630,210,0,40,30,60,12.00,WHL,4,
2.2,车型2_012,车型2,G2_车型2_012_0001,G2,standard,0,0,0,50,35,25,8.00,LWH,1,
2.2,车型2_012,车型2,G2_车型2_012_0002,G2,standard,0,35,0,50,35,25,8.00,LWH,1,
2.2,车型2_012,车型2,G3_车型2_012_0001,G3,fragile,0,70,0,50,70,40,15.00,WLH,2,
2.2,车型2_012,车型2,G3_车型2_012_0002,G3,fragile,0,140,0,50,70,40,15.00,WLH,2,
2.2,车型2_012,车型2,G1_车型2_012_0001,G1,standard,0,210,0,40,30,60,12.00,WHL,4,
2.2,车型2_012,车型2,G2_车型2_012_0003,G2,standard,50,0,0,50,35,25,8.00,LWH,1,
2.2,车型2_012,车型2,G2_车型2_012_0004,G2,standard,50,35,0,50,35,25,8.00,LWH,1,
2.2,车型2_012,车型2,G1_车型2_012_0002,G1,standard,50,70,0,40,60,30,12.00,WLH,3,
2.2,车型2_012,车型2,G5_车型2_012_0001,G5,oriented,50,130,0,40,40,60,18.00,LWH,1,
2.2,车型2_012,车型2,G5_车型2_012_0002,G5,oriented,50,170,0,40,40,60,18.00,LWH,1,
2.2,车型2_012,车型2,G1_车型2_012_0003,G1,standard,50,210,0,40,30,60,12.00,WHL,4,
2.2,车型2_012,车型2,G2_车型2_012_0005,G2,standard,100,0,0,50,35,25,8.00,LWH,1,
2.2,车型2_012,车型2,G2_车型2_012_0006,G2,standard,100,35,0,50,35,25,8.00,LWH,1,
2.2,车型2_012,车型2,G1_车型2_012_0004,G1,standard,100,70,0,40,60,30,12.00,WLH,3,
2.2,车型2_012,车型2,G5_车型2_012_0003,G5,oriented,100,130,0,40,40,60,18.00,LWH,1,
2.2,车型2_012,车型2,G5_车型2_012_0004,G5,oriented,100,170,0,40,40,60,18.00,LWH,1,
2.2,车型2_012,车型2,G1_车型2_012_0005,G1,standard,100,210,0,40,30,60,12.00,WHL,4,
2.2,车型2_012,车型2,G2_车型2_012_0007,G2,standard,150,0,0,50,35,25,8.00,LWH,1,
2.2,车型2_012,车型2,G2_车型2_012_0008,G2,standard,150,35,0,50,35,25,8.00,LWH,1,
2.2,车型2_012,车型2,G3_车型2_012_0003,G3,fragile,150,70,0,50,70,40,15.00,WLH,2,
2.2,车型2_012,车型2,G3_车型2_012_0004,G3,fragile,150,140,0,50,70,40,15.00,WLH,2,
2.2,车型2_012,车型2,G1_车型2_012_0006,G1,standard,150,210,0,40,30,60,12.00,WHL,4,
2.2,车型2_012,车型2,G2_车型2_012_0009,G2,standard,200,0,0,50,35,25,8.00,LWH,1,
2.2,车型2_012,车型2,G2_车型2_012_0010,G2,standard,200,35,0,50,35,25,8.00,LWH,1,
2.2,车型2_012,车型2,G1_车型2_012_0007,G1,standard,200,70,0,40,60,30,12.00,WLH,3,
2.2,车型2_012,车型2,G5_车型2_012_0005,G5,oriented,200,130,0,40,40,60,18.00,LWH,1,
2.2,车型2_012,车型2,G5_车型2_012_0006,G5,oriented,200,170,0,40,40,60,18.00,LWH,1,
2.2,车型2_012,车型2,G1_车型2_012_0008,G1,standard,200,210,0,40,30,60,12.00,WHL,4,
2.2,车型2_012,车型2,G2_车型2_012_0011,G2,standard,250,0,0,50,35,25,8.00,LWH,1,
2.2,车型2_012,车型2,G2_车型2_012_0012,G2,standard,250,35,0,50,35,25,8.00,LWH,1,
2.2,车型2_012,车型2,G1_车型2_012_0009,G1,standard,250,70,0,40,60,30,12.00,WLH,3,
2.2,车型2_012,车型2,G5_车型2_012_0007,G5,oriented,250,130,0,40,40,60,18.00,LWH,1,
2.2,车型2_012,车型2,G5_车型2_012_0008,G5,oriented,250,170,0,40,40,60,18.00,LWH,1,
2.2,车型2_012,车型2,G1_车型2_012_0010,G1,standard,250,210,0,40,30,60,12.00,WHL,4,
2.2,车型2_012,车型2,G2_车型2_012_0013,G2,standard,300,0,0,50,35,25,8.00,LWH,1,
2.2,车型2_012,车型2,G2_车型2_012_0014,G2,standard,300,35,0,50,35,25,8.00,LWH,1,
2.2,车型2_012,车型2,G3_车型2_012_0005,G3,fragile,300,70,0,50,70,40,15.00,WLH,2,
2.2,车型2_012,车型2,G3_车型2_012_0006,G3,fragile,300,140,0,50,70,40,15.00,WLH,2,
2.2,车型2_012,车型2,G1_车型2_012_0011,G1,standard,300,210,0,40,30,60,12.00,WHL,4,
2.2,车型2_012,车型2,G2_车型2_012_0015,G2,standard,350,0,0,50,35,25,8.00,LWH,1,
2.2,车型2_012,车型2,G2_车型2_012_0016,G2,standard,350,35,0,50,35,25,8.00,LWH,1,
2.2,车型2_012,车型2,G1_车型2_012_0012,G1,standard,350,70,0,40,60,30,12.00,WLH,3,
2.2,车型2_012,车型2,G5_车型2_012_0009,G5,oriented,350,130,0,40,40,60,18.00,LWH,1,
2.2,车型2_012,车型2,G5_车型2_012_0010,G5,oriented,350,170,0,40,40,60,18.00,LWH,1,
2.2,车型2_012,车型2,G1_车型2_012_0013,G1,standard,350,210,0,40,30,60,12.00,WHL,4,
2.2,车型2_012,车型2,G2_车型2_012_0017,G2,standard,400,0,0,50,35,25,8.00,LWH,1,
2.2,车型2_012,车型2,G2_车型2_012_0018,G2,standard,400,35,0,50,35,25,8.00,LWH,1,
2.2,车型2_012,车型2,G1_车型2_012_0014,G1,standard,400,70,0,40,60,30,12.00,WLH,3,
2.2,车型2_012,车型2,G5_车型2_012_0011,G5,oriented,400,130,0,40,40,60,18.00,LWH,1,
2.2,车型2_012,车型2,G5_车型2_012_0012,G5,oriented,400,170,0,40,40,60,18.00,LWH,1,
2.2,车型2_012,车型2,G1_车型2_012_0015,G1,standard,400,210,0,40,30,60,12.00,WHL,4,
2.2,车型2_012,车型2,G2_车型2_012_0019,G2,standard,450,0,0,50,35,25,8.00,LWH,1,
2.2,车型2_012,车型2,G2_车型2_012_0020,G2,standard,450,35,0,50,35,25,8.00,LWH,1,
2.2,车型2_012,车型2,G3_车型2_012_0007,G3,fragile,450,70,0,50,70,40,15.00,WLH,2,
2.2,车型2_012,车型2,G3_车型2_012_0008,G3,fragile,450,140,0,50,70,40,15.00,WLH,2,
2.2,车型2_012,车型2,G1_车型2_012_0016,G1,standard,450,210,0,40,30,60,12.00,WHL,4,
2.2,车型2_012,车型2,G2_车型2_012_0021,G2,standard,500,0,0,50,35,25,8.00,LWH,1,
2.2,车型2_012,车型2,G2_车型2_012_0022,G2,standard,500,35,0,50,35,25,8.00,LWH,1,
2.2,车型2_012,车型2,G1_车型2_012_0017,G1,standard,500,70,0,40,60,30,12.00,WLH,3,
2.2,车型2_012,车型2,G5_车型2_012_0013,G5,oriented,500,130,0,40,40,60,18.00,LWH,1,
2.2,车型2_012,车型2,G5_车型2_012_0014,G5,oriented,500,170,0,40,40,60,18.00,LWH,1,
2.2,车型2_012,车型2,G4_车型2_012_0001,G4,oriented,550,0,0,80,60,50,25.00,LWH,1,
2.2,车型2_012,车型2,G4_车型2_012_0002,G4,oriented,550,60,0,80,60,50,25.00,LWH,1,
2.2,车型2_012,车型2,G4_车型2_012_0003,G4,oriented,550,120,0,80,60,50,25.00,LWH,1,
2.2,车型2_012,车型2,G4_车型2_012_0004,G4,oriented,550,180,0,80,60,50,25.00,LWH,1,
2.2,车型2_012,车型2,G2_车型2_012_0023,G2,standard,630,0,0,50,35,25,8.00,LWH,1,
2.2,车型2_012,车型2,G2_车型2_012_0024,G2,standard,630,35,0,50,35,25,8.00,LWH,1,
2.2,车型2_012,车型2,G1_车型2_012_0018,G1,standard,630,70,0,40,60,30,12.00,WLH,3,
2.2,车型2_012,车型2,G5_车型2_012_0015,G5,oriented,630,130,0,40,40,60,18.00,LWH,1,
2.2,车型2_012,车型2,G5_车型2_012_0016,G5,oriented,630,170,0,40,40,60,18.00,LWH,1,
2.2,车型2_013,车型2,G2_车型2_013_0001,G2,standard,0,0,0,50,35,25,8.00,LWH,1,
2.2,车型2_013,车型2,G1_车型2_013_0001,G1,standard,0,35,0,40,60,30,12.00,WLH,3,
2.2,车型2_013,车型2,G1_车型2_013_0002,G1,standard,0,95,0,40,60,30,12.00,WLH,3,
2.2,车型2_013,车型2,G5_车型2_013_0001,G5,oriented,0,155,0,40,40,60,18.00,LWH,1,
2.2,车型2_013,车型2,G5_车型2_013_0002,G5,oriented,0,195,0,40,40,60,18.00,LWH,1,
2.2,车型2_013,车型2,G2_车型2_013_0002,G2,standard,50,0,0,50,35,25,8.00,LWH,1,
2.2,车型2_013,车型2,G2_车型2_013_0003,G2,standard,50,35,0,50,35,25,8.00,LWH,1,
2.2,车型2_013,车型2,G1_车型2_013_0003,G1,standard,50,70,0,40,60,30,12.00,WLH,3,
2.2,车型2_013,车型2,G5_车型2_013_0003,G5,oriented,50,130,0,40,40,60,18.00,LWH,1,
2.2,车型2_013,车型2,G5_车型2_013_0004,G5,oriented,50,170,0,40,40,60,18.00,LWH,1,
2.2,车型2_013,车型2,G1_车型2_013_0004,G1,standard,50,210,0,40,30,60,12.00,WHL,4,
2.2,车型2_013,车型2,G2_车型2_013_0004,G2,standard,100,0,0,50,35,25,8.00,LWH,1,
2.2,车型2_013,车型2,G2_车型2_013_0005,G2,standard,100,35,0,50,35,25,8.00,LWH,1,
2.2,车型2_013,车型2,G3_车型2_013_0001,G3,fragile,100,70,0,50,70,40,15.00,WLH,2,
2.2,车型2_013,车型2,G3_车型2_013_0002,G3,fragile,100,140,0,50,70,40,15.00,WLH,2,
2.2,车型2_013,车型2,G1_车型2_013_0005,G1,standard,100,210,0,40,30,60,12.00,WHL,4,
2.2,车型2_013,车型2,G2_车型2_013_0006,G2,standard,150,0,0,50,35,25,8.00,LWH,1,
2.2,车型2_013,车型2,G2_车型2_013_0007,G2,standard,150,35,0,50,35,25,8.00,LWH,1,
2.2,车型2_013,车型2,G1_车型2_013_0006,G1,standard,150,70,0,40,60,30,12.00,WLH,3,
2.2,车型2_013,车型2,G5_车型2_013_0005,G5,oriented,150,130,0,40,40,60,18.00,LWH,1,
2.2,车型2_013,车型2,G5_车型2_013_0006,G5,oriented,150,170,0,40,40,60,18.00,LWH,1,
2.2,车型2_013,车型2,G1_车型2_013_0007,G1,standard,150,210,0,40,30,60,12.00,WHL,4,
2.2,车型2_013,车型2,G2_车型2_013_0008,G2,standard,200,0,0,50,35,25,8.00,LWH,1,
2.2,车型2_013,车型2,G2_车型2_013_0009,G2,standard,200,35,0,50,35,25,8.00,LWH,1,
2.2,车型2_013,车型2,G1_车型2_013_0008,G1,standard,200,70,0,40,60,30,12.00,WLH,3,
2.2,车型2_013,车型2,G5_车型2_013_0007,G5,oriented,200,130,0,40,40,60,18.00,LWH,1,
2.2,车型2_013,车型2,G5_车型2_013_0008,G5,oriented,200,170,0,40,40,60,18.00,LWH,1,
2.2,车型2_013,车型2,G1_车型2_013_0009,G1,standard,200,210,0,40,30,60,12.00,WHL,4,
2.2,车型2_013,车型2,G2_车型2_013_0010,G2,standard,250,0,0,50,35,25,8.00,LWH,1,
2.2,车型2_013,车型2,G2_车型2_013_0011,G2,standard,250,35,0,50,35,25,8.00,LWH,1,
2.2,车型2_013,车型2,G3_车型2_013_0003,G3,fragile,250,70,0,50,70,40,15.00,WLH,2,
2.2,车型2_013,车型2,G3_车型2_013_0004,G3,fragile,250,140,0,50,70,40,15.00,WLH,2,
2.2,车型2_013,车型2,G1_车型2_013_0010,G1,standard,250,210,0,40,30,60,12.00,WHL,4,
2.2,车型2_013,车型2,G2_车型2_013_0012,G2,standard,300,0,0,50,35,25,8.00,LWH,1,
2.2,车型2_013,车型2,G2_车型2_013_0013,G2,standard,300,35,0,50,35,25,8.00,LWH,1,
2.2,车型2_013,车型2,G1_车型2_013_0011,G1,standard,300,70,0,40,60,30,12.00,WLH,3,
2.2,车型2_013,车型2,G5_车型2_013_0009,G5,oriented,300,130,0,40,40,60,18.00,LWH,1,
2.2,车型2_013,车型2,G5_车型2_013_0010,G5,oriented,300,170,0,40,40,60,18.00,LWH,1,
2.2,车型2_013,车型2,G1_车型2_013_0012,G1,standard,300,210,0,40,30,60,12.00,WHL,4,
2.2,车型2_013,车型2,G2_车型2_013_0014,G2,standard,350,0,0,50,35,25,8.00,LWH,1,
2.2,车型2_013,车型2,G2_车型2_013_0015,G2,standard,350,35,0,50,35,25,8.00,LWH,1,
2.2,车型2_013,车型2,G1_车型2_013_0013,G1,standard,350,70,0,40,60,30,12.00,WLH,3,
2.2,车型2_013,车型2,G5_车型2_013_0011,G5,oriented,350,130,0,40,40,60,18.00,LWH,1,
2.2,车型2_013,车型2,G5_车型2_013_0012,G5,oriented,350,170,0,40,40,60,18.00,LWH,1,
2.2,车型2_013,车型2,G1_车型2_013_0014,G1,standard,350,210,0,40,30,60,12.00,WHL,4,
2.2,车型2_013,车型2,G2_车型2_013_0016,G2,standard,400,0,0,50,35,25,8.00,LWH,1,
2.2,车型2_013,车型2,G2_车型2_013_0017,G2,standard,400,35,0,50,35,25,8.00,LWH,1,
2.2,车型2_013,车型2,G3_车型2_013_0005,G3,fragile,400,70,0,50,70,40,15.00,WLH,2,
2.2,车型2_013,车型2,G3_车型2_013_0006,G3,fragile,400,140,0,50,70,40,15.00,WLH,2,
2.2,车型2_013,车型2,G1_车型2_013_0015,G1,standard,400,210,0,40,30,60,12.00,WHL,4,
2.2,车型2_013,车型2,G2_车型2_013_0018,G2,standard,450,0,0,50,35,25,8.00,LWH,1,
2.2,车型2_013,车型2,G2_车型2_013_0019,G2,standard,450,35,0,50,35,25,8.00,LWH,1,
2.2,车型2_013,车型2,G1_车型2_013_0016,G1,standard,450,70,0,40,60,30,12.00,WLH,3,
2.2,车型2_013,车型2,G5_车型2_013_0013,G5,oriented,450,130,0,40,40,60,18.00,LWH,1,
2.2,车型2_013,车型2,G5_车型2_013_0014,G5,oriented,450,170,0,40,40,60,18.00,LWH,1,
2.2,车型2_013,车型2,G4_车型2_013_0001,G4,oriented,500,0,0,80,60,50,25.00,LWH,1,
2.2,车型2_013,车型2,G4_车型2_013_0002,G4,oriented,500,60,0,80,60,50,25.00,LWH,1,
2.2,车型2_013,车型2,G4_车型2_013_0003,G4,oriented,500,120,0,80,60,50,25.00,LWH,1,
2.2,车型2_013,车型2,G4_车型2_013_0004,G4,oriented,500,180,0,80,60,50,25.00,LWH,1,
2.2,车型2_013,车型2,G4_车型2_013_0005,G4,oriented,580,0,0,80,60,50,25.00,LWH,1,
2.2,车型2_013,车型2,G4_车型2_013_0006,G4,oriented,580,60,0,80,60,50,25.00,LWH,1,
2.2,车型2_013,车型2,G4_车型2_013_0007,G4,oriented,580,120,0,80,60,50,25.00,LWH,1,
2.2,车型2_013,车型2,G4_车型2_013_0008,G4,oriented,580,180,0,80,60,50,25.00,LWH,1,
2.2,车型2_014,车型2,G2_车型2_014_0001,G2,standard,0,0,0,50,35,25,8.00,LWH,1,
2.2,车型2_014,车型2,G2_车型2_014_0002,G2,standard,0,35,0,50,35,25,8.00,LWH,1,
2.2,车型2_014,车型2,G1_车型2_014_0001,G1,standard,0,70,0,40,60,30,12.00,WLH,3,
2.2,车型2_014,车型2,G5_车型2_014_0001,G5,oriented,0,130,0,40,40,60,18.00,LWH,1,
2.2,车型2_014,车型2,G5_车型2_014_0002,G5,oriented,0,170,0,40,40,60,18.00,LWH,1,
2.2,车型2_014,车型2,G1_车型2_014_0002,G1,standard,0,210,0,40,30,60,12.00,WHL,4,
2.2,车型2_014,车型2,G2_车型2_014_0003,G2,standard,50,0,0,50,35,25,8.00,LWH,1,
2.2,车型2_014,车型2,G2_车型2_014_0004,G2,standard,50,35,0,50,35,25,8.00,LWH,1,
2.2,车型2_014,车型2,G1_车型2_014_0003,G1,standard,50,70,0,40,60,30,12.00,WLH,3,
2.2,车型2_014,车型2,G5_车型2_014_0003,G5,oriented,50,130,0,40,40,60,18.00,LWH,1,
2.2,车型2_014,车型2,G5_车型2_014_0004,G5,oriented,50,170,0,40,40,60,18.00,LWH,1,
2.2,车型2_014,车型2,G1_车型2_014_0004,G1,standard,50,210,0,40,30,60,12.00,WHL,4,
2.2,车型2_014,车型2,G2_车型2_014_0005,G2,standard,100,0,0,50,35,25,8.00,LWH,1,
2.2,车型2_014,车型2,G2_车型2_014_0006,G2,standard,100,35,0,50,35,25,8.00,LWH,1,
2.2,车型2_014,车型2,G3_车型2_014_0001,G3,fragile,100,70,0,50,70,40,15.00,WLH,2,
2.2,车型2_014,车型2,G3_车型2_014_0002,G3,fragile,100,140,0,50,70,40,15.00,WLH,2,
2.2,车型2_014,车型2,G1_车型2_014_0005,G1,standard,100,210,0,40,30,60,12.00,WHL,4,
2.2,车型2_014,车型2,G2_车型2_014_0007,G2,standard,150,0,0,50,35,25,8.00,LWH,1,
2.2,车型2_014,车型2,G2_车型2_014_0008,G2,standard,150,35,0,50,35,25,8.00,LWH,1,
2.2,车型2_014,车型2,G1_车型2_014_0006,G1,standard,150,70,0,40,60,30,12.00,WLH,3,
2.2,车型2_014,车型2,G5_车型2_014_0005,G5,oriented,150,130,0,40,40,60,18.00,LWH,1,
2.2,车型2_014,车型2,G5_车型2_014_0006,G5,oriented,150,170,0,40,40,60,18.00,LWH,1,
2.2,车型2_014,车型2,G1_车型2_014_0007,G1,standard,150,210,0,40,30,60,12.00,WHL,4,
2.2,车型2_014,车型2,G2_车型2_014_0009,G2,standard,200,0,0,50,35,25,8.00,LWH,1,
2.2,车型2_014,车型2,G2_车型2_014_0010,G2,standard,200,35,0,50,35,25,8.00,LWH,1,
2.2,车型2_014,车型2,G1_车型2_014_0008,G1,standard,200,70,0,40,60,30,12.00,WLH,3,
2.2,车型2_014,车型2,G5_车型2_014_0007,G5,oriented,200,130,0,40,40,60,18.00,LWH,1,
2.2,车型2_014,车型2,G5_车型2_014_0008,G5,oriented,200,170,0,40,40,60,18.00,LWH,1,
2.2,车型2_014,车型2,G1_车型2_014_0009,G1,standard,200,210,0,40,30,60,12.00,WHL,4,
2.2,车型2_014,车型2,G2_车型2_014_0011,G2,standard,250,0,0,50,35,25,8.00,LWH,1,
2.2,车型2_014,车型2,G2_车型2_014_0012,G2,standard,250,35,0,50,35,25,8.00,LWH,1,
2.2,车型2_014,车型2,G3_车型2_014_0003,G3,fragile,250,70,0,50,70,40,15.00,WLH,2,
2.2,车型2_014,车型2,G3_车型2_014_0004,G3,fragile,250,140,0,50,70,40,15.00,WLH,2,
2.2,车型2_014,车型2,G1_车型2_014_0010,G1,standard,250,210,0,40,30,60,12.00,WHL,4,
2.2,车型2_014,车型2,G2_车型2_014_0013,G2,standard,300,0,0,50,35,25,8.00,LWH,1,
2.2,车型2_014,车型2,G2_车型2_014_0014,G2,standard,300,35,0,50,35,25,8.00,LWH,1,
2.2,车型2_014,车型2,G1_车型2_014_0011,G1,standard,300,70,0,40,60,30,12.00,WLH,3,
2.2,车型2_014,车型2,G5_车型2_014_0009,G5,oriented,300,130,0,40,40,60,18.00,LWH,1,
2.2,车型2_014,车型2,G5_车型2_014_0010,G5,oriented,300,170,0,40,40,60,18.00,LWH,1,
2.2,车型2_014,车型2,G1_车型2_014_0012,G1,standard,300,210,0,40,30,60,12.00,WHL,4,
2.2,车型2_014,车型2,G2_车型2_014_0015,G2,standard,350,0,0,50,35,25,8.00,LWH,1,
2.2,车型2_014,车型2,G2_车型2_014_0016,G2,standard,350,35,0,50,35,25,8.00,LWH,1,
2.2,车型2_014,车型2,G1_车型2_014_0013,G1,standard,350,70,0,40,60,30,12.00,WLH,3,
2.2,车型2_014,车型2,G5_车型2_014_0011,G5,oriented,350,130,0,40,40,60,18.00,LWH,1,
2.2,车型2_014,车型2,G5_车型2_014_0012,G5,oriented,350,170,0,40,40,60,18.00,LWH,1,
2.2,车型2_014,车型2,G1_车型2_014_0014,G1,standard,350,210,0,40,30,60,12.00,WHL,4,
2.2,车型2_014,车型2,G2_车型2_014_0017,G2,standard,400,0,0,50,35,25,8.00,LWH,1,
2.2,车型2_014,车型2,G2_车型2_014_0018,G2,standard,400,35,0,50,35,25,8.00,LWH,1,
2.2,车型2_014,车型2,G3_车型2_014_0005,G3,fragile,400,70,0,50,70,40,15.00,WLH,2,
2.2,车型2_014,车型2,G3_车型2_014_0006,G3,fragile,400,140,0,50,70,40,15.00,WLH,2,
2.2,车型2_014,车型2,G1_车型2_014_0015,G1,standard,400,210,0,40,30,60,12.00,WHL,4,
2.2,车型2_014,车型2,G2_车型2_014_0019,G2,standard,450,0,0,50,35,25,8.00,LWH,1,
2.2,车型2_014,车型2,G2_车型2_014_0020,G2,standard,450,35,0,50,35,25,8.00,LWH,1,
2.2,车型2_014,车型2,G1_车型2_014_0016,G1,standard,450,70,0,40,60,30,12.00,WLH,3,
2.2,车型2_014,车型2,G5_车型2_014_0013,G5,oriented,450,130,0,40,40,60,18.00,LWH,1,
2.2,车型2_014,车型2,G5_车型2_014_0014,G5,oriented,450,170,0,40,40,60,18.00,LWH,1,
2.2,车型2_014,车型2,G4_车型2_014_0001,G4,oriented,500,0,0,80,60,50,25.00,LWH,1,
2.2,车型2_014,车型2,G4_车型2_014_0002,G4,oriented,500,60,0,80,60,50,25.00,LWH,1,
2.2,车型2_014,车型2,G4_车型2_014_0003,G4,oriented,500,120,0,80,60,50,25.00,LWH,1,
2.2,车型2_014,车型2,G4_车型2_014_0004,G4,oriented,500,180,0,80,60,50,25.00,LWH,1,
2.2,车型2_014,车型2,G4_车型2_014_0005,G4,oriented,580,0,0,80,60,50,25.00,LWH,1,
2.2,车型2_014,车型2,G4_车型2_014_0006,G4,oriented,580,60,0,80,60,50,25.00,LWH,1,
2.2,车型2_014,车型2,G4_车型2_014_0007,G4,oriented,580,120,0,80,60,50,25.00,LWH,1,
2.2,车型2_014,车型2,G4_车型2_014_0008,G4,oriented,580,180,0,80,60,50,25.00,LWH,1,
2.2,车型2_015,车型2,G2_车型2_015_0001,G2,standard,0,0,0,50,35,25,8.00,LWH,1,
2.2,车型2_015,车型2,G2_车型2_015_0002,G2,standard,0,35,0,50,35,25,8.00,LWH,1,
2.2,车型2_015,车型2,G1_车型2_015_0001,G1,standard,0,70,0,40,60,30,12.00,WLH,3,
2.2,车型2_015,车型2,G5_车型2_015_0001,G5,oriented,0,130,0,40,40,60,18.00,LWH,1,
2.2,车型2_015,车型2,G5_车型2_015_0002,G5,oriented,0,170,0,40,40,60,18.00,LWH,1,
2.2,车型2_015,车型2,G1_车型2_015_0002,G1,standard,0,210,0,40,30,60,12.00,WHL,4,
2.2,车型2_015,车型2,G2_车型2_015_0003,G2,standard,50,0,0,50,35,25,8.00,LWH,1,
2.2,车型2_015,车型2,G2_车型2_015_0004,G2,standard,50,35,0,50,35,25,8.00,LWH,1,
2.2,车型2_015,车型2,G1_车型2_015_0003,G1,standard,50,70,0,40,60,30,12.00,WLH,3,
2.2,车型2_015,车型2,G1_车型2_015_0004,G1,standard,50,130,0,40,60,30,12.00,WLH,3,
2.2,车型2_015,车型2,G5_车型2_015_0003,G5,oriented,50,190,0,40,40,60,18.00,LWH,1,
2.2,车型2_015,车型2,G2_车型2_015_0005,G2,standard,100,0,0,50,35,25,8.00,LWH,1,
2.2,车型2_015,车型2,G2_车型2_015_0006,G2,standard,100,35,0,50,35,25,8.00,LWH,1,
2.2,车型2_015,车型2,G3_车型2_015_0001,G3,fragile,100,70,0,50,70,40,15.00,WLH,2,
2.2,车型2_015,车型2,G3_车型2_015_0002,G3,fragile,100,140,0,50,70,40,15.00,WLH,2,
2.2,车型2_015,车型2,G1_车型2_015_0005,G1,standard,100,210,0,40,30,60,12.00,WHL,4,
2.2,车型2_015,车型2,G2_车型2_015_0007,G2,standard,150,0,0,50,35,25,8.00,LWH,1,
2.2,车型2_015,车型2,G2_车型2_015_0008,G2,standard,150,35,0,50,35,25,8.00,LWH,1,
2.2,车型2_015,车型2,G1_车型2_015_0006,G1,standard,150,70,0,40,60,30,12.00,WLH,3,
2.2,车型2_015,车型2,G5_车型2_015_0004,G5,oriented,150,130,0,40,40,60,18.00,LWH,1,
2.2,车型2_015,车型2,G5_车型2_015_0005,G5,oriented,150,170,0,40,40,60,18.00,LWH,1,
2.2,车型2_015,车型2,G1_车型2_015_0007,G1,standard,150,210,0,40,30,60,12.00,WHL,4,
2.2,车型2_015,车型2,G2_车型2_015_0009,G2,standard,200,0,0,50,35,25,8.00,LWH,1,
2.2,车型2_015,车型2,G2_车型2_015_0010,G2,standard,200,35,0,50,35,25,8.00,LWH,1,
2.2,车型2_015,车型2,G1_车型2_015_0008,G1,standard,200,70,0,40,60,30,12.00,WLH,3,
2.2,车型2_015,车型2,G1_车型2_015_0009,G1,standard,200,130,0,40,60,30,12.00,WLH,3,
2.2,车型2_015,车型2,G5_车型2_015_0006,G5,oriented,200,190,0,40,40,60,18.00,LWH,1,
2.2,车型2_015,车型2,G2_车型2_015_0011,G2,standard,250,0,0,50,35,25,8.00,LWH,1,
2.2,车型2_015,车型2,G2_车型2_015_0012,G2,standard,250,35,0,50,35,25,8.00,LWH,1,
2.2,车型2_015,车型2,G3_车型2_015_0003,G3,fragile,250,70,0,50,70,40,15.00,WLH,2,
2.2,车型2_015,车型2,G3_车型2_015_0004,G3,fragile,250,140,0,50,70,40,15.00,WLH,2,
2.2,车型2_015,车型2,G1_车型2_015_0010,G1,standard,250,210,0,40,30,60,12.00,WHL,4,
2.2,车型2_015,车型2,G2_车型2_015_0013,G2,standard,300,0,0,50,35,25,8.00,LWH,1,
2.2,车型2_015,车型2,G2_车型2_015_0014,G2,standard,300,35,0,50,35,25,8.00,LWH,1,
2.2,车型2_015,车型2,G1_车型2_015_0011,G1,standard,300,70,0,40,60,30,12.00,WLH,3,
2.2,车型2_015,车型2,G5_车型2_015_0007,G5,oriented,300,130,0,40,40,60,18.00,LWH,1,
2.2,车型2_015,车型2,G5_车型2_015_0008,G5,oriented,300,170,0,40,40,60,18.00,LWH,1,
2.2,车型2_015,车型2,G1_车型2_015_0012,G1,standard,300,210,0,40,30,60,12.00,WHL,4,
2.2,车型2_015,车型2,G2_车型2_015_0015,G2,standard,350,0,0,50,35,25,8.00,LWH,1,
2.2,车型2_015,车型2,G2_车型2_015_0016,G2,standard,350,35,0,50,35,25,8.00,LWH,1,
2.2,车型2_015,车型2,G1_车型2_015_0013,G1,standard,350,70,0,40,60,30,12.00,WLH,3,
2.2,车型2_015,车型2,G1_车型2_015_0014,G1,standard,350,130,0,40,60,30,12.00,WLH,3,
2.2,车型2_015,车型2,G5_车型2_015_0009,G5,oriented,350,190,0,40,40,60,18.00,LWH,1,
2.2,车型2_015,车型2,G2_车型2_015_0017,G2,standard,400,0,0,50,35,25,8.00,LWH,1,
2.2,车型2_015,车型2,G2_车型2_015_0018,G2,standard,400,35,0,50,35,25,8.00,LWH,1,
2.2,车型2_015,车型2,G3_车型2_015_0005,G3,fragile,400,70,0,50,70,40,15.00,WLH,2,
2.2,车型2_015,车型2,G3_车型2_015_0006,G3,fragile,400,140,0,50,70,40,15.00,WLH,2,
2.2,车型2_015,车型2,G1_车型2_015_0015,G1,standard,400,210,0,40,30,60,12.00,WHL,4,
2.2,车型2_015,车型2,G2_车型2_015_0019,G2,standard,450,0,0,50,35,25,8.00,LWH,1,
2.2,车型2_015,车型2,G2_车型2_015_0020,G2,standard,450,35,0,50,35,25,8.00,LWH,1,
2.2,车型2_015,车型2,G1_车型2_015_0016,G1,standard,450,70,0,40,60,30,12.00,WLH,3,
2.2,车型2_015,车型2,G5_车型2_015_0010,G5,oriented,450,130,0,40,40,60,18.00,LWH,1,
2.2,车型2_015,车型2,G5_车型2_015_0011,G5,oriented,450,170,0,40,40,60,18.00,LWH,1,
2.2,车型2_015,车型2,G4_车型2_015_0001,G4,oriented,500,0,0,80,60,50,25.00,LWH,1,
2.2,车型2_015,车型2,G4_车型2_015_0002,G4,oriented,500,60,0,80,60,50,25.00,LWH,1,
2.2,车型2_015,车型2,G4_车型2_015_0003,G4,oriented,500,120,0,80,60,50,25.00,LWH,1,
2.2,车型2_015,车型2,G4_车型2_015_0004,G4,oriented,500,180,0,80,60,50,25.00,LWH,1,
2.2,车型2_015,车型2,G4_车型2_015_0005,G4,oriented,580,0,0,80,60,50,25.00,LWH,1,
2.2,车型2_015,车型2,G4_车型2_015_0006,G4,oriented,580,60,0,80,60,50,25.00,LWH,1,
2.2,车型2_015,车型2,G4_车型2_015_0007,G4,oriented,580,120,0,80,60,50,25.00,LWH,1,
2.2,车型2_015,车型2,G4_车型2_015_0008,G4,oriented,580,180,0,80,60,50,25.00,LWH,1,
2.2,车型2_016,车型2,G2_车型2_016_0001,G2,standard,0,0,0,50,35,25,8.00,LWH,1,
2.2,车型2_016,车型2,G2_车型2_016_0002,G2,standard,0,35,0,50,35,25,8.00,LWH,1,
2.2,车型2_016,车型2,G1_车型2_016_0001,G1,standard,0,70,0,40,60,30,12.00,WLH,3,
2.2,车型2_016,车型2,G1_车型2_016_0002,G1,standard,0,130,0,40,60,30,12.00,WLH,3,
2.2,车型2_016,车型2,G5_车型2_016_0001,G5,oriented,0,190,0,40,40,60,18.00,LWH,1,
2.2,车型2_016,车型2,G2_车型2_016_0003,G2,standard,50,0,0,50,35,25,8.00,LWH,1,
2.2,车型2_016,车型2,G2_车型2_016_0004,G2,standard,50,35,0,50,35,25,8.00,LWH,1,
2.2,车型2_016,车型2,G1_车型2_016_0003,G1,standard,50,70,0,40,60,30,12.00,WLH,3,
2.2,车型2_016,车型2,G1_车型2_016_0004,G1,standard,50,130,0,40,60,30,12.00,WLH,3,
2.2,车型2_016,车型2,G5_车型2_016_0002,G5,oriented,50,190,0,40,40,60,18.00,LWH,1,
2.2,车型2_016,车型2,G2_车型2_016_0005,G2,standard,100,0,0,50,35,25,8.00,LWH,1,
2.2,车型2_016,车型2,G2_车型2_016_0006,G2,standard,100,35,0,50,35,25,8.00,LWH,1,
2.2,车型2_016,车型2,G3_车型2_016_0001,G3,fragile,100,70,0,50,70,40,15.00,WLH,2,
2.2,车型2_016,车型2,G3_车型2_016_0002,G3,fragile,100,140,0,50,70,40,15.00,WLH,2,
2.2,车型2_016,车型2,G1_车型2_016_0005,G1,standard,100,210,0,40,30,60,12.00,WHL,4,
2.2,车型2_016,车型2,G2_车型2_016_0007,G2,standard,150,0,0,50,35,25,8.00,LWH,1,
2.2,车型2_016,车型2,G2_车型2_016_0008,G2,standard,150,35,0,50,35,25,8.00,LWH,1,
2.2,车型2_016,车型2,G1_车型2_016_0006,G1,standard,150,70,0,40,60,30,12.00,WLH,3,
2.2,车型2_016,车型2,G5_车型2_016_0003,G5,oriented,150,130,0,40,40,60,18.00,LWH,1,
2.2,车型2_016,车型2,G5_车型2_016_0004,G5,oriented,150,170,0,40,40,60,18.00,LWH,1,
2.2,车型2_016,车型2,G1_车型2_016_0007,G1,standard,150,210,0,40,30,60,12.00,WHL,4,
2.2,车型2_016,车型2,G2_车型2_016_0009,G2,standard,200,0,0,50,35,25,8.00,LWH,1,
2.2,车型2_016,车型2,G2_车型2_016_0010,G2,standard,200,35,0,50,35,25,8.00,LWH,1,
2.2,车型2_016,车型2,G1_车型2_016_0008,G1,standard,200,70,0,40,60,30,12.00,WLH,3,
2.2,车型2_016,车型2,G1_车型2_016_0009,G1,standard,200,130,0,40,60,30,12.00,WLH,3,
2.2,车型2_016,车型2,G5_车型2_016_0005,G5,oriented,200,190,0,40,40,60,18.00,LWH,1,
2.2,车型2_016,车型2,G2_车型2_016_0011,G2,standard,250,0,0,50,35,25,8.00,LWH,1,
2.2,车型2_016,车型2,G2_车型2_016_0012,G2,standard,250,35,0,50,35,25,8.00,LWH,1,
2.2,车型2_016,车型2,G3_车型2_016_0003,G3,fragile,250,70,0,50,70,40,15.00,WLH,2,
2.2,车型2_016,车型2,G3_车型2_016_0004,G3,fragile,250,140,0,50,70,40,15.00,WLH,2,
2.2,车型2_016,车型2,G1_车型2_016_0010,G1,standard,250,210,0,40,30,60,12.00,WHL,4,
2.2,车型2_016,车型2,G2_车型2_016_0013,G2,standard,300,0,0,50,35,25,8.00,LWH,1,
2.2,车型2_016,车型2,G2_车型2_016_0014,G2,standard,300,35,0,50,35,25,8.00,LWH,1,
2.2,车型2_016,车型2,G1_车型2_016_0011,G1,standard,300,70,0,40,60,30,12.00,WLH,3,
2.2,车型2_016,车型2,G5_车型2_016_0006,G5,oriented,300,130,0,40,40,60,18.00,LWH,1,
2.2,车型2_016,车型2,G5_车型2_016_0007,G5,oriented,300,170,0,40,40,60,18.00,LWH,1,
2.2,车型2_016,车型2,G1_车型2_016_0012,G1,standard,300,210,0,40,30,60,12.00,WHL,4,
2.2,车型2_016,车型2,G2_车型2_016_0015,G2,standard,350,0,0,50,35,25,8.00,LWH,1,
2.2,车型2_016,车型2,G2_车型2_016_0016,G2,standard,350,35,0,50,35,25,8.00,LWH,1,
2.2,车型2_016,车型2,G1_车型2_016_0013,G1,standard,350,70,0,40,60,30,12.00,WLH,3,
2.2,车型2_016,车型2,G1_车型2_016_0014,G1,standard,350,130,0,40,60,30,12.00,WLH,3,
2.2,车型2_016,车型2,G5_车型2_016_0008,G5,oriented,350,190,0,40,40,60,18.00,LWH,1,
2.2,车型2_016,车型2,G2_车型2_016_0017,G2,standard,400,0,0,50,35,25,8.00,LWH,1,
2.2,车型2_016,车型2,G2_车型2_016_0018,G2,standard,400,35,0,50,35,25,8.00,LWH,1,
2.2,车型2_016,车型2,G3_车型2_016_0005,G3,fragile,400,70,0,50,70,40,15.00,WLH,2,
2.2,车型2_016,车型2,G3_车型2_016_0006,G3,fragile,400,140,0,50,70,40,15.00,WLH,2,
2.2,车型2_016,车型2,G1_车型2_016_0015,G1,standard,400,210,0,40,30,60,12.00,WHL,4,
2.2,车型2_016,车型2,G2_车型2_016_0019,G2,standard,450,0,0,50,35,25,8.00,LWH,1,
2.2,车型2_016,车型2,G2_车型2_016_0020,G2,standard,450,35,0,50,35,25,8.00,LWH,1,
2.2,车型2_016,车型2,G1_车型2_016_0016,G1,standard,450,70,0,40,60,30,12.00,WLH,3,
2.2,车型2_016,车型2,G5_车型2_016_0009,G5,oriented,450,130,0,40,40,60,18.00,LWH,1,
2.2,车型2_016,车型2,G5_车型2_016_0010,G5,oriented,450,170,0,40,40,60,18.00,LWH,1,
2.2,车型2_016,车型2,G4_车型2_016_0001,G4,oriented,500,0,0,80,60,50,25.00,LWH,1,
2.2,车型2_016,车型2,G4_车型2_016_0002,G4,oriented,500,60,0,80,60,50,25.00,LWH,1,
2.2,车型2_016,车型2,G4_车型2_016_0003,G4,oriented,500,120,0,80,60,50,25.00,LWH,1,
2.2,车型2_016,车型2,G4_车型2_016_0004,G4,oriented,500,180,0,80,60,50,25.00,LWH,1,
2.2,车型2_016,车型2,G4_车型2_016_0005,G4,oriented,580,0,0,80,60,50,25.00,LWH,1,
2.2,车型2_016,车型2,G4_车型2_016_0006,G4,oriented,580,60,0,80,60,50,25.00,LWH,1,
2.2,车型2_016,车型2,G4_车型2_016_0007,G4,oriented,580,120,0,80,60,50,25.00,LWH,1,
2.2,车型2_016,车型2,G4_车型2_016_0008,G4,oriented,580,180,0,80,60,50,25.00,LWH,1,
2.2,车型2_017,车型2,G2_车型2_017_0001,G2,standard,0,0,0,50,35,25,8.00,LWH,1,
2.2,车型2_017,车型2,G2_车型2_017_0002,G2,standard,0,35,0,50,35,25,8.00,LWH,1,
2.2,车型2_017,车型2,G1_车型2_017_0001,G1,standard,0,70,0,40,60,30,12.00,WLH,3,
2.2,车型2_017,车型2,G1_车型2_017_0002,G1,standard,0,130,0,40,60,30,12.00,WLH,3,
2.2,车型2_017,车型2,G5_车型2_017_0001,G5,oriented,0,190,0,40,40,60,18.00,LWH,1,
2.2,车型2_017,车型2,G2_车型2_017_0003,G2,standard,50,0,0,50,35,25,8.00,LWH,1,
2.2,车型2_017,车型2,G2_车型2_017_0004,G2,standard,50,35,0,50,35,25,8.00,LWH,1,
2.2,车型2_017,车型2,G1_车型2_017_0003,G1,standard,50,70,0,40,60,30,12.00,WLH,3,
2.2,车型2_017,车型2,G1_车型2_017_0004,G1,standard,50,130,0,40,60,30,12.00,WLH,3,
2.2,车型2_017,车型2,G5_车型2_017_0002,G5,oriented,50,190,0,40,40,60,18.00,LWH,1,
2.2,车型2_017,车型2,G2_车型2_017_0005,G2,standard,100,0,0,50,35,25,8.00,LWH,1,
2.2,车型2_017,车型2,G2_车型2_017_0006,G2,standard,100,35,0,50,35,25,8.00,LWH,1,
2.2,车型2_017,车型2,G3_车型2_017_0001,G3,fragile,100,70,0,50,70,40,15.00,WLH,2,
2.2,车型2_017,车型2,G3_车型2_017_0002,G3,fragile,100,140,0,50,70,40,15.00,WLH,2,
2.2,车型2_017,车型2,G1_车型2_017_0005,G1,standard,100,210,0,40,30,60,12.00,WHL,4,
2.2,车型2_017,车型2,G2_车型2_017_0007,G2,standard,150,0,0,50,35,25,8.00,LWH,1,
2.2,车型2_017,车型2,G2_车型2_017_0008,G2,standard,150,35,0,50,35,25,8.00,LWH,1,
2.2,车型2_017,车型2,G1_车型2_017_0006,G1,standard,150,70,0,40,60,30,12.00,WLH,3,
2.2,车型2_017,车型2,G5_车型2_017_0003,G5,oriented,150,130,0,40,40,60,18.00,LWH,1,
2.2,车型2_017,车型2,G5_车型2_017_0004,G5,oriented,150,170,0,40,40,60,18.00,LWH,1,
2.2,车型2_017,车型2,G1_车型2_017_0007,G1,standard,150,210,0,40,30,60,12.00,WHL,4,
2.2,车型2_017,车型2,G2_车型2_017_0009,G2,standard,200,0,0,50,35,25,8.00,LWH,1,
2.2,车型2_017,车型2,G2_车型2_017_0010,G2,standard,200,35,0,50,35,25,8.00,LWH,1,
2.2,车型2_017,车型2,G1_车型2_017_0008,G1,standard,200,70,0,40,60,30,12.00,WLH,3,
2.2,车型2_017,车型2,G1_车型2_017_0009,G1,standard,200,130,0,40,60,30,12.00,WLH,3,
2.2,车型2_017,车型2,G5_车型2_017_0005,G5,oriented,200,190,0,40,40,60,18.00,LWH,1,
2.2,车型2_017,车型2,G2_车型2_017_0011,G2,standard,250,0,0,50,35,25,8.00,LWH,1,
2.2,车型2_017,车型2,G2_车型2_017_0012,G2,standard,250,35,0,50,35,25,8.00,LWH,1,
2.2,车型2_017,车型2,G3_车型2_017_0003,G3,fragile,250,70,0,50,70,40,15.00,WLH,2,
2.2,车型2_017,车型2,G3_车型2_017_0004,G3,fragile,250,140,0,50,70,40,15.00,WLH,2,
2.2,车型2_017,车型2,G1_车型2_017_0010,G1,standard,250,210,0,40,30,60,12.00,WHL,4,
2.2,车型2_017,车型2,G2_车型2_017_0013,G2,standard,300,0,0,50,35,25,8.00,LWH,1,
2.2,车型2_017,车型2,G2_车型2_017_0014,G2,standard,300,35,0,50,35,25,8.00,LWH,1,
2.2,车型2_017,车型2,G1_车型2_017_0011,G1,standard,300,70,0,40,60,30,12.00,WLH,3,
2.2,车型2_017,车型2,G5_车型2_017_0006,G5,oriented,300,130,0,40,40,60,18.00,LWH,1,
2.2,车型2_017,车型2,G5_车型2_017_0007,G5,oriented,300,170,0,40,40,60,18.00,LWH,1,
2.2,车型2_017,车型2,G1_车型2_017_0012,G1,standard,300,210,0,40,30,60,12.00,WHL,4,
2.2,车型2_017,车型2,G2_车型2_017_0015,G2,standard,350,0,0,50,35,25,8.00,LWH,1,
2.2,车型2_017,车型2,G2_车型2_017_0016,G2,standard,350,35,0,50,35,25,8.00,LWH,1,
2.2,车型2_017,车型2,G1_车型2_017_0013,G1,standard,350,70,0,40,60,30,12.00,WLH,3,
2.2,车型2_017,车型2,G1_车型2_017_0014,G1,standard,350,130,0,40,60,30,12.00,WLH,3,
2.2,车型2_017,车型2,G5_车型2_017_0008,G5,oriented,350,190,0,40,40,60,18.00,LWH,1,
2.2,车型2_017,车型2,G2_车型2_017_0017,G2,standard,400,0,0,50,35,25,8.00,LWH,1,
2.2,车型2_017,车型2,G2_车型2_017_0018,G2,standard,400,35,0,50,35,25,8.00,LWH,1,
2.2,车型2_017,车型2,G3_车型2_017_0005,G3,fragile,400,70,0,50,70,40,15.00,WLH,2,
2.2,车型2_017,车型2,G3_车型2_017_0006,G3,fragile,400,140,0,50,70,40,15.00,WLH,2,
2.2,车型2_017,车型2,G1_车型2_017_0015,G1,standard,400,210,0,40,30,60,12.00,WHL,4,
2.2,车型2_017,车型2,G2_车型2_017_0019,G2,standard,450,0,0,50,35,25,8.00,LWH,1,
2.2,车型2_017,车型2,G2_车型2_017_0020,G2,standard,450,35,0,50,35,25,8.00,LWH,1,
2.2,车型2_017,车型2,G1_车型2_017_0016,G1,standard,450,70,0,40,60,30,12.00,WLH,3,
2.2,车型2_017,车型2,G5_车型2_017_0009,G5,oriented,450,130,0,40,40,60,18.00,LWH,1,
2.2,车型2_017,车型2,G5_车型2_017_0010,G5,oriented,450,170,0,40,40,60,18.00,LWH,1,
2.2,车型2_017,车型2,G4_车型2_017_0001,G4,oriented,500,0,0,80,60,50,25.00,LWH,1,
2.2,车型2_017,车型2,G4_车型2_017_0002,G4,oriented,500,60,0,80,60,50,25.00,LWH,1,
2.2,车型2_017,车型2,G4_车型2_017_0003,G4,oriented,500,120,0,80,60,50,25.00,LWH,1,
2.2,车型2_017,车型2,G4_车型2_017_0004,G4,oriented,500,180,0,80,60,50,25.00,LWH,1,
2.2,车型2_017,车型2,G4_车型2_017_0005,G4,oriented,580,0,0,80,60,50,25.00,LWH,1,
2.2,车型2_017,车型2,G4_车型2_017_0006,G4,oriented,580,60,0,80,60,50,25.00,LWH,1,
2.2,车型2_017,车型2,G4_车型2_017_0007,G4,oriented,580,120,0,80,60,50,25.00,LWH,1,
2.2,车型2_017,车型2,G4_车型2_017_0008,G4,oriented,580,180,0,80,60,50,25.00,LWH,1,
2.2,车型2_018,车型2,G2_车型2_018_0001,G2,standard,0,0,0,50,35,25,8.00,LWH,1,
2.2,车型2_018,车型2,G2_车型2_018_0002,G2,standard,0,35,0,50,35,25,8.00,LWH,1,
2.2,车型2_018,车型2,G1_车型2_018_0001,G1,standard,0,70,0,40,60,30,12.00,WLH,3,
2.2,车型2_018,车型2,G1_车型2_018_0002,G1,standard,0,130,0,40,60,30,12.00,WLH,3,
2.2,车型2_018,车型2,G5_车型2_018_0001,G5,oriented,0,190,0,40,40,60,18.00,LWH,1,
2.2,车型2_018,车型2,G2_车型2_018_0003,G2,standard,50,0,0,50,35,25,8.00,LWH,1,
2.2,车型2_018,车型2,G2_车型2_018_0004,G2,standard,50,35,0,50,35,25,8.00,LWH,1,
2.2,车型2_018,车型2,G1_车型2_018_0003,G1,standard,50,70,0,40,60,30,12.00,WLH,3,
2.2,车型2_018,车型2,G1_车型2_018_0004,G1,standard,50,130,0,40,60,30,12.00,WLH,3,
2.2,车型2_018,车型2,G5_车型2_018_0002,G5,oriented,50,190,0,40,40,60,18.00,LWH,1,
2.2,车型2_018,车型2,G2_车型2_018_0005,G2,standard,100,0,0,50,35,25,8.00,LWH,1,
2.2,车型2_018,车型2,G2_车型2_018_0006,G2,standard,100,35,0,50,35,25,8.00,LWH,1,
2.2,车型2_018,车型2,G3_车型2_018_0001,G3,fragile,100,70,0,50,70,40,15.00,WLH,2,
2.2,车型2_018,车型2,G3_车型2_018_0002,G3,fragile,100,140,0,50,70,40,15.00,WLH,2,
2.2,车型2_018,车型2,G1_车型2_018_0005,G1,standard,100,210,0,40,30,60,12.00,WHL,4,
2.2,车型2_018,车型2,G2_车型2_018_0007,G2,standard,150,0,0,50,35,25,8.00,LWH,1,
2.2,车型2_018,车型2,G2_车型2_018_0008,G2,standard,150,35,0,50,35,25,8.00,LWH,1,
2.2,车型2_018,车型2,G1_车型2_018_0006,G1,standard,150,70,0,40,60,30,12.00,WLH,3,
2.2,车型2_018,车型2,G5_车型2_018_0003,G5,oriented,150,130,0,40,40,60,18.00,LWH,1,
2.2,车型2_018,车型2,G5_车型2_018_0004,G5,oriented,150,170,0,40,40,60,18.00,LWH,1,
2.2,车型2_018,车型2,G1_车型2_018_0007,G1,standard,150,210,0,40,30,60,12.00,WHL,4,
2.2,车型2_018,车型2,G2_车型2_018_0009,G2,standard,200,0,0,50,35,25,8.00,LWH,1,
2.2,车型2_018,车型2,G2_车型2_018_0010,G2,standard,200,35,0,50,35,25,8.00,LWH,1,
2.2,车型2_018,车型2,G1_车型2_018_0008,G1,standard,200,70,0,40,60,30,12.00,WLH,3,
2.2,车型2_018,车型2,G1_车型2_018_0009,G1,standard,200,130,0,40,60,30,12.00,WLH,3,
2.2,车型2_018,车型2,G5_车型2_018_0005,G5,oriented,200,190,0,40,40,60,18.00,LWH,1,
2.2,车型2_018,车型2,G2_车型2_018_0011,G2,standard,250,0,0,50,35,25,8.00,LWH,1,
2.2,车型2_018,车型2,G2_车型2_018_0012,G2,standard,250,35,0,50,35,25,8.00,LWH,1,
2.2,车型2_018,车型2,G3_车型2_018_0003,G3,fragile,250,70,0,50,70,40,15.00,WLH,2,
2.2,车型2_018,车型2,G3_车型2_018_0004,G3,fragile,250,140,0,50,70,40,15.00,WLH,2,
2.2,车型2_018,车型2,G1_车型2_018_0010,G1,standard,250,210,0,40,30,60,12.00,WHL,4,
2.2,车型2_018,车型2,G2_车型2_018_0013,G2,standard,300,0,0,50,35,25,8.00,LWH,1,
2.2,车型2_018,车型2,G2_车型2_018_0014,G2,standard,300,35,0,50,35,25,8.00,LWH,1,
2.2,车型2_018,车型2,G1_车型2_018_0011,G1,standard,300,70,0,40,60,30,12.00,WLH,3,
2.2,车型2_018,车型2,G5_车型2_018_0006,G5,oriented,300,130,0,40,40,60,18.00,LWH,1,
2.2,车型2_018,车型2,G5_车型2_018_0007,G5,oriented,300,170,0,40,40,60,18.00,LWH,1,
2.2,车型2_018,车型2,G1_车型2_018_0012,G1,standard,300,210,0,40,30,60,12.00,WHL,4,
2.2,车型2_018,车型2,G2_车型2_018_0015,G2,standard,350,0,0,50,35,25,8.00,LWH,1,
2.2,车型2_018,车型2,G2_车型2_018_0016,G2,standard,350,35,0,50,35,25,8.00,LWH,1,
2.2,车型2_018,车型2,G1_车型2_018_0013,G1,standard,350,70,0,40,60,30,12.00,WLH,3,
2.2,车型2_018,车型2,G1_车型2_018_0014,G1,standard,350,130,0,40,60,30,12.00,WLH,3,
2.2,车型2_018,车型2,G5_车型2_018_0008,G5,oriented,350,190,0,40,40,60,18.00,LWH,1,
2.2,车型2_018,车型2,G2_车型2_018_0017,G2,standard,400,0,0,50,35,25,8.00,LWH,1,
2.2,车型2_018,车型2,G2_车型2_018_0018,G2,standard,400,35,0,50,35,25,8.00,LWH,1,
2.2,车型2_018,车型2,G3_车型2_018_0005,G3,fragile,400,70,0,50,70,40,15.00,WLH,2,
2.2,车型2_018,车型2,G3_车型2_018_0006,G3,fragile,400,140,0,50,70,40,15.00,WLH,2,
2.2,车型2_018,车型2,G1_车型2_018_0015,G1,standard,400,210,0,40,30,60,12.00,WHL,4,
2.2,车型2_018,车型2,G2_车型2_018_0019,G2,standard,450,0,0,50,35,25,8.00,LWH,1,
2.2,车型2_018,车型2,G2_车型2_018_0020,G2,standard,450,35,0,50,35,25,8.00,LWH,1,
2.2,车型2_018,车型2,G1_车型2_018_0016,G1,standard,450,70,0,40,60,30,12.00,WLH,3,
2.2,车型2_018,车型2,G5_车型2_018_0009,G5,oriented,450,130,0,40,40,60,18.00,LWH,1,
2.2,车型2_018,车型2,G5_车型2_018_0010,G5,oriented,450,170,0,40,40,60,18.00,LWH,1,
2.2,车型2_018,车型2,G4_车型2_018_0001,G4,oriented,500,0,0,80,60,50,25.00,LWH,1,
2.2,车型2_018,车型2,G4_车型2_018_0002,G4,oriented,500,60,0,80,60,50,25.00,LWH,1,
2.2,车型2_018,车型2,G4_车型2_018_0003,G4,oriented,500,120,0,80,60,50,25.00,LWH,1,
2.2,车型2_018,车型2,G4_车型2_018_0004,G4,oriented,500,180,0,80,60,50,25.00,LWH,1,
2.2,车型2_018,车型2,G4_车型2_018_0005,G4,oriented,580,0,0,80,60,50,25.00,LWH,1,
2.2,车型2_018,车型2,G4_车型2_018_0006,G4,oriented,580,60,0,80,60,50,25.00,LWH,1,
2.2,车型2_018,车型2,G4_车型2_018_0007,G4,oriented,580,120,0,80,60,50,25.00,LWH,1,
2.2,车型2_018,车型2,G4_车型2_018_0008,G4,oriented,580,180,0,80,60,50,25.00,LWH,1,
2.2,车型2_019,车型2,G2_车型2_019_0001,G2,standard,0,0,0,50,35,25,8.00,LWH,1,
2.2,车型2_019,车型2,G2_车型2_019_0002,G2,standard,0,35,0,50,35,25,8.00,LWH,1,
2.2,车型2_019,车型2,G1_车型2_019_0001,G1,standard,0,70,0,40,60,30,12.00,WLH,3,
2.2,车型2_019,车型2,G1_车型2_019_0002,G1,standard,0,130,0,40,60,30,12.00,WLH,3,
2.2,车型2_019,车型2,G5_车型2_019_0001,G5,oriented,0,190,0,40,40,60,18.00,LWH,1,
2.2,车型2_019,车型2,G2_车型2_019_0003,G2,standard,50,0,0,50,35,25,8.00,LWH,1,
2.2,车型2_019,车型2,G2_车型2_019_0004,G2,standard,50,35,0,50,35,25,8.00,LWH,1,
2.2,车型2_019,车型2,G1_车型2_019_0003,G1,standard,50,70,0,40,60,30,12.00,WLH,3,
2.2,车型2_019,车型2,G1_车型2_019_0004,G1,standard,50,130,0,40,60,30,12.00,WLH,3,
2.2,车型2_019,车型2,G5_车型2_019_0002,G5,oriented,50,190,0,40,40,60,18.00,LWH,1,
2.2,车型2_019,车型2,G2_车型2_019_0005,G2,standard,100,0,0,50,35,25,8.00,LWH,1,
2.2,车型2_019,车型2,G2_车型2_019_0006,G2,standard,100,35,0,50,35,25,8.00,LWH,1,
2.2,车型2_019,车型2,G3_车型2_019_0001,G3,fragile,100,70,0,50,70,40,15.00,WLH,2,
2.2,车型2_019,车型2,G3_车型2_019_0002,G3,fragile,100,140,0,50,70,40,15.00,WLH,2,
2.2,车型2_019,车型2,G1_车型2_019_0005,G1,standard,100,210,0,40,30,60,12.00,WHL,4,
2.2,车型2_019,车型2,G2_车型2_019_0007,G2,standard,150,0,0,50,35,25,8.00,LWH,1,
2.2,车型2_019,车型2,G2_车型2_019_0008,G2,standard,150,35,0,50,35,25,8.00,LWH,1,
2.2,车型2_019,车型2,G1_车型2_019_0006,G1,standard,150,70,0,40,60,30,12.00,WLH,3,
2.2,车型2_019,车型2,G5_车型2_019_0003,G5,oriented,150,130,0,40,40,60,18.00,LWH,1,
2.2,车型2_019,车型2,G5_车型2_019_0004,G5,oriented,150,170,0,40,40,60,18.00,LWH,1,
2.2,车型2_019,车型2,G1_车型2_019_0007,G1,standard,150,210,0,40,30,60,12.00,WHL,4,
2.2,车型2_019,车型2,G2_车型2_019_0009,G2,standard,200,0,0,50,35,25,8.00,LWH,1,
2.2,车型2_019,车型2,G2_车型2_019_0010,G2,standard,200,35,0,50,35,25,8.00,LWH,1,
2.2,车型2_019,车型2,G1_车型2_019_0008,G1,standard,200,70,0,40,60,30,12.00,WLH,3,
2.2,车型2_019,车型2,G1_车型2_019_0009,G1,standard,200,130,0,40,60,30,12.00,WLH,3,
2.2,车型2_019,车型2,G5_车型2_019_0005,G5,oriented,200,190,0,40,40,60,18.00,LWH,1,
2.2,车型2_019,车型2,G2_车型2_019_0011,G2,standard,250,0,0,50,35,25,8.00,LWH,1,
2.2,车型2_019,车型2,G2_车型2_019_0012,G2,standard,250,35,0,50,35,25,8.00,LWH,1,
2.2,车型2_019,车型2,G3_车型2_019_0003,G3,fragile,250,70,0,50,70,40,15.00,WLH,2,
2.2,车型2_019,车型2,G3_车型2_019_0004,G3,fragile,250,140,0,50,70,40,15.00,WLH,2,
2.2,车型2_019,车型2,G1_车型2_019_0010,G1,standard,250,210,0,40,30,60,12.00,WHL,4,
2.2,车型2_019,车型2,G2_车型2_019_0013,G2,standard,300,0,0,50,35,25,8.00,LWH,1,
2.2,车型2_019,车型2,G2_车型2_019_0014,G2,standard,300,35,0,50,35,25,8.00,LWH,1,
2.2,车型2_019,车型2,G1_车型2_019_0011,G1,standard,300,70,0,40,60,30,12.00,WLH,3,
2.2,车型2_019,车型2,G5_车型2_019_0006,G5,oriented,300,130,0,40,40,60,18.00,LWH,1,
2.2,车型2_019,车型2,G5_车型2_019_0007,G5,oriented,300,170,0,40,40,60,18.00,LWH,1,
2.2,车型2_019,车型2,G1_车型2_019_0012,G1,standard,300,210,0,40,30,60,12.00,WHL,4,
2.2,车型2_019,车型2,G2_车型2_019_0015,G2,standard,350,0,0,50,35,25,8.00,LWH,1,
2.2,车型2_019,车型2,G2_车型2_019_0016,G2,standard,350,35,0,50,35,25,8.00,LWH,1,
2.2,车型2_019,车型2,G1_车型2_019_0013,G1,standard,350,70,0,40,60,30,12.00,WLH,3,
2.2,车型2_019,车型2,G1_车型2_019_0014,G1,standard,350,130,0,40,60,30,12.00,WLH,3,
2.2,车型2_019,车型2,G5_车型2_019_0008,G5,oriented,350,190,0,40,40,60,18.00,LWH,1,
2.2,车型2_019,车型2,G2_车型2_019_0017,G2,standard,400,0,0,50,35,25,8.00,LWH,1,
2.2,车型2_019,车型2,G2_车型2_019_0018,G2,standard,400,35,0,50,35,25,8.00,LWH,1,
2.2,车型2_019,车型2,G3_车型2_019_0005,G3,fragile,400,70,0,50,70,40,15.00,WLH,2,
2.2,车型2_019,车型2,G3_车型2_019_0006,G3,fragile,400,140,0,50,70,40,15.00,WLH,2,
2.2,车型2_019,车型2,G1_车型2_019_0015,G1,standard,400,210,0,40,30,60,12.00,WHL,4,
2.2,车型2_019,车型2,G2_车型2_019_0019,G2,standard,450,0,0,50,35,25,8.00,LWH,1,
2.2,车型2_019,车型2,G2_车型2_019_0020,G2,standard,450,35,0,50,35,25,8.00,LWH,1,
2.2,车型2_019,车型2,G1_车型2_019_0016,G1,standard,450,70,0,40,60,30,12.00,WLH,3,
2.2,车型2_019,车型2,G5_车型2_019_0009,G5,oriented,450,130,0,40,40,60,18.00,LWH,1,
2.2,车型2_019,车型2,G5_车型2_019_0010,G5,oriented,450,170,0,40,40,60,18.00,LWH,1,
2.2,车型2_019,车型2,G4_车型2_019_0001,G4,oriented,500,0,0,80,60,50,25.00,LWH,1,
2.2,车型2_019,车型2,G4_车型2_019_0002,G4,oriented,500,60,0,80,60,50,25.00,LWH,1,
2.2,车型2_019,车型2,G4_车型2_019_0003,G4,oriented,500,120,0,80,60,50,25.00,LWH,1,
2.2,车型2_019,车型2,G4_车型2_019_0004,G4,oriented,500,180,0,80,60,50,25.00,LWH,1,
2.2,车型2_019,车型2,G4_车型2_019_0005,G4,oriented,580,0,0,80,60,50,25.00,LWH,1,
2.2,车型2_019,车型2,G4_车型2_019_0006,G4,oriented,580,60,0,80,60,50,25.00,LWH,1,
2.2,车型2_019,车型2,G4_车型2_019_0007,G4,oriented,580,120,0,80,60,50,25.00,LWH,1,
2.2,车型2_019,车型2,G4_车型2_019_0008,G4,oriented,580,180,0,80,60,50,25.00,LWH,1,
2.2,车型2_020,车型2,G2_车型2_020_0001,G2,standard,0,0,0,50,35,25,8.00,LWH,1,
2.2,车型2_020,车型2,G2_车型2_020_0002,G2,standard,0,35,0,50,35,25,8.00,LWH,1,
2.2,车型2_020,车型2,G1_车型2_020_0001,G1,standard,0,70,0,40,60,30,12.00,WLH,3,
2.2,车型2_020,车型2,G1_车型2_020_0002,G1,standard,0,130,0,40,60,30,12.00,WLH,3,
2.2,车型2_020,车型2,G5_车型2_020_0001,G5,oriented,0,190,0,40,40,60,18.00,LWH,1,
2.2,车型2_020,车型2,G2_车型2_020_0003,G2,standard,50,0,0,50,35,25,8.00,LWH,1,
2.2,车型2_020,车型2,G2_车型2_020_0004,G2,standard,50,35,0,50,35,25,8.00,LWH,1,
2.2,车型2_020,车型2,G1_车型2_020_0003,G1,standard,50,70,0,40,60,30,12.00,WLH,3,
2.2,车型2_020,车型2,G1_车型2_020_0004,G1,standard,50,130,0,40,60,30,12.00,WLH,3,
2.2,车型2_020,车型2,G5_车型2_020_0002,G5,oriented,50,190,0,40,40,60,18.00,LWH,1,
2.2,车型2_020,车型2,G2_车型2_020_0005,G2,standard,100,0,0,50,35,25,8.00,LWH,1,
2.2,车型2_020,车型2,G2_车型2_020_0006,G2,standard,100,35,0,50,35,25,8.00,LWH,1,
2.2,车型2_020,车型2,G3_车型2_020_0001,G3,fragile,100,70,0,50,70,40,15.00,WLH,2,
2.2,车型2_020,车型2,G3_车型2_020_0002,G3,fragile,100,140,0,50,70,40,15.00,WLH,2,
2.2,车型2_020,车型2,G1_车型2_020_0005,G1,standard,100,210,0,40,30,60,12.00,WHL,4,
2.2,车型2_020,车型2,G2_车型2_020_0007,G2,standard,150,0,0,50,35,25,8.00,LWH,1,
2.2,车型2_020,车型2,G2_车型2_020_0008,G2,standard,150,35,0,50,35,25,8.00,LWH,1,
2.2,车型2_020,车型2,G1_车型2_020_0006,G1,standard,150,70,0,40,60,30,12.00,WLH,3,
2.2,车型2_020,车型2,G5_车型2_020_0003,G5,oriented,150,130,0,40,40,60,18.00,LWH,1,
2.2,车型2_020,车型2,G5_车型2_020_0004,G5,oriented,150,170,0,40,40,60,18.00,LWH,1,
2.2,车型2_020,车型2,G1_车型2_020_0007,G1,standard,150,210,0,40,30,60,12.00,WHL,4,
2.2,车型2_020,车型2,G2_车型2_020_0009,G2,standard,200,0,0,50,35,25,8.00,LWH,1,
2.2,车型2_020,车型2,G2_车型2_020_0010,G2,standard,200,35,0,50,35,25,8.00,LWH,1,
2.2,车型2_020,车型2,G1_车型2_020_0008,G1,standard,200,70,0,40,60,30,12.00,WLH,3,
2.2,车型2_020,车型2,G1_车型2_020_0009,G1,standard,200,130,0,40,60,30,12.00,WLH,3,
2.2,车型2_020,车型2,G5_车型2_020_0005,G5,oriented,200,190,0,40,40,60,18.00,LWH,1,
2.2,车型2_020,车型2,G2_车型2_020_0011,G2,standard,250,0,0,50,35,25,8.00,LWH,1,
2.2,车型2_020,车型2,G2_车型2_020_0012,G2,standard,250,35,0,50,35,25,8.00,LWH,1,
2.2,车型2_020,车型2,G3_车型2_020_0003,G3,fragile,250,70,0,50,70,40,15.00,WLH,2,
2.2,车型2_020,车型2,G3_车型2_020_0004,G3,fragile,250,140,0,50,70,40,15.00,WLH,2,
2.2,车型2_020,车型2,G1_车型2_020_0010,G1,standard,250,210,0,40,30,60,12.00,WHL,4,
2.2,车型2_020,车型2,G2_车型2_020_0013,G2,standard,300,0,0,50,35,25,8.00,LWH,1,
2.2,车型2_020,车型2,G2_车型2_020_0014,G2,standard,300,35,0,50,35,25,8.00,LWH,1,
2.2,车型2_020,车型2,G1_车型2_020_0011,G1,standard,300,70,0,40,60,30,12.00,WLH,3,
2.2,车型2_020,车型2,G5_车型2_020_0006,G5,oriented,300,130,0,40,40,60,18.00,LWH,1,
2.2,车型2_020,车型2,G5_车型2_020_0007,G5,oriented,300,170,0,40,40,60,18.00,LWH,1,
2.2,车型2_020,车型2,G1_车型2_020_0012,G1,standard,300,210,0,40,30,60,12.00,WHL,4,
2.2,车型2_020,车型2,G2_车型2_020_0015,G2,standard,350,0,0,50,35,25,8.00,LWH,1,
2.2,车型2_020,车型2,G2_车型2_020_0016,G2,standard,350,35,0,50,35,25,8.00,LWH,1,
2.2,车型2_020,车型2,G1_车型2_020_0013,G1,standard,350,70,0,40,60,30,12.00,WLH,3,
2.2,车型2_020,车型2,G1_车型2_020_0014,G1,standard,350,130,0,40,60,30,12.00,WLH,3,
2.2,车型2_020,车型2,G5_车型2_020_0008,G5,oriented,350,190,0,40,40,60,18.00,LWH,1,
2.2,车型2_020,车型2,G2_车型2_020_0017,G2,standard,400,0,0,50,35,25,8.00,LWH,1,
2.2,车型2_020,车型2,G2_车型2_020_0018,G2,standard,400,35,0,50,35,25,8.00,LWH,1,
2.2,车型2_020,车型2,G3_车型2_020_0005,G3,fragile,400,70,0,50,70,40,15.00,WLH,2,
2.2,车型2_020,车型2,G3_车型2_020_0006,G3,fragile,400,140,0,50,70,40,15.00,WLH,2,
2.2,车型2_020,车型2,G1_车型2_020_0015,G1,standard,400,210,0,40,30,60,12.00,WHL,4,
2.2,车型2_020,车型2,G2_车型2_020_0019,G2,standard,450,0,0,50,35,25,8.00,LWH,1,
2.2,车型2_020,车型2,G2_车型2_020_0020,G2,standard,450,35,0,50,35,25,8.00,LWH,1,
2.2,车型2_020,车型2,G1_车型2_020_0016,G1,standard,450,70,0,40,60,30,12.00,WLH,3,
2.2,车型2_020,车型2,G5_车型2_020_0009,G5,oriented,450,130,0,40,40,60,18.00,LWH,1,
2.2,车型2_020,车型2,G5_车型2_020_0010,G5,oriented,450,170,0,40,40,60,18.00,LWH,1,
2.2,车型2_020,车型2,G4_车型2_020_0001,G4,oriented,500,0,0,80,60,50,25.00,LWH,1,
2.2,车型2_020,车型2,G4_车型2_020_0002,G4,oriented,500,60,0,80,60,50,25.00,LWH,1,
2.2,车型2_020,车型2,G4_车型2_020_0003,G4,oriented,500,120,0,80,60,50,25.00,LWH,1,
2.2,车型2_020,车型2,G4_车型2_020_0004,G4,oriented,500,180,0,80,60,50,25.00,LWH,1,
2.2,车型2_020,车型2,G4_车型2_020_0005,G4,oriented,580,0,0,80,60,50,25.00,LWH,1,
2.2,车型2_020,车型2,G4_车型2_020_0006,G4,oriented,580,60,0,80,60,50,25.00,LWH,1,
2.2,车型2_020,车型2,G4_车型2_020_0007,G4,oriented,580,120,0,80,60,50,25.00,LWH,1,
2.2,车型2_020,车型2,G4_车型2_020_0008,G4,oriented,580,180,0,80,60,50,25.00,LWH,1,
2.2,车型2_021,车型2,G2_车型2_021_0001,G2,standard,0,0,0,50,35,25,8.00,LWH,1,
2.2,车型2_021,车型2,G2_车型2_021_0002,G2,standard,0,35,0,50,35,25,8.00,LWH,1,
2.2,车型2_021,车型2,G1_车型2_021_0001,G1,standard,0,70,0,40,60,30,12.00,WLH,3,
2.2,车型2_021,车型2,G1_车型2_021_0002,G1,standard,0,130,0,40,60,30,12.00,WLH,3,
2.2,车型2_021,车型2,G5_车型2_021_0001,G5,oriented,0,190,0,40,40,60,18.00,LWH,1,
2.2,车型2_021,车型2,G2_车型2_021_0003,G2,standard,50,0,0,50,35,25,8.00,LWH,1,
2.2,车型2_021,车型2,G2_车型2_021_0004,G2,standard,50,35,0,50,35,25,8.00,LWH,1,
2.2,车型2_021,车型2,G1_车型2_021_0003,G1,standard,50,70,0,40,60,30,12.00,WLH,3,
2.2,车型2_021,车型2,G1_车型2_021_0004,G1,standard,50,130,0,40,60,30,12.00,WLH,3,
2.2,车型2_021,车型2,G5_车型2_021_0002,G5,oriented,50,190,0,40,40,60,18.00,LWH,1,
2.2,车型2_021,车型2,G2_车型2_021_0005,G2,standard,100,0,0,50,35,25,8.00,LWH,1,
2.2,车型2_021,车型2,G2_车型2_021_0006,G2,standard,100,35,0,50,35,25,8.00,LWH,1,
2.2,车型2_021,车型2,G3_车型2_021_0001,G3,fragile,100,70,0,50,70,40,15.00,WLH,2,
2.2,车型2_021,车型2,G3_车型2_021_0002,G3,fragile,100,140,0,50,70,40,15.00,WLH,2,
2.2,车型2_021,车型2,G1_车型2_021_0005,G1,standard,100,210,0,40,30,60,12.00,WHL,4,
2.2,车型2_021,车型2,G2_车型2_021_0007,G2,standard,150,0,0,50,35,25,8.00,LWH,1,
2.2,车型2_021,车型2,G2_车型2_021_0008,G2,standard,150,35,0,50,35,25,8.00,LWH,1,
2.2,车型2_021,车型2,G1_车型2_021_0006,G1,standard,150,70,0,40,60,30,12.00,WLH,3,
2.2,车型2_021,车型2,G5_车型2_021_0003,G5,oriented,150,130,0,40,40,60,18.00,LWH,1,
2.2,车型2_021,车型2,G5_车型2_021_0004,G5,oriented,150,170,0,40,40,60,18.00,LWH,1,
2.2,车型2_021,车型2,G1_车型2_021_0007,G1,standard,150,210,0,40,30,60,12.00,WHL,4,
2.2,车型2_021,车型2,G2_车型2_021_0009,G2,standard,200,0,0,50,35,25,8.00,LWH,1,
2.2,车型2_021,车型2,G2_车型2_021_0010,G2,standard,200,35,0,50,35,25,8.00,LWH,1,
2.2,车型2_021,车型2,G1_车型2_021_0008,G1,standard,200,70,0,40,60,30,12.00,WLH,3,
2.2,车型2_021,车型2,G1_车型2_021_0009,G1,standard,200,130,0,40,60,30,12.00,WLH,3,
2.2,车型2_021,车型2,G5_车型2_021_0005,G5,oriented,200,190,0,40,40,60,18.00,LWH,1,
2.2,车型2_021,车型2,G2_车型2_021_0011,G2,standard,250,0,0,50,35,25,8.00,LWH,1,
2.2,车型2_021,车型2,G2_车型2_021_0012,G2,standard,250,35,0,50,35,25,8.00,LWH,1,
2.2,车型2_021,车型2,G3_车型2_021_0003,G3,fragile,250,70,0,50,70,40,15.00,WLH,2,
2.2,车型2_021,车型2,G3_车型2_021_0004,G3,fragile,250,140,0,50,70,40,15.00,WLH,2,
2.2,车型2_021,车型2,G1_车型2_021_0010,G1,standard,250,210,0,40,30,60,12.00,WHL,4,
2.2,车型2_021,车型2,G2_车型2_021_0013,G2,standard,300,0,0,50,35,25,8.00,LWH,1,
2.2,车型2_021,车型2,G2_车型2_021_0014,G2,standard,300,35,0,50,35,25,8.00,LWH,1,
2.2,车型2_021,车型2,G1_车型2_021_0011,G1,standard,300,70,0,40,60,30,12.00,WLH,3,
2.2,车型2_021,车型2,G5_车型2_021_0006,G5,oriented,300,130,0,40,40,60,18.00,LWH,1,
2.2,车型2_021,车型2,G5_车型2_021_0007,G5,oriented,300,170,0,40,40,60,18.00,LWH,1,
2.2,车型2_021,车型2,G1_车型2_021_0012,G1,standard,300,210,0,40,30,60,12.00,WHL,4,
2.2,车型2_021,车型2,G2_车型2_021_0015,G2,standard,350,0,0,50,35,25,8.00,LWH,1,
2.2,车型2_021,车型2,G2_车型2_021_0016,G2,standard,350,35,0,50,35,25,8.00,LWH,1,
2.2,车型2_021,车型2,G1_车型2_021_0013,G1,standard,350,70,0,40,60,30,12.00,WLH,3,
2.2,车型2_021,车型2,G1_车型2_021_0014,G1,standard,350,130,0,40,60,30,12.00,WLH,3,
2.2,车型2_021,车型2,G5_车型2_021_0008,G5,oriented,350,190,0,40,40,60,18.00,LWH,1,
2.2,车型2_021,车型2,G2_车型2_021_0017,G2,standard,400,0,0,50,35,25,8.00,LWH,1,
2.2,车型2_021,车型2,G2_车型2_021_0018,G2,standard,400,35,0,50,35,25,8.00,LWH,1,
2.2,车型2_021,车型2,G3_车型2_021_0005,G3,fragile,400,70,0,50,70,40,15.00,WLH,2,
2.2,车型2_021,车型2,G3_车型2_021_0006,G3,fragile,400,140,0,50,70,40,15.00,WLH,2,
2.2,车型2_021,车型2,G1_车型2_021_0015,G1,standard,400,210,0,40,30,60,12.00,WHL,4,
2.2,车型2_021,车型2,G2_车型2_021_0019,G2,standard,450,0,0,50,35,25,8.00,LWH,1,
2.2,车型2_021,车型2,G2_车型2_021_0020,G2,standard,450,35,0,50,35,25,8.00,LWH,1,
2.2,车型2_021,车型2,G1_车型2_021_0016,G1,standard,450,70,0,40,60,30,12.00,WLH,3,
2.2,车型2_021,车型2,G5_车型2_021_0009,G5,oriented,450,130,0,40,40,60,18.00,LWH,1,
2.2,车型2_021,车型2,G5_车型2_021_0010,G5,oriented,450,170,0,40,40,60,18.00,LWH,1,
2.2,车型2_021,车型2,G4_车型2_021_0001,G4,oriented,500,0,0,80,60,50,25.00,LWH,1,
2.2,车型2_021,车型2,G4_车型2_021_0002,G4,oriented,500,60,0,80,60,50,25.00,LWH,1,
2.2,车型2_021,车型2,G4_车型2_021_0003,G4,oriented,500,120,0,80,60,50,25.00,LWH,1,
2.2,车型2_021,车型2,G4_车型2_021_0004,G4,oriented,500,180,0,80,60,50,25.00,LWH,1,
2.2,车型2_021,车型2,G4_车型2_021_0005,G4,oriented,580,0,0,80,60,50,25.00,LWH,1,
2.2,车型2_021,车型2,G4_车型2_021_0006,G4,oriented,580,60,0,80,60,50,25.00,LWH,1,
2.2,车型2_021,车型2,G4_车型2_021_0007,G4,oriented,580,120,0,80,60,50,25.00,LWH,1,
2.2,车型2_021,车型2,G4_车型2_021_0008,G4,oriented,580,180,0,80,60,50,25.00,LWH,1,
2.2,车型2_022,车型2,G2_车型2_022_0001,G2,standard,0,0,0,50,35,25,8.00,LWH,1,
2.2,车型2_022,车型2,G2_车型2_022_0002,G2,standard,0,35,0,50,35,25,8.00,LWH,1,
2.2,车型2_022,车型2,G1_车型2_022_0001,G1,standard,0,70,0,40,60,30,12.00,WLH,3,
2.2,车型2_022,车型2,G1_车型2_022_0002,G1,standard,0,130,0,40,60,30,12.00,WLH,3,
2.2,车型2_022,车型2,G5_车型2_022_0001,G5,oriented,0,190,0,40,40,60,18.00,LWH,1,
2.2,车型2_022,车型2,G2_车型2_022_0003,G2,standard,50,0,0,50,35,25,8.00,LWH,1,
2.2,车型2_022,车型2,G2_车型2_022_0004,G2,standard,50,35,0,50,35,25,8.00,LWH,1,
2.2,车型2_022,车型2,G1_车型2_022_0003,G1,standard,50,70,0,40,60,30,12.00,WLH,3,
2.2,车型2_022,车型2,G1_车型2_022_0004,G1,standard,50,130,0,40,60,30,12.00,WLH,3,
2.2,车型2_022,车型2,G5_车型2_022_0002,G5,oriented,50,190,0,40,40,60,18.00,LWH,1,
2.2,车型2_022,车型2,G2_车型2_022_0005,G2,standard,100,0,0,50,35,25,8.00,LWH,1,
2.2,车型2_022,车型2,G2_车型2_022_0006,G2,standard,100,35,0,50,35,25,8.00,LWH,1,
2.2,车型2_022,车型2,G3_车型2_022_0001,G3,fragile,100,70,0,50,70,40,15.00,WLH,2,
2.2,车型2_022,车型2,G3_车型2_022_0002,G3,fragile,100,140,0,50,70,40,15.00,WLH,2,
2.2,车型2_022,车型2,G1_车型2_022_0005,G1,standard,100,210,0,40,30,60,12.00,WHL,4,
2.2,车型2_022,车型2,G2_车型2_022_0007,G2,standard,150,0,0,50,35,25,8.00,LWH,1,
2.2,车型2_022,车型2,G2_车型2_022_0008,G2,standard,150,35,0,50,35,25,8.00,LWH,1,
2.2,车型2_022,车型2,G1_车型2_022_0006,G1,standard,150,70,0,40,60,30,12.00,WLH,3,
2.2,车型2_022,车型2,G5_车型2_022_0003,G5,oriented,150,130,0,40,40,60,18.00,LWH,1,
2.2,车型2_022,车型2,G5_车型2_022_0004,G5,oriented,150,170,0,40,40,60,18.00,LWH,1,
2.2,车型2_022,车型2,G1_车型2_022_0007,G1,standard,150,210,0,40,30,60,12.00,WHL,4,
2.2,车型2_022,车型2,G2_车型2_022_0009,G2,standard,200,0,0,50,35,25,8.00,LWH,1,
2.2,车型2_022,车型2,G2_车型2_022_0010,G2,standard,200,35,0,50,35,25,8.00,LWH,1,
2.2,车型2_022,车型2,G1_车型2_022_0008,G1,standard,200,70,0,40,60,30,12.00,WLH,3,
2.2,车型2_022,车型2,G1_车型2_022_0009,G1,standard,200,130,0,40,60,30,12.00,WLH,3,
2.2,车型2_022,车型2,G5_车型2_022_0005,G5,oriented,200,190,0,40,40,60,18.00,LWH,1,
2.2,车型2_022,车型2,G2_车型2_022_0011,G2,standard,250,0,0,50,35,25,8.00,LWH,1,
2.2,车型2_022,车型2,G2_车型2_022_0012,G2,standard,250,35,0,50,35,25,8.00,LWH,1,
2.2,车型2_022,车型2,G3_车型2_022_0003,G3,fragile,250,70,0,50,70,40,15.00,WLH,2,
2.2,车型2_022,车型2,G3_车型2_022_0004,G3,fragile,250,140,0,50,70,40,15.00,WLH,2,
2.2,车型2_022,车型2,G1_车型2_022_0010,G1,standard,250,210,0,40,30,60,12.00,WHL,4,
2.2,车型2_022,车型2,G2_车型2_022_0013,G2,standard,300,0,0,50,35,25,8.00,LWH,1,
2.2,车型2_022,车型2,G2_车型2_022_0014,G2,standard,300,35,0,50,35,25,8.00,LWH,1,
2.2,车型2_022,车型2,G1_车型2_022_0011,G1,standard,300,70,0,40,60,30,12.00,WLH,3,
2.2,车型2_022,车型2,G5_车型2_022_0006,G5,oriented,300,130,0,40,40,60,18.00,LWH,1,
2.2,车型2_022,车型2,G5_车型2_022_0007,G5,oriented,300,170,0,40,40,60,18.00,LWH,1,
2.2,车型2_022,车型2,G1_车型2_022_0012,G1,standard,300,210,0,40,30,60,12.00,WHL,4,
2.2,车型2_022,车型2,G2_车型2_022_0015,G2,standard,350,0,0,50,35,25,8.00,LWH,1,
2.2,车型2_022,车型2,G2_车型2_022_0016,G2,standard,350,35,0,50,35,25,8.00,LWH,1,
2.2,车型2_022,车型2,G1_车型2_022_0013,G1,standard,350,70,0,40,60,30,12.00,WLH,3,
2.2,车型2_022,车型2,G1_车型2_022_0014,G1,standard,350,130,0,40,60,30,12.00,WLH,3,
2.2,车型2_022,车型2,G5_车型2_022_0008,G5,oriented,350,190,0,40,40,60,18.00,LWH,1,
2.2,车型2_022,车型2,G2_车型2_022_0017,G2,standard,400,0,0,50,35,25,8.00,LWH,1,
2.2,车型2_022,车型2,G2_车型2_022_0018,G2,standard,400,35,0,50,35,25,8.00,LWH,1,
2.2,车型2_022,车型2,G3_车型2_022_0005,G3,fragile,400,70,0,50,70,40,15.00,WLH,2,
2.2,车型2_022,车型2,G3_车型2_022_0006,G3,fragile,400,140,0,50,70,40,15.00,WLH,2,
2.2,车型2_022,车型2,G1_车型2_022_0015,G1,standard,400,210,0,40,30,60,12.00,WHL,4,
2.2,车型2_022,车型2,G2_车型2_022_0019,G2,standard,450,0,0,50,35,25,8.00,LWH,1,
2.2,车型2_022,车型2,G2_车型2_022_0020,G2,standard,450,35,0,50,35,25,8.00,LWH,1,
2.2,车型2_022,车型2,G1_车型2_022_0016,G1,standard,450,70,0,40,60,30,12.00,WLH,3,
2.2,车型2_022,车型2,G5_车型2_022_0009,G5,oriented,450,130,0,40,40,60,18.00,LWH,1,
2.2,车型2_022,车型2,G5_车型2_022_0010,G5,oriented,450,170,0,40,40,60,18.00,LWH,1,
2.2,车型2_022,车型2,G4_车型2_022_0001,G4,oriented,500,0,0,80,60,50,25.00,LWH,1,
2.2,车型2_022,车型2,G4_车型2_022_0002,G4,oriented,500,60,0,80,60,50,25.00,LWH,1,
2.2,车型2_022,车型2,G4_车型2_022_0003,G4,oriented,500,120,0,80,60,50,25.00,LWH,1,
2.2,车型2_022,车型2,G4_车型2_022_0004,G4,oriented,500,180,0,80,60,50,25.00,LWH,1,
2.2,车型2_022,车型2,G4_车型2_022_0005,G4,oriented,580,0,0,80,60,50,25.00,LWH,1,
2.2,车型2_022,车型2,G4_车型2_022_0006,G4,oriented,580,60,0,80,60,50,25.00,LWH,1,
2.2,车型2_022,车型2,G4_车型2_022_0007,G4,oriented,580,120,0,80,60,50,25.00,LWH,1,
2.2,车型2_022,车型2,G4_车型2_022_0008,G4,oriented,580,180,0,80,60,50,25.00,LWH,1,
2.2,车型2_023,车型2,G2_车型2_023_0001,G2,standard,0,0,0,50,35,25,8.00,LWH,1,
2.2,车型2_023,车型2,G2_车型2_023_0002,G2,standard,0,35,0,50,35,25,8.00,LWH,1,
2.2,车型2_023,车型2,G1_车型2_023_0001,G1,standard,0,70,0,40,60,30,12.00,WLH,3,
2.2,车型2_023,车型2,G1_车型2_023_0002,G1,standard,0,130,0,40,60,30,12.00,WLH,3,
2.2,车型2_023,车型2,G5_车型2_023_0001,G5,oriented,0,190,0,40,40,60,18.00,LWH,1,
2.2,车型2_023,车型2,G2_车型2_023_0003,G2,standard,50,0,0,50,35,25,8.00,LWH,1,
2.2,车型2_023,车型2,G2_车型2_023_0004,G2,standard,50,35,0,50,35,25,8.00,LWH,1,
2.2,车型2_023,车型2,G1_车型2_023_0003,G1,standard,50,70,0,40,60,30,12.00,WLH,3,
2.2,车型2_023,车型2,G1_车型2_023_0004,G1,standard,50,130,0,40,60,30,12.00,WLH,3,
2.2,车型2_023,车型2,G5_车型2_023_0002,G5,oriented,50,190,0,40,40,60,18.00,LWH,1,
2.2,车型2_023,车型2,G2_车型2_023_0005,G2,standard,100,0,0,50,35,25,8.00,LWH,1,
2.2,车型2_023,车型2,G2_车型2_023_0006,G2,standard,100,35,0,50,35,25,8.00,LWH,1,
2.2,车型2_023,车型2,G3_车型2_023_0001,G3,fragile,100,70,0,50,70,40,15.00,WLH,2,
2.2,车型2_023,车型2,G3_车型2_023_0002,G3,fragile,100,140,0,50,70,40,15.00,WLH,2,
2.2,车型2_023,车型2,G1_车型2_023_0005,G1,standard,100,210,0,40,30,60,12.00,WHL,4,
2.2,车型2_023,车型2,G2_车型2_023_0007,G2,standard,150,0,0,50,35,25,8.00,LWH,1,
2.2,车型2_023,车型2,G2_车型2_023_0008,G2,standard,150,35,0,50,35,25,8.00,LWH,1,
2.2,车型2_023,车型2,G1_车型2_023_0006,G1,standard,150,70,0,40,60,30,12.00,WLH,3,
2.2,车型2_023,车型2,G5_车型2_023_0003,G5,oriented,150,130,0,40,40,60,18.00,LWH,1,
2.2,车型2_023,车型2,G5_车型2_023_0004,G5,oriented,150,170,0,40,40,60,18.00,LWH,1,
2.2,车型2_023,车型2,G1_车型2_023_0007,G1,standard,150,210,0,40,30,60,12.00,WHL,4,
2.2,车型2_023,车型2,G2_车型2_023_0009,G2,standard,200,0,0,50,35,25,8.00,LWH,1,
2.2,车型2_023,车型2,G2_车型2_023_0010,G2,standard,200,35,0,50,35,25,8.00,LWH,1,
2.2,车型2_023,车型2,G1_车型2_023_0008,G1,standard,200,70,0,40,60,30,12.00,WLH,3,
2.2,车型2_023,车型2,G1_车型2_023_0009,G1,standard,200,130,0,40,60,30,12.00,WLH,3,
2.2,车型2_023,车型2,G5_车型2_023_0005,G5,oriented,200,190,0,40,40,60,18.00,LWH,1,
2.2,车型2_023,车型2,G2_车型2_023_0011,G2,standard,250,0,0,50,35,25,8.00,LWH,1,
2.2,车型2_023,车型2,G2_车型2_023_0012,G2,standard,250,35,0,50,35,25,8.00,LWH,1,
2.2,车型2_023,车型2,G3_车型2_023_0003,G3,fragile,250,70,0,50,70,40,15.00,WLH,2,
2.2,车型2_023,车型2,G3_车型2_023_0004,G3,fragile,250,140,0,50,70,40,15.00,WLH,2,
2.2,车型2_023,车型2,G1_车型2_023_0010,G1,standard,250,210,0,40,30,60,12.00,WHL,4,
2.2,车型2_023,车型2,G2_车型2_023_0013,G2,standard,300,0,0,50,35,25,8.00,LWH,1,
2.2,车型2_023,车型2,G2_车型2_023_0014,G2,standard,300,35,0,50,35,25,8.00,LWH,1,
2.2,车型2_023,车型2,G1_车型2_023_0011,G1,standard,300,70,0,40,60,30,12.00,WLH,3,
2.2,车型2_023,车型2,G5_车型2_023_0006,G5,oriented,300,130,0,40,40,60,18.00,LWH,1,
2.2,车型2_023,车型2,G5_车型2_023_0007,G5,oriented,300,170,0,40,40,60,18.00,LWH,1,
2.2,车型2_023,车型2,G1_车型2_023_0012,G1,standard,300,210,0,40,30,60,12.00,WHL,4,
2.2,车型2_023,车型2,G2_车型2_023_0015,G2,standard,350,0,0,50,35,25,8.00,LWH,1,
2.2,车型2_023,车型2,G2_车型2_023_0016,G2,standard,350,35,0,50,35,25,8.00,LWH,1,
2.2,车型2_023,车型2,G1_车型2_023_0013,G1,standard,350,70,0,40,60,30,12.00,WLH,3,
2.2,车型2_023,车型2,G1_车型2_023_0014,G1,standard,350,130,0,40,60,30,12.00,WLH,3,
2.2,车型2_023,车型2,G5_车型2_023_0008,G5,oriented,350,190,0,40,40,60,18.00,LWH,1,
2.2,车型2_023,车型2,G2_车型2_023_0017,G2,standard,400,0,0,50,35,25,8.00,LWH,1,
2.2,车型2_023,车型2,G2_车型2_023_0018,G2,standard,400,35,0,50,35,25,8.00,LWH,1,
2.2,车型2_023,车型2,G3_车型2_023_0005,G3,fragile,400,70,0,50,70,40,15.00,WLH,2,
2.2,车型2_023,车型2,G3_车型2_023_0006,G3,fragile,400,140,0,50,70,40,15.00,WLH,2,
2.2,车型2_023,车型2,G1_车型2_023_0015,G1,standard,400,210,0,40,30,60,12.00,WHL,4,
2.2,车型2_023,车型2,G2_车型2_023_0019,G2,standard,450,0,0,50,35,25,8.00,LWH,1,
2.2,车型2_023,车型2,G2_车型2_023_0020,G2,standard,450,35,0,50,35,25,8.00,LWH,1,
2.2,车型2_023,车型2,G1_车型2_023_0016,G1,standard,450,70,0,40,60,30,12.00,WLH,3,
2.2,车型2_023,车型2,G5_车型2_023_0009,G5,oriented,450,130,0,40,40,60,18.00,LWH,1,
2.2,车型2_023,车型2,G5_车型2_023_0010,G5,oriented,450,170,0,40,40,60,18.00,LWH,1,
2.2,车型2_023,车型2,G4_车型2_023_0001,G4,oriented,500,0,0,80,60,50,25.00,LWH,1,
2.2,车型2_023,车型2,G4_车型2_023_0002,G4,oriented,500,60,0,80,60,50,25.00,LWH,1,
2.2,车型2_023,车型2,G4_车型2_023_0003,G4,oriented,500,120,0,80,60,50,25.00,LWH,1,
2.2,车型2_023,车型2,G4_车型2_023_0004,G4,oriented,500,180,0,80,60,50,25.00,LWH,1,
2.2,车型2_023,车型2,G4_车型2_023_0005,G4,oriented,580,0,0,80,60,50,25.00,LWH,1,
2.2,车型2_023,车型2,G4_车型2_023_0006,G4,oriented,580,60,0,80,60,50,25.00,LWH,1,
2.2,车型2_023,车型2,G4_车型2_023_0007,G4,oriented,580,120,0,80,60,50,25.00,LWH,1,
2.2,车型2_023,车型2,G4_车型2_023_0008,G4,oriented,580,180,0,80,60,50,25.00,LWH,1,
2.2,车型2_024,车型2,G2_车型2_024_0001,G2,standard,0,0,0,50,35,25,8.00,LWH,1,
2.2,车型2_024,车型2,G2_车型2_024_0002,G2,standard,0,35,0,50,35,25,8.00,LWH,1,
2.2,车型2_024,车型2,G1_车型2_024_0001,G1,standard,0,70,0,40,60,30,12.00,WLH,3,
2.2,车型2_024,车型2,G1_车型2_024_0002,G1,standard,0,130,0,40,60,30,12.00,WLH,3,
2.2,车型2_024,车型2,G5_车型2_024_0001,G5,oriented,0,190,0,40,40,60,18.00,LWH,1,
2.2,车型2_024,车型2,G2_车型2_024_0003,G2,standard,50,0,0,50,35,25,8.00,LWH,1,
2.2,车型2_024,车型2,G2_车型2_024_0004,G2,standard,50,35,0,50,35,25,8.00,LWH,1,
2.2,车型2_024,车型2,G1_车型2_024_0003,G1,standard,50,70,0,40,60,30,12.00,WLH,3,
2.2,车型2_024,车型2,G1_车型2_024_0004,G1,standard,50,130,0,40,60,30,12.00,WLH,3,
2.2,车型2_024,车型2,G5_车型2_024_0002,G5,oriented,50,190,0,40,40,60,18.00,LWH,1,
2.2,车型2_024,车型2,G2_车型2_024_0005,G2,standard,100,0,0,50,35,25,8.00,LWH,1,
2.2,车型2_024,车型2,G2_车型2_024_0006,G2,standard,100,35,0,50,35,25,8.00,LWH,1,
2.2,车型2_024,车型2,G3_车型2_024_0001,G3,fragile,100,70,0,50,70,40,15.00,WLH,2,
2.2,车型2_024,车型2,G3_车型2_024_0002,G3,fragile,100,140,0,50,70,40,15.00,WLH,2,
2.2,车型2_024,车型2,G1_车型2_024_0005,G1,standard,100,210,0,40,30,60,12.00,WHL,4,
2.2,车型2_024,车型2,G2_车型2_024_0007,G2,standard,150,0,0,50,35,25,8.00,LWH,1,
2.2,车型2_024,车型2,G2_车型2_024_0008,G2,standard,150,35,0,50,35,25,8.00,LWH,1,
2.2,车型2_024,车型2,G1_车型2_024_0006,G1,standard,150,70,0,40,60,30,12.00,WLH,3,
2.2,车型2_024,车型2,G5_车型2_024_0003,G5,oriented,150,130,0,40,40,60,18.00,LWH,1,
2.2,车型2_024,车型2,G5_车型2_024_0004,G5,oriented,150,170,0,40,40,60,18.00,LWH,1,
2.2,车型2_024,车型2,G1_车型2_024_0007,G1,standard,150,210,0,40,30,60,12.00,WHL,4,
2.2,车型2_024,车型2,G2_车型2_024_0009,G2,standard,200,0,0,50,35,25,8.00,LWH,1,
2.2,车型2_024,车型2,G2_车型2_024_0010,G2,standard,200,35,0,50,35,25,8.00,LWH,1,
2.2,车型2_024,车型2,G1_车型2_024_0008,G1,standard,200,70,0,40,60,30,12.00,WLH,3,
2.2,车型2_024,车型2,G1_车型2_024_0009,G1,standard,200,130,0,40,60,30,12.00,WLH,3,
2.2,车型2_024,车型2,G5_车型2_024_0005,G5,oriented,200,190,0,40,40,60,18.00,LWH,1,
2.2,车型2_024,车型2,G2_车型2_024_0011,G2,standard,250,0,0,50,35,25,8.00,LWH,1,
2.2,车型2_024,车型2,G2_车型2_024_0012,G2,standard,250,35,0,50,35,25,8.00,LWH,1,
2.2,车型2_024,车型2,G3_车型2_024_0003,G3,fragile,250,70,0,50,70,40,15.00,WLH,2,
2.2,车型2_024,车型2,G3_车型2_024_0004,G3,fragile,250,140,0,50,70,40,15.00,WLH,2,
2.2,车型2_024,车型2,G1_车型2_024_0010,G1,standard,250,210,0,40,30,60,12.00,WHL,4,
2.2,车型2_024,车型2,G2_车型2_024_0013,G2,standard,300,0,0,50,35,25,8.00,LWH,1,
2.2,车型2_024,车型2,G2_车型2_024_0014,G2,standard,300,35,0,50,35,25,8.00,LWH,1,
2.2,车型2_024,车型2,G1_车型2_024_0011,G1,standard,300,70,0,40,60,30,12.00,WLH,3,
2.2,车型2_024,车型2,G5_车型2_024_0006,G5,oriented,300,130,0,40,40,60,18.00,LWH,1,
2.2,车型2_024,车型2,G5_车型2_024_0007,G5,oriented,300,170,0,40,40,60,18.00,LWH,1,
2.2,车型2_024,车型2,G1_车型2_024_0012,G1,standard,300,210,0,40,30,60,12.00,WHL,4,
2.2,车型2_024,车型2,G2_车型2_024_0015,G2,standard,350,0,0,50,35,25,8.00,LWH,1,
2.2,车型2_024,车型2,G2_车型2_024_0016,G2,standard,350,35,0,50,35,25,8.00,LWH,1,
2.2,车型2_024,车型2,G1_车型2_024_0013,G1,standard,350,70,0,40,60,30,12.00,WLH,3,
2.2,车型2_024,车型2,G1_车型2_024_0014,G1,standard,350,130,0,40,60,30,12.00,WLH,3,
2.2,车型2_024,车型2,G5_车型2_024_0008,G5,oriented,350,190,0,40,40,60,18.00,LWH,1,
2.2,车型2_024,车型2,G2_车型2_024_0017,G2,standard,400,0,0,50,35,25,8.00,LWH,1,
2.2,车型2_024,车型2,G2_车型2_024_0018,G2,standard,400,35,0,50,35,25,8.00,LWH,1,
2.2,车型2_024,车型2,G3_车型2_024_0005,G3,fragile,400,70,0,50,70,40,15.00,WLH,2,
2.2,车型2_024,车型2,G3_车型2_024_0006,G3,fragile,400,140,0,50,70,40,15.00,WLH,2,
2.2,车型2_024,车型2,G1_车型2_024_0015,G1,standard,400,210,0,40,30,60,12.00,WHL,4,
2.2,车型2_024,车型2,G2_车型2_024_0019,G2,standard,450,0,0,50,35,25,8.00,LWH,1,
2.2,车型2_024,车型2,G2_车型2_024_0020,G2,standard,450,35,0,50,35,25,8.00,LWH,1,
2.2,车型2_024,车型2,G1_车型2_024_0016,G1,standard,450,70,0,40,60,30,12.00,WLH,3,
2.2,车型2_024,车型2,G5_车型2_024_0009,G5,oriented,450,130,0,40,40,60,18.00,LWH,1,
2.2,车型2_024,车型2,G5_车型2_024_0010,G5,oriented,450,170,0,40,40,60,18.00,LWH,1,
2.2,车型2_024,车型2,G4_车型2_024_0001,G4,oriented,500,0,0,80,60,50,25.00,LWH,1,
2.2,车型2_024,车型2,G4_车型2_024_0002,G4,oriented,500,60,0,80,60,50,25.00,LWH,1,
2.2,车型2_024,车型2,G4_车型2_024_0003,G4,oriented,500,120,0,80,60,50,25.00,LWH,1,
2.2,车型2_024,车型2,G4_车型2_024_0004,G4,oriented,500,180,0,80,60,50,25.00,LWH,1,
2.2,车型2_024,车型2,G4_车型2_024_0005,G4,oriented,580,0,0,80,60,50,25.00,LWH,1,
2.2,车型2_024,车型2,G4_车型2_024_0006,G4,oriented,580,60,0,80,60,50,25.00,LWH,1,
2.2,车型2_024,车型2,G4_车型2_024_0007,G4,oriented,580,120,0,80,60,50,25.00,LWH,1,
2.2,车型2_024,车型2,G4_车型2_024_0008,G4,oriented,580,180,0,80,60,50,25.00,LWH,1,
2.2,车型2_025,车型2,G2_车型2_025_0001,G2,standard,0,0,0,50,35,25,8.00,LWH,1,
2.2,车型2_025,车型2,G2_车型2_025_0002,G2,standard,0,35,0,50,35,25,8.00,LWH,1,
2.2,车型2_025,车型2,G1_车型2_025_0001,G1,standard,0,70,0,40,60,30,12.00,WLH,3,
2.2,车型2_025,车型2,G1_车型2_025_0002,G1,standard,0,130,0,40,60,30,12.00,WLH,3,
2.2,车型2_025,车型2,G5_车型2_025_0001,G5,oriented,0,190,0,40,40,60,18.00,LWH,1,
2.2,车型2_025,车型2,G2_车型2_025_0003,G2,standard,50,0,0,50,35,25,8.00,LWH,1,
2.2,车型2_025,车型2,G2_车型2_025_0004,G2,standard,50,35,0,50,35,25,8.00,LWH,1,
2.2,车型2_025,车型2,G1_车型2_025_0003,G1,standard,50,70,0,40,60,30,12.00,WLH,3,
2.2,车型2_025,车型2,G1_车型2_025_0004,G1,standard,50,130,0,40,60,30,12.00,WLH,3,
2.2,车型2_025,车型2,G5_车型2_025_0002,G5,oriented,50,190,0,40,40,60,18.00,LWH,1,
2.2,车型2_025,车型2,G2_车型2_025_0005,G2,standard,100,0,0,50,35,25,8.00,LWH,1,
2.2,车型2_025,车型2,G2_车型2_025_0006,G2,standard,100,35,0,50,35,25,8.00,LWH,1,
2.2,车型2_025,车型2,G3_车型2_025_0001,G3,fragile,100,70,0,50,70,40,15.00,WLH,2,
2.2,车型2_025,车型2,G3_车型2_025_0002,G3,fragile,100,140,0,50,70,40,15.00,WLH,2,
2.2,车型2_025,车型2,G1_车型2_025_0005,G1,standard,100,210,0,40,30,60,12.00,WHL,4,
2.2,车型2_025,车型2,G2_车型2_025_0007,G2,standard,150,0,0,50,35,25,8.00,LWH,1,
2.2,车型2_025,车型2,G2_车型2_025_0008,G2,standard,150,35,0,50,35,25,8.00,LWH,1,
2.2,车型2_025,车型2,G1_车型2_025_0006,G1,standard,150,70,0,40,60,30,12.00,WLH,3,
2.2,车型2_025,车型2,G5_车型2_025_0003,G5,oriented,150,130,0,40,40,60,18.00,LWH,1,
2.2,车型2_025,车型2,G5_车型2_025_0004,G5,oriented,150,170,0,40,40,60,18.00,LWH,1,
2.2,车型2_025,车型2,G1_车型2_025_0007,G1,standard,150,210,0,40,30,60,12.00,WHL,4,
2.2,车型2_025,车型2,G2_车型2_025_0009,G2,standard,200,0,0,50,35,25,8.00,LWH,1,
2.2,车型2_025,车型2,G2_车型2_025_0010,G2,standard,200,35,0,50,35,25,8.00,LWH,1,
2.2,车型2_025,车型2,G1_车型2_025_0008,G1,standard,200,70,0,40,60,30,12.00,WLH,3,
2.2,车型2_025,车型2,G1_车型2_025_0009,G1,standard,200,130,0,40,60,30,12.00,WLH,3,
2.2,车型2_025,车型2,G5_车型2_025_0005,G5,oriented,200,190,0,40,40,60,18.00,LWH,1,
2.2,车型2_025,车型2,G2_车型2_025_0011,G2,standard,250,0,0,50,35,25,8.00,LWH,1,
2.2,车型2_025,车型2,G2_车型2_025_0012,G2,standard,250,35,0,50,35,25,8.00,LWH,1,
2.2,车型2_025,车型2,G3_车型2_025_0003,G3,fragile,250,70,0,50,70,40,15.00,WLH,2,
2.2,车型2_025,车型2,G3_车型2_025_0004,G3,fragile,250,140,0,50,70,40,15.00,WLH,2,
2.2,车型2_025,车型2,G1_车型2_025_0010,G1,standard,250,210,0,40,30,60,12.00,WHL,4,
2.2,车型2_025,车型2,G2_车型2_025_0013,G2,standard,300,0,0,50,35,25,8.00,LWH,1,
2.2,车型2_025,车型2,G2_车型2_025_0014,G2,standard,300,35,0,50,35,25,8.00,LWH,1,
2.2,车型2_025,车型2,G1_车型2_025_0011,G1,standard,300,70,0,40,60,30,12.00,WLH,3,
2.2,车型2_025,车型2,G5_车型2_025_0006,G5,oriented,300,130,0,40,40,60,18.00,LWH,1,
2.2,车型2_025,车型2,G5_车型2_025_0007,G5,oriented,300,170,0,40,40,60,18.00,LWH,1,
2.2,车型2_025,车型2,G1_车型2_025_0012,G1,standard,300,210,0,40,30,60,12.00,WHL,4,
2.2,车型2_025,车型2,G2_车型2_025_0015,G2,standard,350,0,0,50,35,25,8.00,LWH,1,
2.2,车型2_025,车型2,G2_车型2_025_0016,G2,standard,350,35,0,50,35,25,8.00,LWH,1,
2.2,车型2_025,车型2,G1_车型2_025_0013,G1,standard,350,70,0,40,60,30,12.00,WLH,3,
2.2,车型2_025,车型2,G1_车型2_025_0014,G1,standard,350,130,0,40,60,30,12.00,WLH,3,
2.2,车型2_025,车型2,G5_车型2_025_0008,G5,oriented,350,190,0,40,40,60,18.00,LWH,1,
2.2,车型2_025,车型2,G2_车型2_025_0017,G2,standard,400,0,0,50,35,25,8.00,LWH,1,
2.2,车型2_025,车型2,G2_车型2_025_0018,G2,standard,400,35,0,50,35,25,8.00,LWH,1,
2.2,车型2_025,车型2,G3_车型2_025_0005,G3,fragile,400,70,0,50,70,40,15.00,WLH,2,
2.2,车型2_025,车型2,G3_车型2_025_0006,G3,fragile,400,140,0,50,70,40,15.00,WLH,2,
2.2,车型2_025,车型2,G1_车型2_025_0015,G1,standard,400,210,0,40,30,60,12.00,WHL,4,
2.2,车型2_025,车型2,G2_车型2_025_0019,G2,standard,450,0,0,50,35,25,8.00,LWH,1,
2.2,车型2_025,车型2,G2_车型2_025_0020,G2,standard,450,35,0,50,35,25,8.00,LWH,1,
2.2,车型2_025,车型2,G1_车型2_025_0016,G1,standard,450,70,0,40,60,30,12.00,WLH,3,
2.2,车型2_025,车型2,G5_车型2_025_0009,G5,oriented,450,130,0,40,40,60,18.00,LWH,1,
2.2,车型2_025,车型2,G5_车型2_025_0010,G5,oriented,450,170,0,40,40,60,18.00,LWH,1,
2.2,车型2_025,车型2,G4_车型2_025_0001,G4,oriented,500,0,0,80,60,50,25.00,LWH,1,
2.2,车型2_025,车型2,G4_车型2_025_0002,G4,oriented,500,60,0,80,60,50,25.00,LWH,1,
2.2,车型2_025,车型2,G4_车型2_025_0003,G4,oriented,500,120,0,80,60,50,25.00,LWH,1,
2.2,车型2_025,车型2,G4_车型2_025_0004,G4,oriented,500,180,0,80,60,50,25.00,LWH,1,
2.2,车型2_025,车型2,G4_车型2_025_0005,G4,oriented,580,0,0,80,60,50,25.00,LWH,1,
2.2,车型2_025,车型2,G4_车型2_025_0006,G4,oriented,580,60,0,80,60,50,25.00,LWH,1,
2.2,车型2_025,车型2,G4_车型2_025_0007,G4,oriented,580,120,0,80,60,50,25.00,LWH,1,
2.2,车型2_025,车型2,G4_车型2_025_0008,G4,oriented,580,180,0,80,60,50,25.00,LWH,1,
2.2,车型2_026,车型2,G2_车型2_026_0001,G2,standard,0,0,0,50,35,25,8.00,LWH,1,
2.2,车型2_026,车型2,G2_车型2_026_0002,G2,standard,0,35,0,50,35,25,8.00,LWH,1,
2.2,车型2_026,车型2,G1_车型2_026_0001,G1,standard,0,70,0,40,60,30,12.00,WLH,3,
2.2,车型2_026,车型2,G1_车型2_026_0002,G1,standard,0,130,0,40,60,30,12.00,WLH,3,
2.2,车型2_026,车型2,G5_车型2_026_0001,G5,oriented,0,190,0,40,40,60,18.00,LWH,1,
2.2,车型2_026,车型2,G2_车型2_026_0003,G2,standard,50,0,0,50,35,25,8.00,LWH,1,
2.2,车型2_026,车型2,G2_车型2_026_0004,G2,standard,50,35,0,50,35,25,8.00,LWH,1,
2.2,车型2_026,车型2,G1_车型2_026_0003,G1,standard,50,70,0,40,60,30,12.00,WLH,3,
2.2,车型2_026,车型2,G1_车型2_026_0004,G1,standard,50,130,0,40,60,30,12.00,WLH,3,
2.2,车型2_026,车型2,G5_车型2_026_0002,G5,oriented,50,190,0,40,40,60,18.00,LWH,1,
2.2,车型2_026,车型2,G2_车型2_026_0005,G2,standard,100,0,0,50,35,25,8.00,LWH,1,
2.2,车型2_026,车型2,G2_车型2_026_0006,G2,standard,100,35,0,50,35,25,8.00,LWH,1,
2.2,车型2_026,车型2,G3_车型2_026_0001,G3,fragile,100,70,0,50,70,40,15.00,WLH,2,
2.2,车型2_026,车型2,G3_车型2_026_0002,G3,fragile,100,140,0,50,70,40,15.00,WLH,2,
2.2,车型2_026,车型2,G1_车型2_026_0005,G1,standard,100,210,0,40,30,60,12.00,WHL,4,
2.2,车型2_026,车型2,G2_车型2_026_0007,G2,standard,150,0,0,50,35,25,8.00,LWH,1,
2.2,车型2_026,车型2,G2_车型2_026_0008,G2,standard,150,35,0,50,35,25,8.00,LWH,1,
2.2,车型2_026,车型2,G1_车型2_026_0006,G1,standard,150,70,0,40,60,30,12.00,WLH,3,
2.2,车型2_026,车型2,G5_车型2_026_0003,G5,oriented,150,130,0,40,40,60,18.00,LWH,1,
2.2,车型2_026,车型2,G5_车型2_026_0004,G5,oriented,150,170,0,40,40,60,18.00,LWH,1,
2.2,车型2_026,车型2,G1_车型2_026_0007,G1,standard,150,210,0,40,30,60,12.00,WHL,4,
2.2,车型2_026,车型2,G2_车型2_026_0009,G2,standard,200,0,0,50,35,25,8.00,LWH,1,
2.2,车型2_026,车型2,G2_车型2_026_0010,G2,standard,200,35,0,50,35,25,8.00,LWH,1,
2.2,车型2_026,车型2,G1_车型2_026_0008,G1,standard,200,70,0,40,60,30,12.00,WLH,3,
2.2,车型2_026,车型2,G1_车型2_026_0009,G1,standard,200,130,0,40,60,30,12.00,WLH,3,
2.2,车型2_026,车型2,G5_车型2_026_0005,G5,oriented,200,190,0,40,40,60,18.00,LWH,1,
2.2,车型2_026,车型2,G2_车型2_026_0011,G2,standard,250,0,0,50,35,25,8.00,LWH,1,
2.2,车型2_026,车型2,G2_车型2_026_0012,G2,standard,250,35,0,50,35,25,8.00,LWH,1,
2.2,车型2_026,车型2,G3_车型2_026_0003,G3,fragile,250,70,0,50,70,40,15.00,WLH,2,
2.2,车型2_026,车型2,G3_车型2_026_0004,G3,fragile,250,140,0,50,70,40,15.00,WLH,2,
2.2,车型2_026,车型2,G1_车型2_026_0010,G1,standard,250,210,0,40,30,60,12.00,WHL,4,
2.2,车型2_026,车型2,G2_车型2_026_0013,G2,standard,300,0,0,50,35,25,8.00,LWH,1,
2.2,车型2_026,车型2,G2_车型2_026_0014,G2,standard,300,35,0,50,35,25,8.00,LWH,1,
2.2,车型2_026,车型2,G1_车型2_026_0011,G1,standard,300,70,0,40,60,30,12.00,WLH,3,
2.2,车型2_026,车型2,G5_车型2_026_0006,G5,oriented,300,130,0,40,40,60,18.00,LWH,1,
2.2,车型2_026,车型2,G5_车型2_026_0007,G5,oriented,300,170,0,40,40,60,18.00,LWH,1,
2.2,车型2_026,车型2,G1_车型2_026_0012,G1,standard,300,210,0,40,30,60,12.00,WHL,4,
2.2,车型2_026,车型2,G2_车型2_026_0015,G2,standard,350,0,0,50,35,25,8.00,LWH,1,
2.2,车型2_026,车型2,G2_车型2_026_0016,G2,standard,350,35,0,50,35,25,8.00,LWH,1,
2.2,车型2_026,车型2,G1_车型2_026_0013,G1,standard,350,70,0,40,60,30,12.00,WLH,3,
2.2,车型2_026,车型2,G1_车型2_026_0014,G1,standard,350,130,0,40,60,30,12.00,WLH,3,
2.2,车型2_026,车型2,G5_车型2_026_0008,G5,oriented,350,190,0,40,40,60,18.00,LWH,1,
2.2,车型2_026,车型2,G2_车型2_026_0017,G2,standard,400,0,0,50,35,25,8.00,LWH,1,
2.2,车型2_026,车型2,G2_车型2_026_0018,G2,standard,400,35,0,50,35,25,8.00,LWH,1,
2.2,车型2_026,车型2,G3_车型2_026_0005,G3,fragile,400,70,0,50,70,40,15.00,WLH,2,
2.2,车型2_026,车型2,G3_车型2_026_0006,G3,fragile,400,140,0,50,70,40,15.00,WLH,2,
2.2,车型2_026,车型2,G1_车型2_026_0015,G1,standard,400,210,0,40,30,60,12.00,WHL,4,
2.2,车型2_026,车型2,G2_车型2_026_0019,G2,standard,450,0,0,50,35,25,8.00,LWH,1,
2.2,车型2_026,车型2,G2_车型2_026_0020,G2,standard,450,35,0,50,35,25,8.00,LWH,1,
2.2,车型2_026,车型2,G1_车型2_026_0016,G1,standard,450,70,0,40,60,30,12.00,WLH,3,
2.2,车型2_026,车型2,G5_车型2_026_0009,G5,oriented,450,130,0,40,40,60,18.00,LWH,1,
2.2,车型2_026,车型2,G5_车型2_026_0010,G5,oriented,450,170,0,40,40,60,18.00,LWH,1,
2.2,车型2_026,车型2,G4_车型2_026_0001,G4,oriented,500,0,0,80,60,50,25.00,LWH,1,
2.2,车型2_026,车型2,G4_车型2_026_0002,G4,oriented,500,60,0,80,60,50,25.00,LWH,1,
2.2,车型2_026,车型2,G4_车型2_026_0003,G4,oriented,500,120,0,80,60,50,25.00,LWH,1,
2.2,车型2_026,车型2,G4_车型2_026_0004,G4,oriented,500,180,0,80,60,50,25.00,LWH,1,
2.2,车型2_026,车型2,G4_车型2_026_0005,G4,oriented,580,0,0,80,60,50,25.00,LWH,1,
2.2,车型2_026,车型2,G4_车型2_026_0006,G4,oriented,580,60,0,80,60,50,25.00,LWH,1,
2.2,车型2_026,车型2,G4_车型2_026_0007,G4,oriented,580,120,0,80,60,50,25.00,LWH,1,
2.2,车型2_026,车型2,G4_车型2_026_0008,G4,oriented,580,180,0,80,60,50,25.00,LWH,1,
2.2,车型2_027,车型2,G2_车型2_027_0001,G2,standard,0,0,0,50,35,25,8.00,LWH,1,
2.2,车型2_027,车型2,G2_车型2_027_0002,G2,standard,0,35,0,50,35,25,8.00,LWH,1,
2.2,车型2_027,车型2,G1_车型2_027_0001,G1,standard,0,70,0,40,60,30,12.00,WLH,3,
2.2,车型2_027,车型2,G1_车型2_027_0002,G1,standard,0,130,0,40,60,30,12.00,WLH,3,
2.2,车型2_027,车型2,G5_车型2_027_0001,G5,oriented,0,190,0,40,40,60,18.00,LWH,1,
2.2,车型2_027,车型2,G2_车型2_027_0003,G2,standard,50,0,0,50,35,25,8.00,LWH,1,
2.2,车型2_027,车型2,G2_车型2_027_0004,G2,standard,50,35,0,50,35,25,8.00,LWH,1,
2.2,车型2_027,车型2,G1_车型2_027_0003,G1,standard,50,70,0,40,60,30,12.00,WLH,3,
2.2,车型2_027,车型2,G1_车型2_027_0004,G1,standard,50,130,0,40,60,30,12.00,WLH,3,
2.2,车型2_027,车型2,G5_车型2_027_0002,G5,oriented,50,190,0,40,40,60,18.00,LWH,1,
2.2,车型2_027,车型2,G2_车型2_027_0005,G2,standard,100,0,0,50,35,25,8.00,LWH,1,
2.2,车型2_027,车型2,G2_车型2_027_0006,G2,standard,100,35,0,50,35,25,8.00,LWH,1,
2.2,车型2_027,车型2,G3_车型2_027_0001,G3,fragile,100,70,0,50,70,40,15.00,WLH,2,
2.2,车型2_027,车型2,G3_车型2_027_0002,G3,fragile,100,140,0,50,70,40,15.00,WLH,2,
2.2,车型2_027,车型2,G1_车型2_027_0005,G1,standard,100,210,0,40,30,60,12.00,WHL,4,
2.2,车型2_027,车型2,G2_车型2_027_0007,G2,standard,150,0,0,50,35,25,8.00,LWH,1,
2.2,车型2_027,车型2,G2_车型2_027_0008,G2,standard,150,35,0,50,35,25,8.00,LWH,1,
2.2,车型2_027,车型2,G1_车型2_027_0006,G1,standard,150,70,0,40,60,30,12.00,WLH,3,
2.2,车型2_027,车型2,G5_车型2_027_0003,G5,oriented,150,130,0,40,40,60,18.00,LWH,1,
2.2,车型2_027,车型2,G5_车型2_027_0004,G5,oriented,150,170,0,40,40,60,18.00,LWH,1,
2.2,车型2_027,车型2,G1_车型2_027_0007,G1,standard,150,210,0,40,30,60,12.00,WHL,4,
2.2,车型2_027,车型2,G2_车型2_027_0009,G2,standard,200,0,0,50,35,25,8.00,LWH,1,
2.2,车型2_027,车型2,G2_车型2_027_0010,G2,standard,200,35,0,50,35,25,8.00,LWH,1,
2.2,车型2_027,车型2,G1_车型2_027_0008,G1,standard,200,70,0,40,60,30,12.00,WLH,3,
2.2,车型2_027,车型2,G1_车型2_027_0009,G1,standard,200,130,0,40,60,30,12.00,WLH,3,
2.2,车型2_027,车型2,G5_车型2_027_0005,G5,oriented,200,190,0,40,40,60,18.00,LWH,1,
2.2,车型2_027,车型2,G2_车型2_027_0011,G2,standard,250,0,0,50,35,25,8.00,LWH,1,
2.2,车型2_027,车型2,G2_车型2_027_0012,G2,standard,250,35,0,50,35,25,8.00,LWH,1,
2.2,车型2_027,车型2,G3_车型2_027_0003,G3,fragile,250,70,0,50,70,40,15.00,WLH,2,
2.2,车型2_027,车型2,G3_车型2_027_0004,G3,fragile,250,140,0,50,70,40,15.00,WLH,2,
2.2,车型2_027,车型2,G1_车型2_027_0010,G1,standard,250,210,0,40,30,60,12.00,WHL,4,
2.2,车型2_027,车型2,G2_车型2_027_0013,G2,standard,300,0,0,50,35,25,8.00,LWH,1,
2.2,车型2_027,车型2,G2_车型2_027_0014,G2,standard,300,35,0,50,35,25,8.00,LWH,1,
2.2,车型2_027,车型2,G1_车型2_027_0011,G1,standard,300,70,0,40,60,30,12.00,WLH,3,
2.2,车型2_027,车型2,G5_车型2_027_0006,G5,oriented,300,130,0,40,40,60,18.00,LWH,1,
2.2,车型2_027,车型2,G5_车型2_027_0007,G5,oriented,300,170,0,40,40,60,18.00,LWH,1,
2.2,车型2_027,车型2,G1_车型2_027_0012,G1,standard,300,210,0,40,30,60,12.00,WHL,4,
2.2,车型2_027,车型2,G2_车型2_027_0015,G2,standard,350,0,0,50,35,25,8.00,LWH,1,
2.2,车型2_027,车型2,G2_车型2_027_0016,G2,standard,350,35,0,50,35,25,8.00,LWH,1,
2.2,车型2_027,车型2,G1_车型2_027_0013,G1,standard,350,70,0,40,60,30,12.00,WLH,3,
2.2,车型2_027,车型2,G1_车型2_027_0014,G1,standard,350,130,0,40,60,30,12.00,WLH,3,
2.2,车型2_027,车型2,G5_车型2_027_0008,G5,oriented,350,190,0,40,40,60,18.00,LWH,1,
2.2,车型2_027,车型2,G2_车型2_027_0017,G2,standard,400,0,0,50,35,25,8.00,LWH,1,
2.2,车型2_027,车型2,G2_车型2_027_0018,G2,standard,400,35,0,50,35,25,8.00,LWH,1,
2.2,车型2_027,车型2,G3_车型2_027_0005,G3,fragile,400,70,0,50,70,40,15.00,WLH,2,
2.2,车型2_027,车型2,G3_车型2_027_0006,G3,fragile,400,140,0,50,70,40,15.00,WLH,2,
2.2,车型2_027,车型2,G1_车型2_027_0015,G1,standard,400,210,0,40,30,60,12.00,WHL,4,
2.2,车型2_027,车型2,G2_车型2_027_0019,G2,standard,450,0,0,50,35,25,8.00,LWH,1,
2.2,车型2_027,车型2,G2_车型2_027_0020,G2,standard,450,35,0,50,35,25,8.00,LWH,1,
2.2,车型2_027,车型2,G1_车型2_027_0016,G1,standard,450,70,0,40,60,30,12.00,WLH,3,
2.2,车型2_027,车型2,G5_车型2_027_0009,G5,oriented,450,130,0,40,40,60,18.00,LWH,1,
2.2,车型2_027,车型2,G5_车型2_027_0010,G5,oriented,450,170,0,40,40,60,18.00,LWH,1,
2.2,车型2_027,车型2,G4_车型2_027_0001,G4,oriented,500,0,0,80,60,50,25.00,LWH,1,
2.2,车型2_027,车型2,G4_车型2_027_0002,G4,oriented,500,60,0,80,60,50,25.00,LWH,1,
2.2,车型2_027,车型2,G4_车型2_027_0003,G4,oriented,500,120,0,80,60,50,25.00,LWH,1,
2.2,车型2_027,车型2,G4_车型2_027_0004,G4,oriented,500,180,0,80,60,50,25.00,LWH,1,
2.2,车型2_027,车型2,G4_车型2_027_0005,G4,oriented,580,0,0,80,60,50,25.00,LWH,1,
2.2,车型2_027,车型2,G4_车型2_027_0006,G4,oriented,580,60,0,80,60,50,25.00,LWH,1,
2.2,车型2_027,车型2,G4_车型2_027_0007,G4,oriented,580,120,0,80,60,50,25.00,LWH,1,
2.2,车型2_027,车型2,G4_车型2_027_0008,G4,oriented,580,180,0,80,60,50,25.00,LWH,1,
2.2,车型2_028,车型2,G2_车型2_028_0001,G2,standard,0,0,0,50,35,25,8.00,LWH,1,
2.2,车型2_028,车型2,G2_车型2_028_0002,G2,standard,0,35,0,50,35,25,8.00,LWH,1,
2.2,车型2_028,车型2,G1_车型2_028_0001,G1,standard,0,70,0,40,60,30,12.00,WLH,3,
2.2,车型2_028,车型2,G1_车型2_028_0002,G1,standard,0,130,0,40,60,30,12.00,WLH,3,
2.2,车型2_028,车型2,G5_车型2_028_0001,G5,oriented,0,190,0,40,40,60,18.00,LWH,1,
2.2,车型2_028,车型2,G2_车型2_028_0003,G2,standard,50,0,0,50,35,25,8.00,LWH,1,
2.2,车型2_028,车型2,G2_车型2_028_0004,G2,standard,50,35,0,50,35,25,8.00,LWH,1,
2.2,车型2_028,车型2,G1_车型2_028_0003,G1,standard,50,70,0,40,60,30,12.00,WLH,3,
2.2,车型2_028,车型2,G1_车型2_028_0004,G1,standard,50,130,0,40,60,30,12.00,WLH,3,
2.2,车型2_028,车型2,G5_车型2_028_0002,G5,oriented,50,190,0,40,40,60,18.00,LWH,1,
2.2,车型2_028,车型2,G2_车型2_028_0005,G2,standard,100,0,0,50,35,25,8.00,LWH,1,
2.2,车型2_028,车型2,G2_车型2_028_0006,G2,standard,100,35,0,50,35,25,8.00,LWH,1,
2.2,车型2_028,车型2,G3_车型2_028_0001,G3,fragile,100,70,0,50,70,40,15.00,WLH,2,
2.2,车型2_028,车型2,G3_车型2_028_0002,G3,fragile,100,140,0,50,70,40,15.00,WLH,2,
2.2,车型2_028,车型2,G1_车型2_028_0005,G1,standard,100,210,0,40,30,60,12.00,WHL,4,
2.2,车型2_028,车型2,G2_车型2_028_0007,G2,standard,150,0,0,50,35,25,8.00,LWH,1,
2.2,车型2_028,车型2,G2_车型2_028_0008,G2,standard,150,35,0,50,35,25,8.00,LWH,1,
2.2,车型2_028,车型2,G1_车型2_028_0006,G1,standard,150,70,0,40,60,30,12.00,WLH,3,
2.2,车型2_028,车型2,G5_车型2_028_0003,G5,oriented,150,130,0,40,40,60,18.00,LWH,1,
2.2,车型2_028,车型2,G5_车型2_028_0004,G5,oriented,150,170,0,40,40,60,18.00,LWH,1,
2.2,车型2_028,车型2,G1_车型2_028_0007,G1,standard,150,210,0,40,30,60,12.00,WHL,4,
2.2,车型2_028,车型2,G2_车型2_028_0009,G2,standard,200,0,0,50,35,25,8.00,LWH,1,
2.2,车型2_028,车型2,G2_车型2_028_0010,G2,standard,200,35,0,50,35,25,8.00,LWH,1,
2.2,车型2_028,车型2,G1_车型2_028_0008,G1,standard,200,70,0,40,60,30,12.00,WLH,3,
2.2,车型2_028,车型2,G1_车型2_028_0009,G1,standard,200,130,0,40,60,30,12.00,WLH,3,
2.2,车型2_028,车型2,G5_车型2_028_0005,G5,oriented,200,190,0,40,40,60,18.00,LWH,1,
2.2,车型2_028,车型2,G2_车型2_028_0011,G2,standard,250,0,0,50,35,25,8.00,LWH,1,
2.2,车型2_028,车型2,G2_车型2_028_0012,G2,standard,250,35,0,50,35,25,8.00,LWH,1,
2.2,车型2_028,车型2,G3_车型2_028_0003,G3,fragile,250,70,0,50,70,40,15.00,WLH,2,
2.2,车型2_028,车型2,G3_车型2_028_0004,G3,fragile,250,140,0,50,70,40,15.00,WLH,2,
2.2,车型2_028,车型2,G1_车型2_028_0010,G1,standard,250,210,0,40,30,60,12.00,WHL,4,
2.2,车型2_028,车型2,G2_车型2_028_0013,G2,standard,300,0,0,50,35,25,8.00,LWH,1,
2.2,车型2_028,车型2,G2_车型2_028_0014,G2,standard,300,35,0,50,35,25,8.00,LWH,1,
2.2,车型2_028,车型2,G1_车型2_028_0011,G1,standard,300,70,0,40,60,30,12.00,WLH,3,
2.2,车型2_028,车型2,G5_车型2_028_0006,G5,oriented,300,130,0,40,40,60,18.00,LWH,1,
2.2,车型2_028,车型2,G5_车型2_028_0007,G5,oriented,300,170,0,40,40,60,18.00,LWH,1,
2.2,车型2_028,车型2,G1_车型2_028_0012,G1,standard,300,210,0,40,30,60,12.00,WHL,4,
2.2,车型2_028,车型2,G2_车型2_028_0015,G2,standard,350,0,0,50,35,25,8.00,LWH,1,
2.2,车型2_028,车型2,G2_车型2_028_0016,G2,standard,350,35,0,50,35,25,8.00,LWH,1,
2.2,车型2_028,车型2,G1_车型2_028_0013,G1,standard,350,70,0,40,60,30,12.00,WLH,3,
2.2,车型2_028,车型2,G1_车型2_028_0014,G1,standard,350,130,0,40,60,30,12.00,WLH,3,
2.2,车型2_028,车型2,G5_车型2_028_0008,G5,oriented,350,190,0,40,40,60,18.00,LWH,1,
2.2,车型2_028,车型2,G2_车型2_028_0017,G2,standard,400,0,0,50,35,25,8.00,LWH,1,
2.2,车型2_028,车型2,G2_车型2_028_0018,G2,standard,400,35,0,50,35,25,8.00,LWH,1,
2.2,车型2_028,车型2,G3_车型2_028_0005,G3,fragile,400,70,0,50,70,40,15.00,WLH,2,
2.2,车型2_028,车型2,G3_车型2_028_0006,G3,fragile,400,140,0,50,70,40,15.00,WLH,2,
2.2,车型2_028,车型2,G1_车型2_028_0015,G1,standard,400,210,0,40,30,60,12.00,WHL,4,
2.2,车型2_028,车型2,G2_车型2_028_0019,G2,standard,450,0,0,50,35,25,8.00,LWH,1,
2.2,车型2_028,车型2,G2_车型2_028_0020,G2,standard,450,35,0,50,35,25,8.00,LWH,1,
2.2,车型2_028,车型2,G1_车型2_028_0016,G1,standard,450,70,0,40,60,30,12.00,WLH,3,
2.2,车型2_028,车型2,G5_车型2_028_0009,G5,oriented,450,130,0,40,40,60,18.00,LWH,1,
2.2,车型2_028,车型2,G5_车型2_028_0010,G5,oriented,450,170,0,40,40,60,18.00,LWH,1,
2.2,车型2_028,车型2,G4_车型2_028_0001,G4,oriented,500,0,0,80,60,50,25.00,LWH,1,
2.2,车型2_028,车型2,G4_车型2_028_0002,G4,oriented,500,60,0,80,60,50,25.00,LWH,1,
2.2,车型2_028,车型2,G4_车型2_028_0003,G4,oriented,500,120,0,80,60,50,25.00,LWH,1,
2.2,车型2_028,车型2,G4_车型2_028_0004,G4,oriented,500,180,0,80,60,50,25.00,LWH,1,
2.2,车型2_028,车型2,G4_车型2_028_0005,G4,oriented,580,0,0,80,60,50,25.00,LWH,1,
2.2,车型2_028,车型2,G4_车型2_028_0006,G4,oriented,580,60,0,80,60,50,25.00,LWH,1,
2.2,车型2_028,车型2,G4_车型2_028_0007,G4,oriented,580,120,0,80,60,50,25.00,LWH,1,
2.2,车型2_028,车型2,G4_车型2_028_0008,G4,oriented,580,180,0,80,60,50,25.00,LWH,1,
2.2,车型2_029,车型2,G2_车型2_029_0001,G2,standard,0,0,0,50,35,25,8.00,LWH,1,
2.2,车型2_029,车型2,G2_车型2_029_0002,G2,standard,0,35,0,50,35,25,8.00,LWH,1,
2.2,车型2_029,车型2,G1_车型2_029_0001,G1,standard,0,70,0,40,60,30,12.00,WLH,3,
2.2,车型2_029,车型2,G1_车型2_029_0002,G1,standard,0,130,0,40,60,30,12.00,WLH,3,
2.2,车型2_029,车型2,G5_车型2_029_0001,G5,oriented,0,190,0,40,40,60,18.00,LWH,1,
2.2,车型2_029,车型2,G2_车型2_029_0003,G2,standard,50,0,0,50,35,25,8.00,LWH,1,
2.2,车型2_029,车型2,G2_车型2_029_0004,G2,standard,50,35,0,50,35,25,8.00,LWH,1,
2.2,车型2_029,车型2,G1_车型2_029_0003,G1,standard,50,70,0,40,60,30,12.00,WLH,3,
2.2,车型2_029,车型2,G1_车型2_029_0004,G1,standard,50,130,0,40,60,30,12.00,WLH,3,
2.2,车型2_029,车型2,G5_车型2_029_0002,G5,oriented,50,190,0,40,40,60,18.00,LWH,1,
2.2,车型2_029,车型2,G2_车型2_029_0005,G2,standard,100,0,0,50,35,25,8.00,LWH,1,
2.2,车型2_029,车型2,G2_车型2_029_0006,G2,standard,100,35,0,50,35,25,8.00,LWH,1,
2.2,车型2_029,车型2,G3_车型2_029_0001,G3,fragile,100,70,0,50,70,40,15.00,WLH,2,
2.2,车型2_029,车型2,G3_车型2_029_0002,G3,fragile,100,140,0,50,70,40,15.00,WLH,2,
2.2,车型2_029,车型2,G1_车型2_029_0005,G1,standard,100,210,0,40,30,60,12.00,WHL,4,
2.2,车型2_029,车型2,G2_车型2_029_0007,G2,standard,150,0,0,50,35,25,8.00,LWH,1,
2.2,车型2_029,车型2,G2_车型2_029_0008,G2,standard,150,35,0,50,35,25,8.00,LWH,1,
2.2,车型2_029,车型2,G1_车型2_029_0006,G1,standard,150,70,0,40,60,30,12.00,WLH,3,
2.2,车型2_029,车型2,G5_车型2_029_0003,G5,oriented,150,130,0,40,40,60,18.00,LWH,1,
2.2,车型2_029,车型2,G5_车型2_029_0004,G5,oriented,150,170,0,40,40,60,18.00,LWH,1,
2.2,车型2_029,车型2,G1_车型2_029_0007,G1,standard,150,210,0,40,30,60,12.00,WHL,4,
2.2,车型2_029,车型2,G2_车型2_029_0009,G2,standard,200,0,0,50,35,25,8.00,LWH,1,
2.2,车型2_029,车型2,G2_车型2_029_0010,G2,standard,200,35,0,50,35,25,8.00,LWH,1,
2.2,车型2_029,车型2,G1_车型2_029_0008,G1,standard,200,70,0,40,60,30,12.00,WLH,3,
2.2,车型2_029,车型2,G1_车型2_029_0009,G1,standard,200,130,0,40,60,30,12.00,WLH,3,
2.2,车型2_029,车型2,G5_车型2_029_0005,G5,oriented,200,190,0,40,40,60,18.00,LWH,1,
2.2,车型2_029,车型2,G2_车型2_029_0011,G2,standard,250,0,0,50,35,25,8.00,LWH,1,
2.2,车型2_029,车型2,G2_车型2_029_0012,G2,standard,250,35,0,50,35,25,8.00,LWH,1,
2.2,车型2_029,车型2,G3_车型2_029_0003,G3,fragile,250,70,0,50,70,40,15.00,WLH,2,
2.2,车型2_029,车型2,G3_车型2_029_0004,G3,fragile,250,140,0,50,70,40,15.00,WLH,2,
2.2,车型2_029,车型2,G1_车型2_029_0010,G1,standard,250,210,0,40,30,60,12.00,WHL,4,
2.2,车型2_029,车型2,G2_车型2_029_0013,G2,standard,300,0,0,50,35,25,8.00,LWH,1,
2.2,车型2_029,车型2,G2_车型2_029_0014,G2,standard,300,35,0,50,35,25,8.00,LWH,1,
2.2,车型2_029,车型2,G1_车型2_029_0011,G1,standard,300,70,0,40,60,30,12.00,WLH,3,
2.2,车型2_029,车型2,G5_车型2_029_0006,G5,oriented,300,130,0,40,40,60,18.00,LWH,1,
2.2,车型2_029,车型2,G5_车型2_029_0007,G5,oriented,300,170,0,40,40,60,18.00,LWH,1,
2.2,车型2_029,车型2,G1_车型2_029_0012,G1,standard,300,210,0,40,30,60,12.00,WHL,4,
2.2,车型2_029,车型2,G2_车型2_029_0015,G2,standard,350,0,0,50,35,25,8.00,LWH,1,
2.2,车型2_029,车型2,G2_车型2_029_0016,G2,standard,350,35,0,50,35,25,8.00,LWH,1,
2.2,车型2_029,车型2,G1_车型2_029_0013,G1,standard,350,70,0,40,60,30,12.00,WLH,3,
2.2,车型2_029,车型2,G1_车型2_029_0014,G1,standard,350,130,0,40,60,30,12.00,WLH,3,
2.2,车型2_029,车型2,G5_车型2_029_0008,G5,oriented,350,190,0,40,40,60,18.00,LWH,1,
2.2,车型2_029,车型2,G2_车型2_029_0017,G2,standard,400,0,0,50,35,25,8.00,LWH,1,
2.2,车型2_029,车型2,G2_车型2_029_0018,G2,standard,400,35,0,50,35,25,8.00,LWH,1,
2.2,车型2_029,车型2,G3_车型2_029_0005,G3,fragile,400,70,0,50,70,40,15.00,WLH,2,
2.2,车型2_029,车型2,G3_车型2_029_0006,G3,fragile,400,140,0,50,70,40,15.00,WLH,2,
2.2,车型2_029,车型2,G1_车型2_029_0015,G1,standard,400,210,0,40,30,60,12.00,WHL,4,
2.2,车型2_029,车型2,G2_车型2_029_0019,G2,standard,450,0,0,50,35,25,8.00,LWH,1,
2.2,车型2_029,车型2,G2_车型2_029_0020,G2,standard,450,35,0,50,35,25,8.00,LWH,1,
2.2,车型2_029,车型2,G1_车型2_029_0016,G1,standard,450,70,0,40,60,30,12.00,WLH,3,
2.2,车型2_029,车型2,G5_车型2_029_0009,G5,oriented,450,130,0,40,40,60,18.00,LWH,1,
2.2,车型2_029,车型2,G5_车型2_029_0010,G5,oriented,450,170,0,40,40,60,18.00,LWH,1,
2.2,车型2_029,车型2,G4_车型2_029_0001,G4,oriented,500,0,0,80,60,50,25.00,LWH,1,
2.2,车型2_029,车型2,G4_车型2_029_0002,G4,oriented,500,60,0,80,60,50,25.00,LWH,1,
2.2,车型2_029,车型2,G4_车型2_029_0003,G4,oriented,500,120,0,80,60,50,25.00,LWH,1,
2.2,车型2_029,车型2,G4_车型2_029_0004,G4,oriented,500,180,0,80,60,50,25.00,LWH,1,
2.2,车型2_029,车型2,G4_车型2_029_0005,G4,oriented,580,0,0,80,60,50,25.00,LWH,1,
2.2,车型2_029,车型2,G4_车型2_029_0006,G4,oriented,580,60,0,80,60,50,25.00,LWH,1,
2.2,车型2_029,车型2,G4_车型2_029_0007,G4,oriented,580,120,0,80,60,50,25.00,LWH,1,
2.2,车型2_029,车型2,G4_车型2_029_0008,G4,oriented,580,180,0,80,60,50,25.00,LWH,1,
2.2,车型2_030,车型2,G2_车型2_030_0001,G2,standard,0,0,0,50,35,25,8.00,LWH,1,
2.2,车型2_030,车型2,G2_车型2_030_0002,G2,standard,0,35,0,50,35,25,8.00,LWH,1,
2.2,车型2_030,车型2,G1_车型2_030_0001,G1,standard,0,70,0,40,60,30,12.00,WLH,3,
2.2,车型2_030,车型2,G1_车型2_030_0002,G1,standard,0,130,0,40,60,30,12.00,WLH,3,
2.2,车型2_030,车型2,G5_车型2_030_0001,G5,oriented,0,190,0,40,40,60,18.00,LWH,1,
2.2,车型2_030,车型2,G2_车型2_030_0003,G2,standard,50,0,0,50,35,25,8.00,LWH,1,
2.2,车型2_030,车型2,G2_车型2_030_0004,G2,standard,50,35,0,50,35,25,8.00,LWH,1,
2.2,车型2_030,车型2,G1_车型2_030_0003,G1,standard,50,70,0,40,60,30,12.00,WLH,3,
2.2,车型2_030,车型2,G1_车型2_030_0004,G1,standard,50,130,0,40,60,30,12.00,WLH,3,
2.2,车型2_030,车型2,G5_车型2_030_0002,G5,oriented,50,190,0,40,40,60,18.00,LWH,1,
2.2,车型2_030,车型2,G2_车型2_030_0005,G2,standard,100,0,0,50,35,25,8.00,LWH,1,
2.2,车型2_030,车型2,G2_车型2_030_0006,G2,standard,100,35,0,50,35,25,8.00,LWH,1,
2.2,车型2_030,车型2,G3_车型2_030_0001,G3,fragile,100,70,0,50,70,40,15.00,WLH,2,
2.2,车型2_030,车型2,G3_车型2_030_0002,G3,fragile,100,140,0,50,70,40,15.00,WLH,2,
2.2,车型2_030,车型2,G1_车型2_030_0005,G1,standard,100,210,0,40,30,60,12.00,WHL,4,
2.2,车型2_030,车型2,G2_车型2_030_0007,G2,standard,150,0,0,50,35,25,8.00,LWH,1,
2.2,车型2_030,车型2,G2_车型2_030_0008,G2,standard,150,35,0,50,35,25,8.00,LWH,1,
2.2,车型2_030,车型2,G1_车型2_030_0006,G1,standard,150,70,0,40,60,30,12.00,WLH,3,
2.2,车型2_030,车型2,G5_车型2_030_0003,G5,oriented,150,130,0,40,40,60,18.00,LWH,1,
2.2,车型2_030,车型2,G5_车型2_030_0004,G5,oriented,150,170,0,40,40,60,18.00,LWH,1,
2.2,车型2_030,车型2,G1_车型2_030_0007,G1,standard,150,210,0,40,30,60,12.00,WHL,4,
2.2,车型2_030,车型2,G2_车型2_030_0009,G2,standard,200,0,0,50,35,25,8.00,LWH,1,
2.2,车型2_030,车型2,G2_车型2_030_0010,G2,standard,200,35,0,50,35,25,8.00,LWH,1,
2.2,车型2_030,车型2,G1_车型2_030_0008,G1,standard,200,70,0,40,60,30,12.00,WLH,3,
2.2,车型2_030,车型2,G1_车型2_030_0009,G1,standard,200,130,0,40,60,30,12.00,WLH,3,
2.2,车型2_030,车型2,G5_车型2_030_0005,G5,oriented,200,190,0,40,40,60,18.00,LWH,1,
2.2,车型2_030,车型2,G2_车型2_030_0011,G2,standard,250,0,0,50,35,25,8.00,LWH,1,
2.2,车型2_030,车型2,G2_车型2_030_0012,G2,standard,250,35,0,50,35,25,8.00,LWH,1,
2.2,车型2_030,车型2,G3_车型2_030_0003,G3,fragile,250,70,0,50,70,40,15.00,WLH,2,
2.2,车型2_030,车型2,G3_车型2_030_0004,G3,fragile,250,140,0,50,70,40,15.00,WLH,2,
2.2,车型2_030,车型2,G1_车型2_030_0010,G1,standard,250,210,0,40,30,60,12.00,WHL,4,
2.2,车型2_030,车型2,G2_车型2_030_0013,G2,standard,300,0,0,50,35,25,8.00,LWH,1,
2.2,车型2_030,车型2,G2_车型2_030_0014,G2,standard,300,35,0,50,35,25,8.00,LWH,1,
2.2,车型2_030,车型2,G1_车型2_030_0011,G1,standard,300,70,0,40,60,30,12.00,WLH,3,
2.2,车型2_030,车型2,G5_车型2_030_0006,G5,oriented,300,130,0,40,40,60,18.00,LWH,1,
2.2,车型2_030,车型2,G5_车型2_030_0007,G5,oriented,300,170,0,40,40,60,18.00,LWH,1,
2.2,车型2_030,车型2,G1_车型2_030_0012,G1,standard,300,210,0,40,30,60,12.00,WHL,4,
2.2,车型2_030,车型2,G2_车型2_030_0015,G2,standard,350,0,0,50,35,25,8.00,LWH,1,
2.2,车型2_030,车型2,G2_车型2_030_0016,G2,standard,350,35,0,50,35,25,8.00,LWH,1,
2.2,车型2_030,车型2,G1_车型2_030_0013,G1,standard,350,70,0,40,60,30,12.00,WLH,3,
2.2,车型2_030,车型2,G1_车型2_030_0014,G1,standard,350,130,0,40,60,30,12.00,WLH,3,
2.2,车型2_030,车型2,G5_车型2_030_0008,G5,oriented,350,190,0,40,40,60,18.00,LWH,1,
2.2,车型2_030,车型2,G2_车型2_030_0017,G2,standard,400,0,0,50,35,25,8.00,LWH,1,
2.2,车型2_030,车型2,G2_车型2_030_0018,G2,standard,400,35,0,50,35,25,8.00,LWH,1,
2.2,车型2_030,车型2,G3_车型2_030_0005,G3,fragile,400,70,0,50,70,40,15.00,WLH,2,
2.2,车型2_030,车型2,G3_车型2_030_0006,G3,fragile,400,140,0,50,70,40,15.00,WLH,2,
2.2,车型2_030,车型2,G1_车型2_030_0015,G1,standard,400,210,0,40,30,60,12.00,WHL,4,
2.2,车型2_030,车型2,G2_车型2_030_0019,G2,standard,450,0,0,50,35,25,8.00,LWH,1,
2.2,车型2_030,车型2,G2_车型2_030_0020,G2,standard,450,35,0,50,35,25,8.00,LWH,1,
2.2,车型2_030,车型2,G1_车型2_030_0016,G1,standard,450,70,0,40,60,30,12.00,WLH,3,
2.2,车型2_030,车型2,G5_车型2_030_0009,G5,oriented,450,130,0,40,40,60,18.00,LWH,1,
2.2,车型2_030,车型2,G5_车型2_030_0010,G5,oriented,450,170,0,40,40,60,18.00,LWH,1,
2.2,车型2_030,车型2,G4_车型2_030_0001,G4,oriented,500,0,0,80,60,50,25.00,LWH,1,
2.2,车型2_030,车型2,G4_车型2_030_0002,G4,oriented,500,60,0,80,60,50,25.00,LWH,1,
2.2,车型2_030,车型2,G4_车型2_030_0003,G4,oriented,500,120,0,80,60,50,25.00,LWH,1,
2.2,车型2_030,车型2,G4_车型2_030_0004,G4,oriented,500,180,0,80,60,50,25.00,LWH,1,
2.2,车型2_030,车型2,G4_车型2_030_0005,G4,oriented,580,0,0,80,60,50,25.00,LWH,1,
2.2,车型2_030,车型2,G4_车型2_030_0006,G4,oriented,580,60,0,80,60,50,25.00,LWH,1,
2.2,车型2_030,车型2,G4_车型2_030_0007,G4,oriented,580,120,0,80,60,50,25.00,LWH,1,
2.2,车型2_030,车型2,G4_车型2_030_0008,G4,oriented,580,180,0,80,60,50,25.00,LWH,1,
2.2,车型2_031,车型2,G2_车型2_031_0001,G2,standard,0,0,0,50,35,25,8.00,LWH,1,
2.2,车型2_031,车型2,G2_车型2_031_0002,G2,standard,0,35,0,50,35,25,8.00,LWH,1,
2.2,车型2_031,车型2,G1_车型2_031_0001,G1,standard,0,70,0,40,60,30,12.00,WLH,3,
2.2,车型2_031,车型2,G1_车型2_031_0002,G1,standard,0,130,0,40,60,30,12.00,WLH,3,
2.2,车型2_031,车型2,G5_车型2_031_0001,G5,oriented,0,190,0,40,40,60,18.00,LWH,1,
2.2,车型2_031,车型2,G2_车型2_031_0003,G2,standard,50,0,0,50,35,25,8.00,LWH,1,
2.2,车型2_031,车型2,G2_车型2_031_0004,G2,standard,50,35,0,50,35,25,8.00,LWH,1,
2.2,车型2_031,车型2,G1_车型2_031_0003,G1,standard,50,70,0,40,60,30,12.00,WLH,3,
2.2,车型2_031,车型2,G1_车型2_031_0004,G1,standard,50,130,0,40,60,30,12.00,WLH,3,
2.2,车型2_031,车型2,G5_车型2_031_0002,G5,oriented,50,190,0,40,40,60,18.00,LWH,1,
2.2,车型2_031,车型2,G2_车型2_031_0005,G2,standard,100,0,0,50,35,25,8.00,LWH,1,
2.2,车型2_031,车型2,G2_车型2_031_0006,G2,standard,100,35,0,50,35,25,8.00,LWH,1,
2.2,车型2_031,车型2,G3_车型2_031_0001,G3,fragile,100,70,0,50,70,40,15.00,WLH,2,
2.2,车型2_031,车型2,G3_车型2_031_0002,G3,fragile,100,140,0,50,70,40,15.00,WLH,2,
2.2,车型2_031,车型2,G1_车型2_031_0005,G1,standard,100,210,0,40,30,60,12.00,WHL,4,
2.2,车型2_031,车型2,G2_车型2_031_0007,G2,standard,150,0,0,50,35,25,8.00,LWH,1,
2.2,车型2_031,车型2,G2_车型2_031_0008,G2,standard,150,35,0,50,35,25,8.00,LWH,1,
2.2,车型2_031,车型2,G1_车型2_031_0006,G1,standard,150,70,0,40,60,30,12.00,WLH,3,
2.2,车型2_031,车型2,G5_车型2_031_0003,G5,oriented,150,130,0,40,40,60,18.00,LWH,1,
2.2,车型2_031,车型2,G5_车型2_031_0004,G5,oriented,150,170,0,40,40,60,18.00,LWH,1,
2.2,车型2_031,车型2,G1_车型2_031_0007,G1,standard,150,210,0,40,30,60,12.00,WHL,4,
2.2,车型2_031,车型2,G2_车型2_031_0009,G2,standard,200,0,0,50,35,25,8.00,LWH,1,
2.2,车型2_031,车型2,G2_车型2_031_0010,G2,standard,200,35,0,50,35,25,8.00,LWH,1,
2.2,车型2_031,车型2,G1_车型2_031_0008,G1,standard,200,70,0,40,60,30,12.00,WLH,3,
2.2,车型2_031,车型2,G1_车型2_031_0009,G1,standard,200,130,0,40,60,30,12.00,WLH,3,
2.2,车型2_031,车型2,G5_车型2_031_0005,G5,oriented,200,190,0,40,40,60,18.00,LWH,1,
2.2,车型2_031,车型2,G2_车型2_031_0011,G2,standard,250,0,0,50,35,25,8.00,LWH,1,
2.2,车型2_031,车型2,G2_车型2_031_0012,G2,standard,250,35,0,50,35,25,8.00,LWH,1,
2.2,车型2_031,车型2,G3_车型2_031_0003,G3,fragile,250,70,0,50,70,40,15.00,WLH,2,
2.2,车型2_031,车型2,G3_车型2_031_0004,G3,fragile,250,140,0,50,70,40,15.00,WLH,2,
2.2,车型2_031,车型2,G1_车型2_031_0010,G1,standard,250,210,0,40,30,60,12.00,WHL,4,
2.2,车型2_031,车型2,G2_车型2_031_0013,G2,standard,300,0,0,50,35,25,8.00,LWH,1,
2.2,车型2_031,车型2,G2_车型2_031_0014,G2,standard,300,35,0,50,35,25,8.00,LWH,1,
2.2,车型2_031,车型2,G1_车型2_031_0011,G1,standard,300,70,0,40,60,30,12.00,WLH,3,
2.2,车型2_031,车型2,G5_车型2_031_0006,G5,oriented,300,130,0,40,40,60,18.00,LWH,1,
2.2,车型2_031,车型2,G5_车型2_031_0007,G5,oriented,300,170,0,40,40,60,18.00,LWH,1,
2.2,车型2_031,车型2,G1_车型2_031_0012,G1,standard,300,210,0,40,30,60,12.00,WHL,4,
2.2,车型2_031,车型2,G2_车型2_031_0015,G2,standard,350,0,0,50,35,25,8.00,LWH,1,
2.2,车型2_031,车型2,G2_车型2_031_0016,G2,standard,350,35,0,50,35,25,8.00,LWH,1,
2.2,车型2_031,车型2,G1_车型2_031_0013,G1,standard,350,70,0,40,60,30,12.00,WLH,3,
2.2,车型2_031,车型2,G1_车型2_031_0014,G1,standard,350,130,0,40,60,30,12.00,WLH,3,
2.2,车型2_031,车型2,G5_车型2_031_0008,G5,oriented,350,190,0,40,40,60,18.00,LWH,1,
2.2,车型2_031,车型2,G2_车型2_031_0017,G2,standard,400,0,0,50,35,25,8.00,LWH,1,
2.2,车型2_031,车型2,G2_车型2_031_0018,G2,standard,400,35,0,50,35,25,8.00,LWH,1,
2.2,车型2_031,车型2,G3_车型2_031_0005,G3,fragile,400,70,0,50,70,40,15.00,WLH,2,
2.2,车型2_031,车型2,G3_车型2_031_0006,G3,fragile,400,140,0,50,70,40,15.00,WLH,2,
2.2,车型2_031,车型2,G1_车型2_031_0015,G1,standard,400,210,0,40,30,60,12.00,WHL,4,
2.2,车型2_031,车型2,G2_车型2_031_0019,G2,standard,450,0,0,50,35,25,8.00,LWH,1,
2.2,车型2_031,车型2,G2_车型2_031_0020,G2,standard,450,35,0,50,35,25,8.00,LWH,1,
2.2,车型2_031,车型2,G1_车型2_031_0016,G1,standard,450,70,0,40,60,30,12.00,WLH,3,
2.2,车型2_031,车型2,G5_车型2_031_0009,G5,oriented,450,130,0,40,40,60,18.00,LWH,1,
2.2,车型2_031,车型2,G5_车型2_031_0010,G5,oriented,450,170,0,40,40,60,18.00,LWH,1,
2.2,车型2_031,车型2,G4_车型2_031_0001,G4,oriented,500,0,0,80,60,50,25.00,LWH,1,
2.2,车型2_031,车型2,G4_车型2_031_0002,G4,oriented,500,60,0,80,60,50,25.00,LWH,1,
2.2,车型2_031,车型2,G4_车型2_031_0003,G4,oriented,500,120,0,80,60,50,25.00,LWH,1,
2.2,车型2_031,车型2,G4_车型2_031_0004,G4,oriented,500,180,0,80,60,50,25.00,LWH,1,
2.2,车型2_031,车型2,G4_车型2_031_0005,G4,oriented,580,0,0,80,60,50,25.00,LWH,1,
2.2,车型2_031,车型2,G4_车型2_031_0006,G4,oriented,580,60,0,80,60,50,25.00,LWH,1,
2.2,车型2_031,车型2,G4_车型2_031_0007,G4,oriented,580,120,0,80,60,50,25.00,LWH,1,
2.2,车型2_031,车型2,G4_车型2_031_0008,G4,oriented,580,180,0,80,60,50,25.00,LWH,1,
2.2,车型2_032,车型2,G2_车型2_032_0001,G2,standard,0,0,0,50,35,25,8.00,LWH,1,
2.2,车型2_032,车型2,G2_车型2_032_0002,G2,standard,0,35,0,50,35,25,8.00,LWH,1,
2.2,车型2_032,车型2,G1_车型2_032_0001,G1,standard,0,70,0,40,60,30,12.00,WLH,3,
2.2,车型2_032,车型2,G1_车型2_032_0002,G1,standard,0,130,0,40,60,30,12.00,WLH,3,
2.2,车型2_032,车型2,G5_车型2_032_0001,G5,oriented,0,190,0,40,40,60,18.00,LWH,1,
2.2,车型2_032,车型2,G2_车型2_032_0003,G2,standard,50,0,0,50,35,25,8.00,LWH,1,
2.2,车型2_032,车型2,G2_车型2_032_0004,G2,standard,50,35,0,50,35,25,8.00,LWH,1,
2.2,车型2_032,车型2,G1_车型2_032_0003,G1,standard,50,70,0,40,60,30,12.00,WLH,3,
2.2,车型2_032,车型2,G1_车型2_032_0004,G1,standard,50,130,0,40,60,30,12.00,WLH,3,
2.2,车型2_032,车型2,G5_车型2_032_0002,G5,oriented,50,190,0,40,40,60,18.00,LWH,1,
2.2,车型2_032,车型2,G2_车型2_032_0005,G2,standard,100,0,0,50,35,25,8.00,LWH,1,
2.2,车型2_032,车型2,G2_车型2_032_0006,G2,standard,100,35,0,50,35,25,8.00,LWH,1,
2.2,车型2_032,车型2,G3_车型2_032_0001,G3,fragile,100,70,0,50,70,40,15.00,WLH,2,
2.2,车型2_032,车型2,G3_车型2_032_0002,G3,fragile,100,140,0,50,70,40,15.00,WLH,2,
2.2,车型2_032,车型2,G1_车型2_032_0005,G1,standard,100,210,0,40,30,60,12.00,WHL,4,
2.2,车型2_032,车型2,G2_车型2_032_0007,G2,standard,150,0,0,50,35,25,8.00,LWH,1,
2.2,车型2_032,车型2,G2_车型2_032_0008,G2,standard,150,35,0,50,35,25,8.00,LWH,1,
2.2,车型2_032,车型2,G1_车型2_032_0006,G1,standard,150,70,0,40,60,30,12.00,WLH,3,
2.2,车型2_032,车型2,G5_车型2_032_0003,G5,oriented,150,130,0,40,40,60,18.00,LWH,1,
2.2,车型2_032,车型2,G5_车型2_032_0004,G5,oriented,150,170,0,40,40,60,18.00,LWH,1,
2.2,车型2_032,车型2,G1_车型2_032_0007,G1,standard,150,210,0,40,30,60,12.00,WHL,4,
2.2,车型2_032,车型2,G2_车型2_032_0009,G2,standard,200,0,0,50,35,25,8.00,LWH,1,
2.2,车型2_032,车型2,G2_车型2_032_0010,G2,standard,200,35,0,50,35,25,8.00,LWH,1,
2.2,车型2_032,车型2,G1_车型2_032_0008,G1,standard,200,70,0,40,60,30,12.00,WLH,3,
2.2,车型2_032,车型2,G1_车型2_032_0009,G1,standard,200,130,0,40,60,30,12.00,WLH,3,
2.2,车型2_032,车型2,G5_车型2_032_0005,G5,oriented,200,190,0,40,40,60,18.00,LWH,1,
2.2,车型2_032,车型2,G2_车型2_032_0011,G2,standard,250,0,0,50,35,25,8.00,LWH,1,
2.2,车型2_032,车型2,G2_车型2_032_0012,G2,standard,250,35,0,50,35,25,8.00,LWH,1,
2.2,车型2_032,车型2,G3_车型2_032_0003,G3,fragile,250,70,0,50,70,40,15.00,WLH,2,
2.2,车型2_032,车型2,G3_车型2_032_0004,G3,fragile,250,140,0,50,70,40,15.00,WLH,2,
2.2,车型2_032,车型2,G1_车型2_032_0010,G1,standard,250,210,0,40,30,60,12.00,WHL,4,
2.2,车型2_032,车型2,G2_车型2_032_0013,G2,standard,300,0,0,50,35,25,8.00,LWH,1,
2.2,车型2_032,车型2,G2_车型2_032_0014,G2,standard,300,35,0,50,35,25,8.00,LWH,1,
2.2,车型2_032,车型2,G1_车型2_032_0011,G1,standard,300,70,0,40,60,30,12.00,WLH,3,
2.2,车型2_032,车型2,G5_车型2_032_0006,G5,oriented,300,130,0,40,40,60,18.00,LWH,1,
2.2,车型2_032,车型2,G5_车型2_032_0007,G5,oriented,300,170,0,40,40,60,18.00,LWH,1,
2.2,车型2_032,车型2,G1_车型2_032_0012,G1,standard,300,210,0,40,30,60,12.00,WHL,4,
2.2,车型2_032,车型2,G2_车型2_032_0015,G2,standard,350,0,0,50,35,25,8.00,LWH,1,
2.2,车型2_032,车型2,G2_车型2_032_0016,G2,standard,350,35,0,50,35,25,8.00,LWH,1,
2.2,车型2_032,车型2,G1_车型2_032_0013,G1,standard,350,70,0,40,60,30,12.00,WLH,3,
2.2,车型2_032,车型2,G1_车型2_032_0014,G1,standard,350,130,0,40,60,30,12.00,WLH,3,
2.2,车型2_032,车型2,G5_车型2_032_0008,G5,oriented,350,190,0,40,40,60,18.00,LWH,1,
2.2,车型2_032,车型2,G2_车型2_032_0017,G2,standard,400,0,0,50,35,25,8.00,LWH,1,
2.2,车型2_032,车型2,G2_车型2_032_0018,G2,standard,400,35,0,50,35,25,8.00,LWH,1,
2.2,车型2_032,车型2,G3_车型2_032_0005,G3,fragile,400,70,0,50,70,40,15.00,WLH,2,
2.2,车型2_032,车型2,G3_车型2_032_0006,G3,fragile,400,140,0,50,70,40,15.00,WLH,2,
2.2,车型2_032,车型2,G1_车型2_032_0015,G1,standard,400,210,0,40,30,60,12.00,WHL,4,
2.2,车型2_032,车型2,G2_车型2_032_0019,G2,standard,450,0,0,50,35,25,8.00,LWH,1,
2.2,车型2_032,车型2,G2_车型2_032_0020,G2,standard,450,35,0,50,35,25,8.00,LWH,1,
2.2,车型2_032,车型2,G1_车型2_032_0016,G1,standard,450,70,0,40,60,30,12.00,WLH,3,
2.2,车型2_032,车型2,G5_车型2_032_0009,G5,oriented,450,130,0,40,40,60,18.00,LWH,1,
2.2,车型2_032,车型2,G5_车型2_032_0010,G5,oriented,450,170,0,40,40,60,18.00,LWH,1,
2.2,车型2_032,车型2,G4_车型2_032_0001,G4,oriented,500,0,0,80,60,50,25.00,LWH,1,
2.2,车型2_032,车型2,G4_车型2_032_0002,G4,oriented,500,60,0,80,60,50,25.00,LWH,1,
2.2,车型2_032,车型2,G4_车型2_032_0003,G4,oriented,500,120,0,80,60,50,25.00,LWH,1,
2.2,车型2_032,车型2,G4_车型2_032_0004,G4,oriented,500,180,0,80,60,50,25.00,LWH,1,
2.2,车型2_032,车型2,G4_车型2_032_0005,G4,oriented,580,0,0,80,60,50,25.00,LWH,1,
2.2,车型2_032,车型2,G4_车型2_032_0006,G4,oriented,580,60,0,80,60,50,25.00,LWH,1,
2.2,车型2_032,车型2,G4_车型2_032_0007,G4,oriented,580,120,0,80,60,50,25.00,LWH,1,
2.2,车型2_032,车型2,G4_车型2_032_0008,G4,oriented,580,180,0,80,60,50,25.00,LWH,1,
2.2,车型2_033,车型2,G2_车型2_033_0001,G2,standard,0,0,0,50,35,25,8.00,LWH,1,
2.2,车型2_033,车型2,G2_车型2_033_0002,G2,standard,0,35,0,50,35,25,8.00,LWH,1,
2.2,车型2_033,车型2,G1_车型2_033_0001,G1,standard,0,70,0,40,60,30,12.00,WLH,3,
2.2,车型2_033,车型2,G1_车型2_033_0002,G1,standard,0,130,0,40,60,30,12.00,WLH,3,
2.2,车型2_033,车型2,G5_车型2_033_0001,G5,oriented,0,190,0,40,40,60,18.00,LWH,1,
2.2,车型2_033,车型2,G2_车型2_033_0003,G2,standard,50,0,0,50,35,25,8.00,LWH,1,
2.2,车型2_033,车型2,G2_车型2_033_0004,G2,standard,50,35,0,50,35,25,8.00,LWH,1,
2.2,车型2_033,车型2,G1_车型2_033_0003,G1,standard,50,70,0,40,60,30,12.00,WLH,3,
2.2,车型2_033,车型2,G1_车型2_033_0004,G1,standard,50,130,0,40,60,30,12.00,WLH,3,
2.2,车型2_033,车型2,G5_车型2_033_0002,G5,oriented,50,190,0,40,40,60,18.00,LWH,1,
2.2,车型2_033,车型2,G2_车型2_033_0005,G2,standard,100,0,0,50,35,25,8.00,LWH,1,
2.2,车型2_033,车型2,G2_车型2_033_0006,G2,standard,100,35,0,50,35,25,8.00,LWH,1,
2.2,车型2_033,车型2,G3_车型2_033_0001,G3,fragile,100,70,0,50,70,40,15.00,WLH,2,
2.2,车型2_033,车型2,G3_车型2_033_0002,G3,fragile,100,140,0,50,70,40,15.00,WLH,2,
2.2,车型2_033,车型2,G1_车型2_033_0005,G1,standard,100,210,0,40,30,60,12.00,WHL,4,
2.2,车型2_033,车型2,G2_车型2_033_0007,G2,standard,150,0,0,50,35,25,8.00,LWH,1,
2.2,车型2_033,车型2,G2_车型2_033_0008,G2,standard,150,35,0,50,35,25,8.00,LWH,1,
2.2,车型2_033,车型2,G1_车型2_033_0006,G1,standard,150,70,0,40,60,30,12.00,WLH,3,
2.2,车型2_033,车型2,G5_车型2_033_0003,G5,oriented,150,130,0,40,40,60,18.00,LWH,1,
2.2,车型2_033,车型2,G5_车型2_033_0004,G5,oriented,150,170,0,40,40,60,18.00,LWH,1,
2.2,车型2_033,车型2,G1_车型2_033_0007,G1,standard,150,210,0,40,30,60,12.00,WHL,4,
2.2,车型2_033,车型2,G2_车型2_033_0009,G2,standard,200,0,0,50,35,25,8.00,LWH,1,
2.2,车型2_033,车型2,G2_车型2_033_0010,G2,standard,200,35,0,50,35,25,8.00,LWH,1,
2.2,车型2_033,车型2,G1_车型2_033_0008,G1,standard,200,70,0,40,60,30,12.00,WLH,3,
2.2,车型2_033,车型2,G1_车型2_033_0009,G1,standard,200,130,0,40,60,30,12.00,WLH,3,
2.2,车型2_033,车型2,G5_车型2_033_0005,G5,oriented,200,190,0,40,40,60,18.00,LWH,1,
2.2,车型2_033,车型2,G2_车型2_033_0011,G2,standard,250,0,0,50,35,25,8.00,LWH,1,
2.2,车型2_033,车型2,G2_车型2_033_0012,G2,standard,250,35,0,50,35,25,8.00,LWH,1,
2.2,车型2_033,车型2,G3_车型2_033_0003,G3,fragile,250,70,0,50,70,40,15.00,WLH,2,
2.2,车型2_033,车型2,G3_车型2_033_0004,G3,fragile,250,140,0,50,70,40,15.00,WLH,2,
2.2,车型2_033,车型2,G1_车型2_033_0010,G1,standard,250,210,0,40,30,60,12.00,WHL,4,
2.2,车型2_033,车型2,G2_车型2_033_0013,G2,standard,300,0,0,50,35,25,8.00,LWH,1,
2.2,车型2_033,车型2,G2_车型2_033_0014,G2,standard,300,35,0,50,35,25,8.00,LWH,1,
2.2,车型2_033,车型2,G1_车型2_033_0011,G1,standard,300,70,0,40,60,30,12.00,WLH,3,
2.2,车型2_033,车型2,G5_车型2_033_0006,G5,oriented,300,130,0,40,40,60,18.00,LWH,1,
2.2,车型2_033,车型2,G5_车型2_033_0007,G5,oriented,300,170,0,40,40,60,18.00,LWH,1,
2.2,车型2_033,车型2,G1_车型2_033_0012,G1,standard,300,210,0,40,30,60,12.00,WHL,4,
2.2,车型2_033,车型2,G2_车型2_033_0015,G2,standard,350,0,0,50,35,25,8.00,LWH,1,
2.2,车型2_033,车型2,G2_车型2_033_0016,G2,standard,350,35,0,50,35,25,8.00,LWH,1,
2.2,车型2_033,车型2,G1_车型2_033_0013,G1,standard,350,70,0,40,60,30,12.00,WLH,3,
2.2,车型2_033,车型2,G1_车型2_033_0014,G1,standard,350,130,0,40,60,30,12.00,WLH,3,
2.2,车型2_033,车型2,G5_车型2_033_0008,G5,oriented,350,190,0,40,40,60,18.00,LWH,1,
2.2,车型2_033,车型2,G2_车型2_033_0017,G2,standard,400,0,0,50,35,25,8.00,LWH,1,
2.2,车型2_033,车型2,G2_车型2_033_0018,G2,standard,400,35,0,50,35,25,8.00,LWH,1,
2.2,车型2_033,车型2,G3_车型2_033_0005,G3,fragile,400,70,0,50,70,40,15.00,WLH,2,
2.2,车型2_033,车型2,G3_车型2_033_0006,G3,fragile,400,140,0,50,70,40,15.00,WLH,2,
2.2,车型2_033,车型2,G1_车型2_033_0015,G1,standard,400,210,0,40,30,60,12.00,WHL,4,
2.2,车型2_033,车型2,G2_车型2_033_0019,G2,standard,450,0,0,50,35,25,8.00,LWH,1,
2.2,车型2_033,车型2,G2_车型2_033_0020,G2,standard,450,35,0,50,35,25,8.00,LWH,1,
2.2,车型2_033,车型2,G1_车型2_033_0016,G1,standard,450,70,0,40,60,30,12.00,WLH,3,
2.2,车型2_033,车型2,G5_车型2_033_0009,G5,oriented,450,130,0,40,40,60,18.00,LWH,1,
2.2,车型2_033,车型2,G5_车型2_033_0010,G5,oriented,450,170,0,40,40,60,18.00,LWH,1,
2.2,车型2_033,车型2,G4_车型2_033_0001,G4,oriented,500,0,0,80,60,50,25.00,LWH,1,
2.2,车型2_033,车型2,G4_车型2_033_0002,G4,oriented,500,60,0,80,60,50,25.00,LWH,1,
2.2,车型2_033,车型2,G4_车型2_033_0003,G4,oriented,500,120,0,80,60,50,25.00,LWH,1,
2.2,车型2_033,车型2,G4_车型2_033_0004,G4,oriented,500,180,0,80,60,50,25.00,LWH,1,
2.2,车型2_033,车型2,G4_车型2_033_0005,G4,oriented,580,0,0,80,60,50,25.00,LWH,1,
2.2,车型2_033,车型2,G4_车型2_033_0006,G4,oriented,580,60,0,80,60,50,25.00,LWH,1,
2.2,车型2_033,车型2,G4_车型2_033_0007,G4,oriented,580,120,0,80,60,50,25.00,LWH,1,
2.2,车型2_033,车型2,G4_车型2_033_0008,G4,oriented,580,180,0,80,60,50,25.00,LWH,1,
2.2,车型2_034,车型2,G2_车型2_034_0001,G2,standard,0,0,0,50,35,25,8.00,LWH,1,
2.2,车型2_034,车型2,G2_车型2_034_0002,G2,standard,0,35,0,50,35,25,8.00,LWH,1,
2.2,车型2_034,车型2,G1_车型2_034_0001,G1,standard,0,70,0,40,60,30,12.00,WLH,3,
2.2,车型2_034,车型2,G1_车型2_034_0002,G1,standard,0,130,0,40,60,30,12.00,WLH,3,
2.2,车型2_034,车型2,G5_车型2_034_0001,G5,oriented,0,190,0,40,40,60,18.00,LWH,1,
2.2,车型2_034,车型2,G2_车型2_034_0003,G2,standard,50,0,0,50,35,25,8.00,LWH,1,
2.2,车型2_034,车型2,G2_车型2_034_0004,G2,standard,50,35,0,50,35,25,8.00,LWH,1,
2.2,车型2_034,车型2,G1_车型2_034_0003,G1,standard,50,70,0,40,60,30,12.00,WLH,3,
2.2,车型2_034,车型2,G1_车型2_034_0004,G1,standard,50,130,0,40,60,30,12.00,WLH,3,
2.2,车型2_034,车型2,G5_车型2_034_0002,G5,oriented,50,190,0,40,40,60,18.00,LWH,1,
2.2,车型2_034,车型2,G2_车型2_034_0005,G2,standard,100,0,0,50,35,25,8.00,LWH,1,
2.2,车型2_034,车型2,G2_车型2_034_0006,G2,standard,100,35,0,50,35,25,8.00,LWH,1,
2.2,车型2_034,车型2,G1_车型2_034_0005,G1,standard,100,70,0,40,60,30,12.00,WLH,3,
2.2,车型2_034,车型2,G1_车型2_034_0006,G1,standard,100,130,0,40,60,30,12.00,WLH,3,
2.2,车型2_034,车型2,G5_车型2_034_0003,G5,oriented,100,190,0,40,40,60,18.00,LWH,1,
2.2,车型2_034,车型2,G2_车型2_034_0007,G2,standard,150,0,0,50,35,25,8.00,LWH,1,
2.2,车型2_034,车型2,G2_车型2_034_0008,G2,standard,150,35,0,50,35,25,8.00,LWH,1,
2.2,车型2_034,车型2,G1_车型2_034_0007,G1,standard,150,70,0,40,60,30,12.00,WLH,3,
2.2,车型2_034,车型2,G1_车型2_034_0008,G1,standard,150,130,0,40,60,30,12.00,WLH,3,
2.2,车型2_034,车型2,G5_车型2_034_0004,G5,oriented,150,190,0,40,40,60,18.00,LWH,1,
2.2,车型2_034,车型2,G2_车型2_034_0009,G2,standard,200,0,0,50,35,25,8.00,LWH,1,
2.2,车型2_034,车型2,G2_车型2_034_0010,G2,standard,200,35,0,50,35,25,8.00,LWH,1,
2.2,车型2_034,车型2,G1_车型2_034_0009,G1,standard,200,70,0,40,60,30,12.00,WLH,3,
2.2,车型2_034,车型2,G5_车型2_034_0005,G5,oriented,200,130,0,40,40,60,18.00,LWH,1,
2.2,车型2_034,车型2,G5_车型2_034_0006,G5,oriented,200,170,0,40,40,60,18.00,LWH,1,
2.2,车型2_034,车型2,G1_车型2_034_0010,G1,standard,200,210,0,40,30,60,12.00,WHL,4,
2.2,车型2_034,车型2,G2_车型2_034_0011,G2,standard,250,0,0,50,35,25,8.00,LWH,1,
2.2,车型2_034,车型2,G2_车型2_034_0012,G2,standard,250,35,0,50,35,25,8.00,LWH,1,
2.2,车型2_034,车型2,G1_车型2_034_0011,G1,standard,250,70,0,40,60,30,12.00,WLH,3,
2.2,车型2_034,车型2,G1_车型2_034_0012,G1,standard,250,130,0,40,60,30,12.00,WLH,3,
2.2,车型2_034,车型2,G5_车型2_034_0007,G5,oriented,250,190,0,40,40,60,18.00,LWH,1,
2.2,车型2_034,车型2,G2_车型2_034_0013,G2,standard,300,0,0,50,35,25,8.00,LWH,1,
2.2,车型2_034,车型2,G2_车型2_034_0014,G2,standard,300,35,0,50,35,25,8.00,LWH,1,
2.2,车型2_034,车型2,G1_车型2_034_0013,G1,standard,300,70,0,40,60,30,12.00,WLH,3,
2.2,车型2_034,车型2,G1_车型2_034_0014,G1,standard,300,130,0,40,60,30,12.00,WLH,3,
2.2,车型2_034,车型2,G5_车型2_034_0008,G5,oriented,300,190,0,40,40,60,18.00,LWH,1,
2.2,车型2_034,车型2,G2_车型2_034_0015,G2,standard,350,0,0,50,35,25,8.00,LWH,1,
2.2,车型2_034,车型2,G2_车型2_034_0016,G2,standard,350,35,0,50,35,25,8.00,LWH,1,
2.2,车型2_034,车型2,G1_车型2_034_0015,G1,standard,350,70,0,40,60,30,12.00,WLH,3,
2.2,车型2_034,车型2,G1_车型2_034_0016,G1,standard,350,130,0,40,60,30,12.00,WLH,3,
2.2,车型2_034,车型2,G5_车型2_034_0009,G5,oriented,350,190,0,40,40,60,18.00,LWH,1,
2.2,车型2_034,车型2,G2_车型2_034_0017,G2,standard,400,0,0,50,35,25,8.00,LWH,1,
2.2,车型2_034,车型2,G2_车型2_034_0018,G2,standard,400,35,0,50,35,25,8.00,LWH,1,
2.2,车型2_034,车型2,G1_车型2_034_0017,G1,standard,400,70,0,40,60,30,12.00,WLH,3,
2.2,车型2_034,车型2,G5_车型2_034_0010,G5,oriented,400,130,0,40,40,60,18.00,LWH,1,
2.2,车型2_034,车型2,G5_车型2_034_0011,G5,oriented,400,170,0,40,40,60,18.00,LWH,1,
2.2,车型2_034,车型2,G2_车型2_034_0019,G2,standard,450,0,0,50,35,25,8.00,LWH,1,
2.2,车型2_034,车型2,G2_车型2_034_0020,G2,standard,450,35,0,50,35,25,8.00,LWH,1,
2.2,车型2_034,车型2,G1_车型2_034_0018,G1,standard,450,70,0,40,60,30,12.00,WLH,3,
2.2,车型2_034,车型2,G1_车型2_034_0019,G1,standard,450,130,0,40,60,30,12.00,WLH,3,
2.2,车型2_034,车型2,G5_车型2_034_0012,G5,oriented,450,190,0,40,40,60,18.00,LWH,1,
2.2,车型2_034,车型2,G4_车型2_034_0001,G4,oriented,500,0,0,80,60,50,25.00,LWH,1,
2.2,车型2_034,车型2,G4_车型2_034_0002,G4,oriented,500,60,0,80,60,50,25.00,LWH,1,
2.2,车型2_034,车型2,G4_车型2_034_0003,G4,oriented,500,120,0,80,60,50,25.00,LWH,1,
2.2,车型2_034,车型2,G4_车型2_034_0004,G4,oriented,500,180,0,80,60,50,25.00,LWH,1,
2.2,车型2_034,车型2,G4_车型2_034_0005,G4,oriented,580,0,0,80,60,50,25.00,LWH,1,
2.2,车型2_034,车型2,G4_车型2_034_0006,G4,oriented,580,60,0,80,60,50,25.00,LWH,1,
2.2,车型2_034,车型2,G4_车型2_034_0007,G4,oriented,580,120,0,80,60,50,25.00,LWH,1,
2.2,车型2_034,车型2,G4_车型2_034_0008,G4,oriented,580,180,0,80,60,50,25.00,LWH,1,
2.2,车型2_035,车型2,G2_车型2_035_0001,G2,standard,0,0,0,50,35,25,8.00,LWH,1,
2.2,车型2_035,车型2,G2_车型2_035_0002,G2,standard,0,35,0,50,35,25,8.00,LWH,1,
2.2,车型2_035,车型2,G1_车型2_035_0001,G1,standard,0,70,0,40,60,30,12.00,WLH,3,
2.2,车型2_035,车型2,G1_车型2_035_0002,G1,standard,0,130,0,40,60,30,12.00,WLH,3,
2.2,车型2_035,车型2,G5_车型2_035_0001,G5,oriented,0,190,0,40,40,60,18.00,LWH,1,
2.2,车型2_035,车型2,G2_车型2_035_0003,G2,standard,50,0,0,50,35,25,8.00,LWH,1,
2.2,车型2_035,车型2,G2_车型2_035_0004,G2,standard,50,35,0,50,35,25,8.00,LWH,1,
2.2,车型2_035,车型2,G1_车型2_035_0003,G1,standard,50,70,0,40,60,30,12.00,WLH,3,
2.2,车型2_035,车型2,G1_车型2_035_0004,G1,standard,50,130,0,40,60,30,12.00,WLH,3,
2.2,车型2_035,车型2,G5_车型2_035_0002,G5,oriented,50,190,0,40,40,60,18.00,LWH,1,
2.2,车型2_035,车型2,G2_车型2_035_0005,G2,standard,100,0,0,50,35,25,8.00,LWH,1,
2.2,车型2_035,车型2,G2_车型2_035_0006,G2,standard,100,35,0,50,35,25,8.00,LWH,1,
2.2,车型2_035,车型2,G1_车型2_035_0005,G1,standard,100,70,0,40,60,30,12.00,WLH,3,
2.2,车型2_035,车型2,G1_车型2_035_0006,G1,standard,100,130,0,40,60,30,12.00,WLH,3,
2.2,车型2_035,车型2,G5_车型2_035_0003,G5,oriented,100,190,0,40,40,60,18.00,LWH,1,
2.2,车型2_035,车型2,G2_车型2_035_0007,G2,standard,150,0,0,50,35,25,8.00,LWH,1,
2.2,车型2_035,车型2,G2_车型2_035_0008,G2,standard,150,35,0,50,35,25,8.00,LWH,1,
2.2,车型2_035,车型2,G1_车型2_035_0007,G1,standard,150,70,0,40,60,30,12.00,WLH,3,
2.2,车型2_035,车型2,G1_车型2_035_0008,G1,standard,150,130,0,40,60,30,12.00,WLH,3,
2.2,车型2_035,车型2,G5_车型2_035_0004,G5,oriented,150,190,0,40,40,60,18.00,LWH,1,
2.2,车型2_035,车型2,G2_车型2_035_0009,G2,standard,200,0,0,50,35,25,8.00,LWH,1,
2.2,车型2_035,车型2,G2_车型2_035_0010,G2,standard,200,35,0,50,35,25,8.00,LWH,1,
2.2,车型2_035,车型2,G1_车型2_035_0009,G1,standard,200,70,0,40,60,30,12.00,WLH,3,
2.2,车型2_035,车型2,G1_车型2_035_0010,G1,standard,200,130,0,40,60,30,12.00,WLH,3,
2.2,车型2_035,车型2,G5_车型2_035_0005,G5,oriented,200,190,0,40,40,60,18.00,LWH,1,
2.2,车型2_035,车型2,G2_车型2_035_0011,G2,standard,250,0,0,50,35,25,8.00,LWH,1,
2.2,车型2_035,车型2,G2_车型2_035_0012,G2,standard,250,35,0,50,35,25,8.00,LWH,1,
2.2,车型2_035,车型2,G1_车型2_035_0011,G1,standard,250,70,0,40,60,30,12.00,WLH,3,
2.2,车型2_035,车型2,G5_车型2_035_0006,G5,oriented,250,130,0,40,40,60,18.00,LWH,1,
2.2,车型2_035,车型2,G5_车型2_035_0007,G5,oriented,250,170,0,40,40,60,18.00,LWH,1,
2.2,车型2_035,车型2,G1_车型2_035_0012,G1,standard,250,210,0,40,30,60,12.00,WHL,4,
2.2,车型2_035,车型2,G2_车型2_035_0013,G2,standard,300,0,0,50,35,25,8.00,LWH,1,
2.2,车型2_035,车型2,G2_车型2_035_0014,G2,standard,300,35,0,50,35,25,8.00,LWH,1,
2.2,车型2_035,车型2,G1_车型2_035_0013,G1,standard,300,70,0,40,60,30,12.00,WLH,3,
2.2,车型2_035,车型2,G1_车型2_035_0014,G1,standard,300,130,0,40,60,30,12.00,WLH,3,
2.2,车型2_035,车型2,G5_车型2_035_0008,G5,oriented,300,190,0,40,40,60,18.00,LWH,1,
2.2,车型2_035,车型2,G2_车型2_035_0015,G2,standard,350,0,0,50,35,25,8.00,LWH,1,
2.2,车型2_035,车型2,G2_车型2_035_0016,G2,standard,350,35,0,50,35,25,8.00,LWH,1,
2.2,车型2_035,车型2,G1_车型2_035_0015,G1,standard,350,70,0,40,60,30,12.00,WLH,3,
2.2,车型2_035,车型2,G1_车型2_035_0016,G1,standard,350,130,0,40,60,30,12.00,WLH,3,
2.2,车型2_035,车型2,G5_车型2_035_0009,G5,oriented,350,190,0,40,40,60,18.00,LWH,1,
2.2,车型2_035,车型2,G2_车型2_035_0017,G2,standard,400,0,0,50,35,25,8.00,LWH,1,
2.2,车型2_035,车型2,G2_车型2_035_0018,G2,standard,400,35,0,50,35,25,8.00,LWH,1,
2.2,车型2_035,车型2,G1_车型2_035_0017,G1,standard,400,70,0,40,60,30,12.00,WLH,3,
2.2,车型2_035,车型2,G1_车型2_035_0018,G1,standard,400,130,0,40,60,30,12.00,WLH,3,
2.2,车型2_035,车型2,G5_车型2_035_0010,G5,oriented,400,190,0,40,40,60,18.00,LWH,1,
2.2,车型2_035,车型2,G2_车型2_035_0019,G2,standard,450,0,0,50,35,25,8.00,LWH,1,
2.2,车型2_035,车型2,G2_车型2_035_0020,G2,standard,450,35,0,50,35,25,8.00,LWH,1,
2.2,车型2_035,车型2,G1_车型2_035_0019,G1,standard,450,70,0,40,60,30,12.00,WLH,3,
2.2,车型2_035,车型2,G5_车型2_035_0011,G5,oriented,450,130,0,40,40,60,18.00,LWH,1,
2.2,车型2_035,车型2,G5_车型2_035_0012,G5,oriented,450,170,0,40,40,60,18.00,LWH,1,
2.2,车型2_035,车型2,G4_车型2_035_0001,G4,oriented,500,0,0,80,60,50,25.00,LWH,1,
2.2,车型2_035,车型2,G4_车型2_035_0002,G4,oriented,500,60,0,80,60,50,25.00,LWH,1,
2.2,车型2_035,车型2,G4_车型2_035_0003,G4,oriented,500,120,0,80,60,50,25.00,LWH,1,
2.2,车型2_035,车型2,G4_车型2_035_0004,G4,oriented,500,180,0,80,60,50,25.00,LWH,1,
2.2,车型2_035,车型2,G4_车型2_035_0005,G4,oriented,580,0,0,80,60,50,25.00,LWH,1,
2.2,车型2_035,车型2,G4_车型2_035_0006,G4,oriented,580,60,0,80,60,50,25.00,LWH,1,
2.2,车型2_035,车型2,G4_车型2_035_0007,G4,oriented,580,120,0,80,60,50,25.00,LWH,1,
2.2,车型2_035,车型2,G4_车型2_035_0008,G4,oriented,580,180,0,80,60,50,25.00,LWH,1,
2.2,车型2_036,车型2,G2_车型2_036_0001,G2,standard,0,0,0,50,35,25,8.00,LWH,1,
2.2,车型2_036,车型2,G2_车型2_036_0002,G2,standard,0,35,0,50,35,25,8.00,LWH,1,
2.2,车型2_036,车型2,G1_车型2_036_0001,G1,standard,0,70,0,40,60,30,12.00,WLH,3,
2.2,车型2_036,车型2,G1_车型2_036_0002,G1,standard,0,130,0,40,60,30,12.00,WLH,3,
2.2,车型2_036,车型2,G5_车型2_036_0001,G5,oriented,0,190,0,40,40,60,18.00,LWH,1,
2.2,车型2_036,车型2,G2_车型2_036_0003,G2,standard,50,0,0,50,35,25,8.00,LWH,1,
2.2,车型2_036,车型2,G2_车型2_036_0004,G2,standard,50,35,0,50,35,25,8.00,LWH,1,
2.2,车型2_036,车型2,G1_车型2_036_0003,G1,standard,50,70,0,40,60,30,12.00,WLH,3,
2.2,车型2_036,车型2,G1_车型2_036_0004,G1,standard,50,130,0,40,60,30,12.00,WLH,3,
2.2,车型2_036,车型2,G5_车型2_036_0002,G5,oriented,50,190,0,40,40,60,18.00,LWH,1,
2.2,车型2_036,车型2,G2_车型2_036_0005,G2,standard,100,0,0,50,35,25,8.00,LWH,1,
2.2,车型2_036,车型2,G2_车型2_036_0006,G2,standard,100,35,0,50,35,25,8.00,LWH,1,
2.2,车型2_036,车型2,G1_车型2_036_0005,G1,standard,100,70,0,40,60,30,12.00,WLH,3,
2.2,车型2_036,车型2,G1_车型2_036_0006,G1,standard,100,130,0,40,60,30,12.00,WLH,3,
2.2,车型2_036,车型2,G5_车型2_036_0003,G5,oriented,100,190,0,40,40,60,18.00,LWH,1,
2.2,车型2_036,车型2,G2_车型2_036_0007,G2,standard,150,0,0,50,35,25,8.00,LWH,1,
2.2,车型2_036,车型2,G2_车型2_036_0008,G2,standard,150,35,0,50,35,25,8.00,LWH,1,
2.2,车型2_036,车型2,G1_车型2_036_0007,G1,standard,150,70,0,40,60,30,12.00,WLH,3,
2.2,车型2_036,车型2,G1_车型2_036_0008,G1,standard,150,130,0,40,60,30,12.00,WLH,3,
2.2,车型2_036,车型2,G5_车型2_036_0004,G5,oriented,150,190,0,40,40,60,18.00,LWH,1,
2.2,车型2_036,车型2,G2_车型2_036_0009,G2,standard,200,0,0,50,35,25,8.00,LWH,1,
2.2,车型2_036,车型2,G2_车型2_036_0010,G2,standard,200,35,0,50,35,25,8.00,LWH,1,
2.2,车型2_036,车型2,G1_车型2_036_0009,G1,standard,200,70,0,40,60,30,12.00,WLH,3,
2.2,车型2_036,车型2,G1_车型2_036_0010,G1,standard,200,130,0,40,60,30,12.00,WLH,3,
2.2,车型2_036,车型2,G5_车型2_036_0005,G5,oriented,200,190,0,40,40,60,18.00,LWH,1,
2.2,车型2_036,车型2,G2_车型2_036_0011,G2,standard,250,0,0,50,35,25,8.00,LWH,1,
2.2,车型2_036,车型2,G2_车型2_036_0012,G2,standard,250,35,0,50,35,25,8.00,LWH,1,
2.2,车型2_036,车型2,G1_车型2_036_0011,G1,standard,250,70,0,40,60,30,12.00,WLH,3,
2.2,车型2_036,车型2,G5_车型2_036_0006,G5,oriented,250,130,0,40,40,60,18.00,LWH,1,
2.2,车型2_036,车型2,G5_车型2_036_0007,G5,oriented,250,170,0,40,40,60,18.00,LWH,1,
2.2,车型2_036,车型2,G1_车型2_036_0012,G1,standard,250,210,0,40,30,60,12.00,WHL,4,
2.2,车型2_036,车型2,G2_车型2_036_0013,G2,standard,300,0,0,50,35,25,8.00,LWH,1,
2.2,车型2_036,车型2,G2_车型2_036_0014,G2,standard,300,35,0,50,35,25,8.00,LWH,1,
2.2,车型2_036,车型2,G1_车型2_036_0013,G1,standard,300,70,0,40,60,30,12.00,WLH,3,
2.2,车型2_036,车型2,G1_车型2_036_0014,G1,standard,300,130,0,40,60,30,12.00,WLH,3,
2.2,车型2_036,车型2,G5_车型2_036_0008,G5,oriented,300,190,0,40,40,60,18.00,LWH,1,
2.2,车型2_036,车型2,G2_车型2_036_0015,G2,standard,350,0,0,50,35,25,8.00,LWH,1,
2.2,车型2_036,车型2,G2_车型2_036_0016,G2,standard,350,35,0,50,35,25,8.00,LWH,1,
2.2,车型2_036,车型2,G1_车型2_036_0015,G1,standard,350,70,0,40,60,30,12.00,WLH,3,
2.2,车型2_036,车型2,G1_车型2_036_0016,G1,standard,350,130,0,40,60,30,12.00,WLH,3,
2.2,车型2_036,车型2,G5_车型2_036_0009,G5,oriented,350,190,0,40,40,60,18.00,LWH,1,
2.2,车型2_036,车型2,G2_车型2_036_0017,G2,standard,400,0,0,50,35,25,8.00,LWH,1,
2.2,车型2_036,车型2,G2_车型2_036_0018,G2,standard,400,35,0,50,35,25,8.00,LWH,1,
2.2,车型2_036,车型2,G1_车型2_036_0017,G1,standard,400,70,0,40,60,30,12.00,WLH,3,
2.2,车型2_036,车型2,G1_车型2_036_0018,G1,standard,400,130,0,40,60,30,12.00,WLH,3,
2.2,车型2_036,车型2,G5_车型2_036_0010,G5,oriented,400,190,0,40,40,60,18.00,LWH,1,
2.2,车型2_036,车型2,G2_车型2_036_0019,G2,standard,450,0,0,50,35,25,8.00,LWH,1,
2.2,车型2_036,车型2,G2_车型2_036_0020,G2,standard,450,35,0,50,35,25,8.00,LWH,1,
2.2,车型2_036,车型2,G1_车型2_036_0019,G1,standard,450,70,0,40,60,30,12.00,WLH,3,
2.2,车型2_036,车型2,G5_车型2_036_0011,G5,oriented,450,130,0,40,40,60,18.00,LWH,1,
2.2,车型2_036,车型2,G5_车型2_036_0012,G5,oriented,450,170,0,40,40,60,18.00,LWH,1,
2.2,车型2_036,车型2,G4_车型2_036_0001,G4,oriented,500,0,0,80,60,50,25.00,LWH,1,
2.2,车型2_036,车型2,G4_车型2_036_0002,G4,oriented,500,60,0,80,60,50,25.00,LWH,1,
2.2,车型2_036,车型2,G4_车型2_036_0003,G4,oriented,500,120,0,80,60,50,25.00,LWH,1,
2.2,车型2_036,车型2,G4_车型2_036_0004,G4,oriented,500,180,0,80,60,50,25.00,LWH,1,
2.2,车型2_036,车型2,G4_车型2_036_0005,G4,oriented,580,0,0,80,60,50,25.00,LWH,1,
2.2,车型2_036,车型2,G4_车型2_036_0006,G4,oriented,580,60,0,80,60,50,25.00,LWH,1,
2.2,车型2_036,车型2,G4_车型2_036_0007,G4,oriented,580,120,0,80,60,50,25.00,LWH,1,
2.2,车型2_036,车型2,G4_车型2_036_0008,G4,oriented,580,180,0,80,60,50,25.00,LWH,1,
2.2,车型2_037,车型2,G2_车型2_037_0001,G2,standard,0,0,0,50,35,25,8.00,LWH,1,
2.2,车型2_037,车型2,G2_车型2_037_0002,G2,standard,0,35,0,50,35,25,8.00,LWH,1,
2.2,车型2_037,车型2,G1_车型2_037_0001,G1,standard,0,70,0,40,60,30,12.00,WLH,3,
2.2,车型2_037,车型2,G1_车型2_037_0002,G1,standard,0,130,0,40,60,30,12.00,WLH,3,
2.2,车型2_037,车型2,G5_车型2_037_0001,G5,oriented,0,190,0,40,40,60,18.00,LWH,1,
2.2,车型2_037,车型2,G2_车型2_037_0003,G2,standard,50,0,0,50,35,25,8.00,LWH,1,
2.2,车型2_037,车型2,G2_车型2_037_0004,G2,standard,50,35,0,50,35,25,8.00,LWH,1,
2.2,车型2_037,车型2,G1_车型2_037_0003,G1,standard,50,70,0,40,60,30,12.00,WLH,3,
2.2,车型2_037,车型2,G1_车型2_037_0004,G1,standard,50,130,0,40,60,30,12.00,WLH,3,
2.2,车型2_037,车型2,G5_车型2_037_0002,G5,oriented,50,190,0,40,40,60,18.00,LWH,1,
2.2,车型2_037,车型2,G2_车型2_037_0005,G2,standard,100,0,0,50,35,25,8.00,LWH,1,
2.2,车型2_037,车型2,G2_车型2_037_0006,G2,standard,100,35,0,50,35,25,8.00,LWH,1,
2.2,车型2_037,车型2,G1_车型2_037_0005,G1,standard,100,70,0,40,60,30,12.00,WLH,3,
2.2,车型2_037,车型2,G1_车型2_037_0006,G1,standard,100,130,0,40,60,30,12.00,WLH,3,
2.2,车型2_037,车型2,G5_车型2_037_0003,G5,oriented,100,190,0,40,40,60,18.00,LWH,1,
2.2,车型2_037,车型2,G2_车型2_037_0007,G2,standard,150,0,0,50,35,25,8.00,LWH,1,
2.2,车型2_037,车型2,G2_车型2_037_0008,G2,standard,150,35,0,50,35,25,8.00,LWH,1,
2.2,车型2_037,车型2,G1_车型2_037_0007,G1,standard,150,70,0,40,60,30,12.00,WLH,3,
2.2,车型2_037,车型2,G1_车型2_037_0008,G1,standard,150,130,0,40,60,30,12.00,WLH,3,
2.2,车型2_037,车型2,G5_车型2_037_0004,G5,oriented,150,190,0,40,40,60,18.00,LWH,1,
2.2,车型2_037,车型2,G2_车型2_037_0009,G2,standard,200,0,0,50,35,25,8.00,LWH,1,
2.2,车型2_037,车型2,G2_车型2_037_0010,G2,standard,200,35,0,50,35,25,8.00,LWH,1,
2.2,车型2_037,车型2,G2_车型2_037_0011,G2,standard,200,70,0,50,35,25,8.00,LWH,1,
2.2,车型2_037,车型2,G1_车型2_037_0009,G1,standard,200,105,0,40,60,30,12.00,WLH,3,
2.2,车型2_037,车型2,G5_车型2_037_0005,G5,oriented,200,165,0,40,40,60,18.00,LWH,1,
2.2,车型2_037,车型2,G5_车型2_037_0006,G5,oriented,200,205,0,40,40,60,18.00,LWH,1,
2.2,车型2_037,车型2,G2_车型2_037_0012,G2,standard,250,0,0,50,35,25,8.00,LWH,1,
2.2,车型2_037,车型2,G2_车型2_037_0013,G2,standard,250,35,0,50,35,25,8.00,LWH,1,
2.2,车型2_037,车型2,G1_车型2_037_0010,G1,standard,250,70,0,40,60,30,12.00,WLH,3,
2.2,车型2_037,车型2,G1_车型2_037_0011,G1,standard,250,130,0,40,60,30,12.00,WLH,3,
2.2,车型2_037,车型2,G5_车型2_037_0007,G5,oriented,250,190,0,40,40,60,18.00,LWH,1,
2.2,车型2_037,车型2,G2_车型2_037_0014,G2,standard,300,0,0,50,35,25,8.00,LWH,1,
2.2,车型2_037,车型2,G2_车型2_037_0015,G2,standard,300,35,0,50,35,25,8.00,LWH,1,
2.2,车型2_037,车型2,G1_车型2_037_0012,G1,standard,300,70,0,40,60,30,12.00,WLH,3,
2.2,车型2_037,车型2,G1_车型2_037_0013,G1,standard,300,130,0,40,60,30,12.00,WLH,3,
2.2,车型2_037,车型2,G5_车型2_037_0008,G5,oriented,300,190,0,40,40,60,18.00,LWH,1,
2.2,车型2_037,车型2,G2_车型2_037_0016,G2,standard,350,0,0,50,35,25,8.00,LWH,1,
2.2,车型2_037,车型2,G2_车型2_037_0017,G2,standard,350,35,0,50,35,25,8.00,LWH,1,
2.2,车型2_037,车型2,G1_车型2_037_0014,G1,standard,350,70,0,40,60,30,12.00,WLH,3,
2.2,车型2_037,车型2,G1_车型2_037_0015,G1,standard,350,130,0,40,60,30,12.00,WLH,3,
2.2,车型2_037,车型2,G5_车型2_037_0009,G5,oriented,350,190,0,40,40,60,18.00,LWH,1,
2.2,车型2_037,车型2,G2_车型2_037_0018,G2,standard,400,0,0,50,35,25,8.00,LWH,1,
2.2,车型2_037,车型2,G2_车型2_037_0019,G2,standard,400,35,0,50,35,25,8.00,LWH,1,
2.2,车型2_037,车型2,G1_车型2_037_0016,G1,standard,400,70,0,40,60,30,12.00,WLH,3,
2.2,车型2_037,车型2,G1_车型2_037_0017,G1,standard,400,130,0,40,60,30,12.00,WLH,3,
2.2,车型2_037,车型2,G5_车型2_037_0010,G5,oriented,400,190,0,40,40,60,18.00,LWH,1,
2.2,车型2_037,车型2,G2_车型2_037_0020,G2,standard,450,0,0,50,35,25,8.00,LWH,1,
2.2,车型2_037,车型2,G2_车型2_037_0021,G2,standard,450,35,0,50,35,25,8.00,LWH,1,
2.2,车型2_037,车型2,G2_车型2_037_0022,G2,standard,450,70,0,50,35,25,8.00,LWH,1,
2.2,车型2_037,车型2,G1_车型2_037_0018,G1,standard,450,105,0,40,60,30,12.00,WLH,3,
2.2,车型2_037,车型2,G5_车型2_037_0011,G5,oriented,450,165,0,40,40,60,18.00,LWH,1,
2.2,车型2_037,车型2,G4_车型2_037_0001,G4,oriented,500,0,0,80,60,50,25.00,LWH,1,
2.2,车型2_037,车型2,G4_车型2_037_0002,G4,oriented,500,60,0,80,60,50,25.00,LWH,1,
2.2,车型2_037,车型2,G4_车型2_037_0003,G4,oriented,500,120,0,80,60,50,25.00,LWH,1,
2.2,车型2_037,车型2,G4_车型2_037_0004,G4,oriented,500,180,0,80,60,50,25.00,LWH,1,
2.2,车型2_037,车型2,G4_车型2_037_0005,G4,oriented,580,0,0,80,60,50,25.00,LWH,1,
2.2,车型2_037,车型2,G4_车型2_037_0006,G4,oriented,580,60,0,80,60,50,25.00,LWH,1,
2.2,车型2_037,车型2,G4_车型2_037_0007,G4,oriented,580,120,0,80,60,50,25.00,LWH,1,
2.2,车型2_037,车型2,G4_车型2_037_0008,G4,oriented,580,180,0,80,60,50,25.00,LWH,1,
2.2,车型2_038,车型2,G2_车型2_038_0001,G2,standard,0,0,0,50,35,25,8.00,LWH,1,
2.2,车型2_038,车型2,G2_车型2_038_0002,G2,standard,0,35,0,50,35,25,8.00,LWH,1,
2.2,车型2_038,车型2,G1_车型2_038_0001,G1,standard,0,70,0,40,60,30,12.00,WLH,3,
2.2,车型2_038,车型2,G1_车型2_038_0002,G1,standard,0,130,0,40,60,30,12.00,WLH,3,
2.2,车型2_038,车型2,G5_车型2_038_0001,G5,oriented,0,190,0,40,40,60,18.00,LWH,1,
2.2,车型2_038,车型2,G2_车型2_038_0003,G2,standard,50,0,0,50,35,25,8.00,LWH,1,
2.2,车型2_038,车型2,G2_车型2_038_0004,G2,standard,50,35,0,50,35,25,8.00,LWH,1,
2.2,车型2_038,车型2,G1_车型2_038_0003,G1,standard,50,70,0,40,60,30,12.00,WLH,3,
2.2,车型2_038,车型2,G1_车型2_038_0004,G1,standard,50,130,0,40,60,30,12.00,WLH,3,
2.2,车型2_038,车型2,G5_车型2_038_0002,G5,oriented,50,190,0,40,40,60,18.00,LWH,1,
2.2,车型2_038,车型2,G2_车型2_038_0005,G2,standard,100,0,0,50,35,25,8.00,LWH,1,
2.2,车型2_038,车型2,G2_车型2_038_0006,G2,standard,100,35,0,50,35,25,8.00,LWH,1,
2.2,车型2_038,车型2,G1_车型2_038_0005,G1,standard,100,70,0,40,60,30,12.00,WLH,3,
2.2,车型2_038,车型2,G1_车型2_038_0006,G1,standard,100,130,0,40,60,30,12.00,WLH,3,
2.2,车型2_038,车型2,G5_车型2_038_0003,G5,oriented,100,190,0,40,40,60,18.00,LWH,1,
2.2,车型2_038,车型2,G2_车型2_038_0007,G2,standard,150,0,0,50,35,25,8.00,LWH,1,
2.2,车型2_038,车型2,G2_车型2_038_0008,G2,standard,150,35,0,50,35,25,8.00,LWH,1,
2.2,车型2_038,车型2,G2_车型2_038_0009,G2,standard,150,70,0,50,35,25,8.00,LWH,1,
2.2,车型2_038,车型2,G1_车型2_038_0007,G1,standard,150,105,0,40,60,30,12.00,WLH,3,
2.2,车型2_038,车型2,G5_车型2_038_0004,G5,oriented,150,165,0,40,40,60,18.00,LWH,1,
2.2,车型2_038,车型2,G5_车型2_038_0005,G5,oriented,150,205,0,40,40,60,18.00,LWH,1,
2.2,车型2_038,车型2,G2_车型2_038_0010,G2,standard,200,0,0,50,35,25,8.00,LWH,1,
2.2,车型2_038,车型2,G2_车型2_038_0011,G2,standard,200,35,0,50,35,25,8.00,LWH,1,
2.2,车型2_038,车型2,G1_车型2_038_0008,G1,standard,200,70,0,40,60,30,12.00,WLH,3,
2.2,车型2_038,车型2,G1_车型2_038_0009,G1,standard,200,130,0,40,60,30,12.00,WLH,3,
2.2,车型2_038,车型2,G5_车型2_038_0006,G5,oriented,200,190,0,40,40,60,18.00,LWH,1,
2.2,车型2_038,车型2,G2_车型2_038_0012,G2,standard,250,0,0,50,35,25,8.00,LWH,1,
2.2,车型2_038,车型2,G2_车型2_038_0013,G2,standard,250,35,0,50,35,25,8.00,LWH,1,
2.2,车型2_038,车型2,G1_车型2_038_0010,G1,standard,250,70,0,40,60,30,12.00,WLH,3,
2.2,车型2_038,车型2,G1_车型2_038_0011,G1,standard,250,130,0,40,60,30,12.00,WLH,3,
2.2,车型2_038,车型2,G5_车型2_038_0007,G5,oriented,250,190,0,40,40,60,18.00,LWH,1,
2.2,车型2_038,车型2,G2_车型2_038_0014,G2,standard,300,0,0,50,35,25,8.00,LWH,1,
2.2,车型2_038,车型2,G2_车型2_038_0015,G2,standard,300,35,0,50,35,25,8.00,LWH,1,
2.2,车型2_038,车型2,G1_车型2_038_0012,G1,standard,300,70,0,40,60,30,12.00,WLH,3,
2.2,车型2_038,车型2,G1_车型2_038_0013,G1,standard,300,130,0,40,60,30,12.00,WLH,3,
2.2,车型2_038,车型2,G5_车型2_038_0008,G5,oriented,300,190,0,40,40,60,18.00,LWH,1,
2.2,车型2_038,车型2,G2_车型2_038_0016,G2,standard,350,0,0,50,35,25,8.00,LWH,1,
2.2,车型2_038,车型2,G2_车型2_038_0017,G2,standard,350,35,0,50,35,25,8.00,LWH,1,
2.2,车型2_038,车型2,G1_车型2_038_0014,G1,standard,350,70,0,40,60,30,12.00,WLH,3,
2.2,车型2_038,车型2,G1_车型2_038_0015,G1,standard,350,130,0,40,60,30,12.00,WLH,3,
2.2,车型2_038,车型2,G5_车型2_038_0009,G5,oriented,350,190,0,40,40,60,18.00,LWH,1,
2.2,车型2_038,车型2,G2_车型2_038_0018,G2,standard,400,0,0,50,35,25,8.00,LWH,1,
2.2,车型2_038,车型2,G2_车型2_038_0019,G2,standard,400,35,0,50,35,25,8.00,LWH,1,
2.2,车型2_038,车型2,G2_车型2_038_0020,G2,standard,400,70,0,50,35,25,8.00,LWH,1,
2.2,车型2_038,车型2,G1_车型2_038_0016,G1,standard,400,105,0,40,60,30,12.00,WLH,3,
2.2,车型2_038,车型2,G5_车型2_038_0010,G5,oriented,400,165,0,40,40,60,18.00,LWH,1,
2.2,车型2_038,车型2,G2_车型2_038_0021,G2,standard,450,0,0,50,35,25,8.00,LWH,1,
2.2,车型2_038,车型2,G2_车型2_038_0022,G2,standard,450,35,0,50,35,25,8.00,LWH,1,
2.2,车型2_038,车型2,G1_车型2_038_0017,G1,standard,450,70,0,40,60,30,12.00,WLH,3,
2.2,车型2_038,车型2,G1_车型2_038_0018,G1,standard,450,130,0,40,60,30,12.00,WLH,3,
2.2,车型2_038,车型2,G5_车型2_038_0011,G5,oriented,450,190,0,40,40,60,18.00,LWH,1,
2.2,车型2_038,车型2,G4_车型2_038_0001,G4,oriented,500,0,0,80,60,50,25.00,LWH,1,
2.2,车型2_038,车型2,G4_车型2_038_0002,G4,oriented,500,60,0,80,60,50,25.00,LWH,1,
2.2,车型2_038,车型2,G4_车型2_038_0003,G4,oriented,500,120,0,80,60,50,25.00,LWH,1,
2.2,车型2_038,车型2,G4_车型2_038_0004,G4,oriented,500,180,0,80,60,50,25.00,LWH,1,
2.2,车型2_038,车型2,G4_车型2_038_0005,G4,oriented,580,0,0,80,60,50,25.00,LWH,1,
2.2,车型2_038,车型2,G4_车型2_038_0006,G4,oriented,580,60,0,80,60,50,25.00,LWH,1,
2.2,车型2_038,车型2,G4_车型2_038_0007,G4,oriented,580,120,0,80,60,50,25.00,LWH,1,
2.2,车型2_038,车型2,G4_车型2_038_0008,G4,oriented,580,180,0,80,60,50,25.00,LWH,1,
2.2,车型2_039,车型2,G2_车型2_039_0001,G2,standard,0,0,0,50,35,25,8.00,LWH,1,
2.2,车型2_039,车型2,G2_车型2_039_0002,G2,standard,0,35,0,50,35,25,8.00,LWH,1,
2.2,车型2_039,车型2,G1_车型2_039_0001,G1,standard,0,70,0,40,60,30,12.00,WLH,3,
2.2,车型2_039,车型2,G1_车型2_039_0002,G1,standard,0,130,0,40,60,30,12.00,WLH,3,
2.2,车型2_039,车型2,G5_车型2_039_0001,G5,oriented,0,190,0,40,40,60,18.00,LWH,1,
2.2,车型2_039,车型2,G2_车型2_039_0003,G2,standard,50,0,0,50,35,25,8.00,LWH,1,
2.2,车型2_039,车型2,G2_车型2_039_0004,G2,standard,50,35,0,50,35,25,8.00,LWH,1,
2.2,车型2_039,车型2,G1_车型2_039_0003,G1,standard,50,70,0,40,60,30,12.00,WLH,3,
2.2,车型2_039,车型2,G1_车型2_039_0004,G1,standard,50,130,0,40,60,30,12.00,WLH,3,
2.2,车型2_039,车型2,G5_车型2_039_0002,G5,oriented,50,190,0,40,40,60,18.00,LWH,1,
2.2,车型2_039,车型2,G2_车型2_039_0005,G2,standard,100,0,0,50,35,25,8.00,LWH,1,
2.2,车型2_039,车型2,G2_车型2_039_0006,G2,standard,100,35,0,50,35,25,8.00,LWH,1,
2.2,车型2_039,车型2,G2_车型2_039_0007,G2,standard,100,70,0,50,35,25,8.00,LWH,1,
2.2,车型2_039,车型2,G1_车型2_039_0005,G1,standard,100,105,0,40,60,30,12.00,WLH,3,
2.2,车型2_039,车型2,G5_车型2_039_0003,G5,oriented,100,165,0,40,40,60,18.00,LWH,1,
2.2,车型2_039,车型2,G5_车型2_039_0004,G5,oriented,100,205,0,40,40,60,18.00,LWH,1,
2.2,车型2_039,车型2,G2_车型2_039_0008,G2,standard,150,0,0,50,35,25,8.00,LWH,1,
2.2,车型2_039,车型2,G2_车型2_039_0009,G2,standard,150,35,0,50,35,25,8.00,LWH,1,
2.2,车型2_039,车型2,G1_车型2_039_0006,G1,standard,150,70,0,40,60,30,12.00,WLH,3,
2.2,车型2_039,车型2,G1_车型2_039_0007,G1,standard,150,130,0,40,60,30,12.00,WLH,3,
2.2,车型2_039,车型2,G5_车型2_039_0005,G5,oriented,150,190,0,40,40,60,18.00,LWH,1,
2.2,车型2_039,车型2,G2_车型2_039_0010,G2,standard,200,0,0,50,35,25,8.00,LWH,1,
2.2,车型2_039,车型2,G2_车型2_039_0011,G2,standard,200,35,0,50,35,25,8.00,LWH,1,
2.2,车型2_039,车型2,G1_车型2_039_0008,G1,standard,200,70,0,40,60,30,12.00,WLH,3,
2.2,车型2_039,车型2,G1_车型2_039_0009,G1,standard,200,130,0,40,60,30,12.00,WLH,3,
2.2,车型2_039,车型2,G5_车型2_039_0006,G5,oriented,200,190,0,40,40,60,18.00,LWH,1,
2.2,车型2_039,车型2,G2_车型2_039_0012,G2,standard,250,0,0,50,35,25,8.00,LWH,1,
2.2,车型2_039,车型2,G2_车型2_039_0013,G2,standard,250,35,0,50,35,25,8.00,LWH,1,
2.2,车型2_039,车型2,G1_车型2_039_0010,G1,standard,250,70,0,40,60,30,12.00,WLH,3,
2.2,车型2_039,车型2,G1_车型2_039_0011,G1,standard,250,130,0,40,60,30,12.00,WLH,3,
2.2,车型2_039,车型2,G5_车型2_039_0007,G5,oriented,250,190,0,40,40,60,18.00,LWH,1,
2.2,车型2_039,车型2,G2_车型2_039_0014,G2,standard,300,0,0,50,35,25,8.00,LWH,1,
2.2,车型2_039,车型2,G2_车型2_039_0015,G2,standard,300,35,0,50,35,25,8.00,LWH,1,
2.2,车型2_039,车型2,G1_车型2_039_0012,G1,standard,300,70,0,40,60,30,12.00,WLH,3,
2.2,车型2_039,车型2,G1_车型2_039_0013,G1,standard,300,130,0,40,60,30,12.00,WLH,3,
2.2,车型2_039,车型2,G5_车型2_039_0008,G5,oriented,300,190,0,40,40,60,18.00,LWH,1,
2.2,车型2_039,车型2,G2_车型2_039_0016,G2,standard,350,0,0,50,35,25,8.00,LWH,1,
2.2,车型2_039,车型2,G2_车型2_039_0017,G2,standard,350,35,0,50,35,25,8.00,LWH,1,
2.2,车型2_039,车型2,G2_车型2_039_0018,G2,standard,350,70,0,50,35,25,8.00,LWH,1,
2.2,车型2_039,车型2,G1_车型2_039_0014,G1,standard,350,105,0,40,60,30,12.00,WLH,3,
2.2,车型2_039,车型2,G5_车型2_039_0009,G5,oriented,350,165,0,40,40,60,18.00,LWH,1,
2.2,车型2_039,车型2,G5_车型2_039_0010,G5,oriented,350,205,0,40,40,60,18.00,LWH,1,
2.2,车型2_039,车型2,G2_车型2_039_0019,G2,standard,400,0,0,50,35,25,8.00,LWH,1,
2.2,车型2_039,车型2,G2_车型2_039_0020,G2,standard,400,35,0,50,35,25,8.00,LWH,1,
2.2,车型2_039,车型2,G1_车型2_039_0015,G1,standard,400,70,0,40,60,30,12.00,WLH,3,
2.2,车型2_039,车型2,G1_车型2_039_0016,G1,standard,400,130,0,40,60,30,12.00,WLH,3,
2.2,车型2_039,车型2,G5_车型2_039_0011,G5,oriented,400,190,0,40,40,60,18.00,LWH,1,
2.2,车型2_039,车型2,G2_车型2_039_0021,G2,standard,450,0,0,50,35,25,8.00,LWH,1,
2.2,车型2_039,车型2,G2_车型2_039_0022,G2,standard,450,35,0,50,35,25,8.00,LWH,1,
2.2,车型2_039,车型2,G1_车型2_039_0017,G1,standard,450,70,0,40,60,30,12.00,WLH,3,
2.2,车型2_039,车型2,G1_车型2_039_0018,G1,standard,450,130,0,40,60,30,12.00,WLH,3,
2.2,车型2_039,车型2,G5_车型2_039_0012,G5,oriented,450,190,0,40,40,60,18.00,LWH,1,
2.2,车型2_039,车型2,G4_车型2_039_0001,G4,oriented,500,0,0,80,60,50,25.00,LWH,1,
2.2,车型2_039,车型2,G4_车型2_039_0002,G4,oriented,500,60,0,80,60,50,25.00,LWH,1,
2.2,车型2_039,车型2,G4_车型2_039_0003,G4,oriented,500,120,0,80,60,50,25.00,LWH,1,
2.2,车型2_039,车型2,G4_车型2_039_0004,G4,oriented,500,180,0,80,60,50,25.00,LWH,1,
2.2,车型2_039,车型2,G4_车型2_039_0005,G4,oriented,580,0,0,80,60,50,25.00,LWH,1,
2.2,车型2_039,车型2,G4_车型2_039_0006,G4,oriented,580,60,0,80,60,50,25.00,LWH,1,
2.2,车型2_039,车型2,G4_车型2_039_0007,G4,oriented,580,120,0,80,60,50,25.00,LWH,1,
2.2,车型2_039,车型2,G4_车型2_039_0008,G4,oriented,580,180,0,80,60,50,25.00,LWH,1,
2.2,车型2_040,车型2,G2_车型2_040_0001,G2,standard,0,0,0,50,35,25,8.00,LWH,1,
2.2,车型2_040,车型2,G2_车型2_040_0002,G2,standard,0,35,0,50,35,25,8.00,LWH,1,
2.2,车型2_040,车型2,G1_车型2_040_0001,G1,standard,0,70,0,40,60,30,12.00,WLH,3,
2.2,车型2_040,车型2,G1_车型2_040_0002,G1,standard,0,130,0,40,60,30,12.00,WLH,3,
2.2,车型2_040,车型2,G5_车型2_040_0001,G5,oriented,0,190,0,40,40,60,18.00,LWH,1,
2.2,车型2_040,车型2,G2_车型2_040_0003,G2,standard,50,0,0,50,35,25,8.00,LWH,1,
2.2,车型2_040,车型2,G2_车型2_040_0004,G2,standard,50,35,0,50,35,25,8.00,LWH,1,
2.2,车型2_040,车型2,G2_车型2_040_0005,G2,standard,50,70,0,50,35,25,8.00,LWH,1,
2.2,车型2_040,车型2,G1_车型2_040_0003,G1,standard,50,105,0,40,60,30,12.00,WLH,3,
2.2,车型2_040,车型2,G5_车型2_040_0002,G5,oriented,50,165,0,40,40,60,18.00,LWH,1,
2.2,车型2_040,车型2,G5_车型2_040_0003,G5,oriented,50,205,0,40,40,60,18.00,LWH,1,
2.2,车型2_040,车型2,G2_车型2_040_0006,G2,standard,100,0,0,50,35,25,8.00,LWH,1,
2.2,车型2_040,车型2,G2_车型2_040_0007,G2,standard,100,35,0,50,35,25,8.00,LWH,1,
2.2,车型2_040,车型2,G1_车型2_040_0004,G1,standard,100,70,0,40,60,30,12.00,WLH,3,
2.2,车型2_040,车型2,G1_车型2_040_0005,G1,standard,100,130,0,40,60,30,12.00,WLH,3,
2.2,车型2_040,车型2,G5_车型2_040_0004,G5,oriented,100,190,0,40,40,60,18.00,LWH,1,
2.2,车型2_040,车型2,G2_车型2_040_0008,G2,standard,150,0,0,50,35,25,8.00,LWH,1,
2.2,车型2_040,车型2,G2_车型2_040_0009,G2,standard,150,35,0,50,35,25,8.00,LWH,1,
2.2,车型2_040,车型2,G1_车型2_040_0006,G1,standard,150,70,0,40,60,30,12.00,WLH,3,
2.2,车型2_040,车型2,G1_车型2_040_0007,G1,standard,150,130,0,40,60,30,12.00,WLH,3,
2.2,车型2_040,车型2,G1_车型2_040_0008,G1,standard,150,190,0,40,30,60,12.00,WHL,4,
2.2,车型2_040,车型2,G2_车型2_040_0010,G2,standard,150,220,0,35,25,50,8.00,WHL,4,
2.2,车型2_040,车型2,G2_车型2_040_0011,G2,standard,200,0,0,50,35,25,8.00,LWH,1,
2.2,车型2_040,车型2,G2_车型2_040_0012,G2,standard,200,35,0,50,35,25,8.00,LWH,1,
2.2,车型2_040,车型2,G1_车型2_040_0009,G1,standard,200,70,0,40,60,30,12.00,WLH,3,
2.2,车型2_040,车型2,G1_车型2_040_0010,G1,standard,200,130,0,40,60,30,12.00,WLH,3,
2.2,车型2_040,车型2,G1_车型2_040_0011,G1,standard,200,190,0,40,30,60,12.00,WHL,4,
2.2,车型2_040,车型2,G2_车型2_040_0013,G2,standard,200,220,0,35,25,50,8.00,WHL,4,
2.2,车型2_040,车型2,G2_车型2_040_0014,G2,standard,250,0,0,50,35,25,8.00,LWH,1,
2.2,车型2_040,车型2,G2_车型2_040_0015,G2,standard,250,35,0,50,35,25,8.00,LWH,1,
2.2,车型2_040,车型2,G2_车型2_040_0016,G2,standard,250,70,0,50,35,25,8.00,LWH,1,
2.2,车型2_040,车型2,G1_车型2_040_0012,G1,standard,250,105,0,40,60,30,12.00,WLH,3,
2.2,车型2_040,车型2,G1_车型2_040_0013,G1,standard,250,165,0,40,60,30,12.00,WLH,3,
2.2,车型2_040,车型2,G2_车型2_040_0017,G2,standard,300,0,0,50,35,25,8.00,LWH,1,
2.2,车型2_040,车型2,G2_车型2_040_0018,G2,standard,300,35,0,50,35,25,8.00,LWH,1,
2.2,车型2_040,车型2,G1_车型2_040_0014,G1,standard,300,70,0,40,60,30,12.00,WLH,3,
2.2,车型2_040,车型2,G1_车型2_040_0015,G1,standard,300,130,0,40,60,30,12.00,WLH,3,
2.2,车型2_040,车型2,G1_车型2_040_0016,G1,standard,300,190,0,40,30,60,12.00,WHL,4,
2.2,车型2_040,车型2,G2_车型2_040_0019,G2,standard,350,0,0,50,35,25,8.00,LWH,1,
2.2,车型2_040,车型2,G2_车型2_040_0020,G2,standard,350,35,0,50,35,25,8.00,LWH,1,
2.2,车型2_040,车型2,G2_车型2_040_0021,G2,standard,350,70,0,50,35,25,8.00,LWH,1,
2.2,车型2_040,车型2,G1_车型2_040_0017,G1,standard,350,105,0,40,60,30,12.00,WLH,3,
2.2,车型2_040,车型2,G1_车型2_040_0018,G1,standard,350,165,0,40,60,30,12.00,WLH,3,
2.2,车型2_040,车型2,G2_车型2_040_0022,G2,standard,400,0,0,50,35,25,8.00,LWH,1,
2.2,车型2_040,车型2,G2_车型2_040_0023,G2,standard,400,35,0,50,35,25,8.00,LWH,1,
2.2,车型2_040,车型2,G2_车型2_040_0024,G2,standard,400,70,0,50,35,25,8.00,LWH,1,
2.2,车型2_040,车型2,G1_车型2_040_0019,G1,standard,400,105,0,40,60,30,12.00,WLH,3,
2.2,车型2_040,车型2,G1_车型2_040_0020,G1,standard,400,165,0,40,60,30,12.00,WLH,3,
2.2,车型2_040,车型2,G2_车型2_040_0025,G2,standard,450,0,0,50,35,25,8.00,LWH,1,
2.2,车型2_040,车型2,G2_车型2_040_0026,G2,standard,450,35,0,50,35,25,8.00,LWH,1,
2.2,车型2_040,车型2,G2_车型2_040_0027,G2,standard,450,70,0,50,35,25,8.00,LWH,1,
2.2,车型2_040,车型2,G1_车型2_040_0021,G1,standard,450,105,0,40,60,30,12.00,WLH,3,
2.2,车型2_040,车型2,G1_车型2_040_0022,G1,standard,450,165,0,40,60,30,12.00,WLH,3,
2.2,车型2_040,车型2,G4_车型2_040_0001,G4,oriented,500,0,0,80,60,50,25.00,LWH,1,
2.2,车型2_040,车型2,G4_车型2_040_0002,G4,oriented,500,60,0,80,60,50,25.00,LWH,1,
2.2,车型2_040,车型2,G4_车型2_040_0003,G4,oriented,500,120,0,80,60,50,25.00,LWH,1,
2.2,车型2_040,车型2,G4_车型2_040_0004,G4,oriented,500,180,0,80,60,50,25.00,LWH,1,
2.2,车型2_040,车型2,G4_车型2_040_0005,G4,oriented,580,0,0,80,60,50,25.00,LWH,1,
2.2,车型2_040,车型2,G4_车型2_040_0006,G4,oriented,580,60,0,80,60,50,25.00,LWH,1,
2.2,车型2_040,车型2,G4_车型2_040_0007,G4,oriented,580,120,0,80,60,50,25.00,LWH,1,
2.2,车型2_040,车型2,G4_车型2_040_0008,G4,oriented,580,180,0,80,60,50,25.00,LWH,1,
2.2,车型2_041,车型2,G2_车型2_041_0001,G2,standard,0,0,0,50,35,25,8.00,LWH,1,
2.2,车型2_041,车型2,G2_车型2_041_0002,G2,standard,0,35,0,50,35,25,8.00,LWH,1,
2.2,车型2_041,车型2,G2_车型2_041_0003,G2,standard,0,70,0,50,35,25,8.00,LWH,1,
2.2,车型2_041,车型2,G1_车型2_041_0001,G1,standard,0,105,0,40,60,30,12.00,WLH,3,
2.2,车型2_041,车型2,G1_车型2_041_0002,G1,standard,0,165,0,40,60,30,12.00,WLH,3,
2.2,车型2_041,车型2,G2_车型2_041_0004,G2,standard,50,0,0,50,35,25,8.00,LWH,1,
2.2,车型2_041,车型2,G2_车型2_041_0005,G2,standard,50,35,0,50,35,25,8.00,LWH,1,
2.2,车型2_041,车型2,G1_车型2_041_0003,G1,standard,50,70,0,40,60,30,12.00,WLH,3,
2.2,车型2_041,车型2,G1_车型2_041_0004,G1,standard,50,130,0,40,60,30,12.00,WLH,3,
2.2,车型2_041,车型2,G1_车型2_041_0005,G1,standard,50,190,0,40,30,60,12.00,WHL,4,
2.2,车型2_041,车型2,G2_车型2_041_0006,G2,standard,50,220,0,35,25,50,8.00,WHL,4,
2.2,车型2_041,车型2,G2_车型2_041_0007,G2,standard,100,0,0,50,35,25,8.00,LWH,1,
2.2,车型2_041,车型2,G2_车型2_041_0008,G2,standard,100,35,0,50,35,25,8.00,LWH,1,
2.2,车型2_041,车型2,G2_车型2_041_0009,G2,standard,100,70,0,50,35,25,8.00,LWH,1,
2.2,车型2_041,车型2,G1_车型2_041_0006,G1,standard,100,105,0,40,60,30,12.00,WLH,3,
2.2,车型2_041,车型2,G1_车型2_041_0007,G1,standard,100,165,0,40,60,30,12.00,WLH,3,
2.2,车型2_041,车型2,G2_车型2_041_0010,G2,standard,150,0,0,50,35,25,8.00,LWH,1,
2.2,车型2_041,车型2,G2_车型2_041_0011,G2,standard,150,35,0,50,35,25,8.00,LWH,1,
2.2,车型2_041,车型2,G1_车型2_041_0008,G1,standard,150,70,0,40,60,30,12.00,WLH,3,
2.2,车型2_041,车型2,G1_车型2_041_0009,G1,standard,150,130,0,40,60,30,12.00,WLH,3,
2.2,车型2_041,车型2,G1_车型2_041_0010,G1,standard,150,190,0,40,30,60,12.00,WHL,4,
2.2,车型2_041,车型2,G2_车型2_041_0012,G2,standard,150,220,0,35,25,50,8.00,WHL,4,
2.2,车型2_041,车型2,G2_车型2_041_0013,G2,standard,200,0,0,50,35,25,8.00,LWH,1,
2.2,车型2_041,车型2,G2_车型2_041_0014,G2,standard,200,35,0,50,35,25,8.00,LWH,1,
2.2,车型2_041,车型2,G2_车型2_041_0015,G2,standard,200,70,0,50,35,25,8.00,LWH,1,
2.2,车型2_041,车型2,G1_车型2_041_0011,G1,standard,200,105,0,40,60,30,12.00,WLH,3,
2.2,车型2_041,车型2,G1_车型2_041_0012,G1,standard,200,165,0,40,60,30,12.00,WLH,3,
2.2,车型2_041,车型2,G2_车型2_041_0016,G2,standard,250,0,0,50,35,25,8.00,LWH,1,
2.2,车型2_041,车型2,G2_车型2_041_0017,G2,standard,250,35,0,50,35,25,8.00,LWH,1,
2.2,车型2_041,车型2,G2_车型2_041_0018,G2,standard,250,70,0,50,35,25,8.00,LWH,1,
2.2,车型2_041,车型2,G1_车型2_041_0013,G1,standard,250,105,0,40,60,30,12.00,WLH,3,
2.2,车型2_041,车型2,G1_车型2_041_0014,G1,standard,250,165,0,40,60,30,12.00,WLH,3,
2.2,车型2_041,车型2,G2_车型2_041_0019,G2,standard,300,0,0,50,35,25,8.00,LWH,1,
2.2,车型2_041,车型2,G2_车型2_041_0020,G2,standard,300,35,0,50,35,25,8.00,LWH,1,
2.2,车型2_041,车型2,G1_车型2_041_0015,G1,standard,300,70,0,40,60,30,12.00,WLH,3,
2.2,车型2_041,车型2,G1_车型2_041_0016,G1,standard,300,130,0,40,60,30,12.00,WLH,3,
2.2,车型2_041,车型2,G1_车型2_041_0017,G1,standard,300,190,0,40,30,60,12.00,WHL,4,
2.2,车型2_041,车型2,G2_车型2_041_0021,G2,standard,350,0,0,50,35,25,8.00,LWH,1,
2.2,车型2_041,车型2,G2_车型2_041_0022,G2,standard,350,35,0,50,35,25,8.00,LWH,1,
2.2,车型2_041,车型2,G2_车型2_041_0023,G2,standard,350,70,0,50,35,25,8.00,LWH,1,
2.2,车型2_041,车型2,G1_车型2_041_0018,G1,standard,350,105,0,40,60,30,12.00,WLH,3,
2.2,车型2_041,车型2,G1_车型2_041_0019,G1,standard,350,165,0,40,60,30,12.00,WLH,3,
2.2,车型2_041,车型2,G2_车型2_041_0024,G2,standard,400,0,0,50,35,25,8.00,LWH,1,
2.2,车型2_041,车型2,G2_车型2_041_0025,G2,standard,400,35,0,50,35,25,8.00,LWH,1,
2.2,车型2_041,车型2,G2_车型2_041_0026,G2,standard,400,70,0,50,35,25,8.00,LWH,1,
2.2,车型2_041,车型2,G1_车型2_041_0020,G1,standard,400,105,0,40,60,30,12.00,WLH,3,
2.2,车型2_041,车型2,G1_车型2_041_0021,G1,standard,400,165,0,40,60,30,12.00,WLH,3,
2.2,车型2_041,车型2,G4_车型2_041_0001,G4,oriented,450,0,0,80,60,50,25.00,LWH,1,
2.2,车型2_041,车型2,G4_车型2_041_0002,G4,oriented,450,60,0,80,60,50,25.00,LWH,1,
2.2,车型2_041,车型2,G4_车型2_041_0003,G4,oriented,450,120,0,80,60,50,25.00,LWH,1,
2.2,车型2_041,车型2,G4_车型2_041_0004,G4,oriented,450,180,0,80,60,50,25.00,LWH,1,
2.2,车型2_041,车型2,G4_车型2_041_0005,G4,oriented,530,0,0,80,60,50,25.00,LWH,1,
2.2,车型2_041,车型2,G4_车型2_041_0006,G4,oriented,530,60,0,80,60,50,25.00,LWH,1,
2.2,车型2_041,车型2,G4_车型2_041_0007,G4,oriented,530,120,0,80,60,50,25.00,LWH,1,
2.2,车型2_041,车型2,G4_车型2_041_0008,G4,oriented,530,180,0,80,60,50,25.00,LWH,1,
2.2,车型2_041,车型2,G2_车型2_041_0027,G2,standard,610,0,0,50,35,25,8.00,LWH,1,
2.2,车型2_041,车型2,G2_车型2_041_0028,G2,standard,610,35,0,50,35,25,8.00,LWH,1,
2.2,车型2_041,车型2,G2_车型2_041_0029,G2,standard,610,70,0,50,35,25,8.00,LWH,1,
2.2,车型2_041,车型2,G1_车型2_041_0022,G1,standard,610,105,0,40,60,30,12.00,WLH,3,
2.2,车型2_041,车型2,G1_车型2_041_0023,G1,standard,610,165,0,40,60,30,12.00,WLH,3,
2.2,车型2_042,车型2,G2_车型2_042_0001,G2,standard,0,0,0,50,35,25,8.00,LWH,1,
2.2,车型2_042,车型2,G2_车型2_042_0002,G2,standard,0,35,0,50,35,25,8.00,LWH,1,
2.2,车型2_042,车型2,G1_车型2_042_0001,G1,standard,0,70,0,40,60,30,12.00,WLH,3,
2.2,车型2_042,车型2,G1_车型2_042_0002,G1,standard,0,130,0,40,60,30,12.00,WLH,3,
2.2,车型2_042,车型2,G1_车型2_042_0003,G1,standard,0,190,0,40,30,60,12.00,WHL,4,
2.2,车型2_042,车型2,G2_车型2_042_0003,G2,standard,0,220,0,35,25,50,8.00,WHL,4,
2.2,车型2_042,车型2,G2_车型2_042_0004,G2,standard,50,0,0,50,35,25,8.00,LWH,1,
2.2,车型2_042,车型2,G2_车型2_042_0005,G2,standard,50,35,0,50,35,25,8.00,LWH,1,
2.2,车型2_042,车型2,G2_车型2_042_0006,G2,standard,50,70,0,50,35,25,8.00,LWH,1,
2.2,车型2_042,车型2,G1_车型2_042_0004,G1,standard,50,105,0,40,60,30,12.00,WLH,3,
2.2,车型2_042,车型2,G1_车型2_042_0005,G1,standard,50,165,0,40,60,30,12.00,WLH,3,
2.2,车型2_042,车型2,G2_车型2_042_0007,G2,standard,100,0,0,50,35,25,8.00,LWH,1,
2.2,车型2_042,车型2,G2_车型2_042_0008,G2,standard,100,35,0,50,35,25,8.00,LWH,1,
2.2,车型2_042,车型2,G2_车型2_042_0009,G2,standard,100,70,0,50,35,25,8.00,LWH,1,
2.2,车型2_042,车型2,G1_车型2_042_0006,G1,standard,100,105,0,40,60,30,12.00,WLH,3,
2.2,车型2_042,车型2,G1_车型2_042_0007,G1,standard,100,165,0,40,60,30,12.00,WLH,3,
2.2,车型2_042,车型2,G2_车型2_042_0010,G2,standard,150,0,0,50,35,25,8.00,LWH,1,
2.2,车型2_042,车型2,G2_车型2_042_0011,G2,standard,150,35,0,50,35,25,8.00,LWH,1,
2.2,车型2_042,车型2,G1_车型2_042_0008,G1,standard,150,70,0,40,60,30,12.00,WLH,3,
2.2,车型2_042,车型2,G1_车型2_042_0009,G1,standard,150,130,0,40,60,30,12.00,WLH,3,
2.2,车型2_042,车型2,G1_车型2_042_0010,G1,standard,150,190,0,40,30,60,12.00,WHL,4,
2.2,车型2_042,车型2,G2_车型2_042_0012,G2,standard,150,220,0,35,25,50,8.00,WHL,4,
2.2,车型2_042,车型2,G2_车型2_042_0013,G2,standard,200,0,0,50,35,25,8.00,LWH,1,
2.2,车型2_042,车型2,G2_车型2_042_0014,G2,standard,200,35,0,50,35,25,8.00,LWH,1,
2.2,车型2_042,车型2,G2_车型2_042_0015,G2,standard,200,70,0,50,35,25,8.00,LWH,1,
2.2,车型2_042,车型2,G1_车型2_042_0011,G1,standard,200,105,0,40,60,30,12.00,WLH,3,
2.2,车型2_042,车型2,G1_车型2_042_0012,G1,standard,200,165,0,40,60,30,12.00,WLH,3,
2.2,车型2_042,车型2,G2_车型2_042_0016,G2,standard,250,0,0,50,35,25,8.00,LWH,1,
2.2,车型2_042,车型2,G2_车型2_042_0017,G2,standard,250,35,0,50,35,25,8.00,LWH,1,
2.2,车型2_042,车型2,G1_车型2_042_0013,G1,standard,250,70,0,40,60,30,12.00,WLH,3,
2.2,车型2_042,车型2,G1_车型2_042_0014,G1,standard,250,130,0,40,60,30,12.00,WLH,3,
2.2,车型2_042,车型2,G1_车型2_042_0015,G1,standard,250,190,0,40,30,60,12.00,WHL,4,
2.2,车型2_042,车型2,G2_车型2_042_0018,G2,standard,250,220,0,35,25,50,8.00,WHL,4,
2.2,车型2_042,车型2,G2_车型2_042_0019,G2,standard,300,0,0,50,35,25,8.00,LWH,1,
2.2,车型2_042,车型2,G2_车型2_042_0020,G2,standard,300,35,0,50,35,25,8.00,LWH,1,
2.2,车型2_042,车型2,G2_车型2_042_0021,G2,standard,300,70,0,50,35,25,8.00,LWH,1,
2.2,车型2_042,车型2,G1_车型2_042_0016,G1,standard,300,105,0,40,60,30,12.00,WLH,3,
2.2,车型2_042,车型2,G1_车型2_042_0017,G1,standard,300,165,0,40,60,30,12.00,WLH,3,
2.2,车型2_042,车型2,G2_车型2_042_0022,G2,standard,350,0,0,50,35,25,8.00,LWH,1,
2.2,车型2_042,车型2,G2_车型2_042_0023,G2,standard,350,35,0,50,35,25,8.00,LWH,1,
2.2,车型2_042,车型2,G2_车型2_042_0024,G2,standard,350,70,0,50,35,25,8.00,LWH,1,
2.2,车型2_042,车型2,G1_车型2_042_0018,G1,standard,350,105,0,40,60,30,12.00,WLH,3,
2.2,车型2_042,车型2,G1_车型2_042_0019,G1,standard,350,165,0,40,60,30,12.00,WLH,3,
2.2,车型2_042,车型2,G2_车型2_042_0025,G2,standard,400,0,0,50,35,25,8.00,LWH,1,
2.2,车型2_042,车型2,G2_车型2_042_0026,G2,standard,400,35,0,50,35,25,8.00,LWH,1,
2.2,车型2_042,车型2,G1_车型2_042_0020,G1,standard,400,70,0,40,60,30,12.00,WLH,3,
2.2,车型2_042,车型2,G1_车型2_042_0021,G1,standard,400,130,0,40,60,30,12.00,WLH,3,
2.2,车型2_042,车型2,G1_车型2_042_0022,G1,standard,400,190,0,40,30,60,12.00,WHL,4,
2.2,车型2_042,车型2,G4_车型2_042_0001,G4,oriented,450,0,0,80,60,50,25.00,LWH,1,
2.2,车型2_042,车型2,G4_车型2_042_0002,G4,oriented,450,60,0,80,60,50,25.00,LWH,1,
2.2,车型2_042,车型2,G4_车型2_042_0003,G4,oriented,450,120,0,80,60,50,25.00,LWH,1,
2.2,车型2_042,车型2,G4_车型2_042_0004,G4,oriented,450,180,0,80,60,50,25.00,LWH,1,
2.2,车型2_042,车型2,G4_车型2_042_0005,G4,oriented,530,0,0,80,60,50,25.00,LWH,1,
2.2,车型2_042,车型2,G4_车型2_042_0006,G4,oriented,530,60,0,80,60,50,25.00,LWH,1,
2.2,车型2_042,车型2,G4_车型2_042_0007,G4,oriented,530,120,0,80,60,50,25.00,LWH,1,
2.2,车型2_042,车型2,G4_车型2_042_0008,G4,oriented,530,180,0,80,60,50,25.00,LWH,1,
2.2,车型2_042,车型2,G2_车型2_042_0027,G2,standard,610,0,0,50,35,25,8.00,LWH,1,
2.2,车型2_042,车型2,G2_车型2_042_0028,G2,standard,610,35,0,50,35,25,8.00,LWH,1,
2.2,车型2_042,车型2,G2_车型2_042_0029,G2,standard,610,70,0,50,35,25,8.00,LWH,1,
2.2,车型2_042,车型2,G1_车型2_042_0023,G1,standard,610,105,0,40,60,30,12.00,WLH,3,
2.2,车型2_042,车型2,G1_车型2_042_0024,G1,standard,610,165,0,40,60,30,12.00,WLH,3,
2.2,车型2_043,车型2,G2_车型2_043_0001,G2,standard,0,0,0,50,35,25,8.00,LWH,1,
2.2,车型2_043,车型2,G2_车型2_043_0002,G2,standard,0,35,0,50,35,25,8.00,LWH,1,
2.2,车型2_043,车型2,G2_车型2_043_0003,G2,standard,0,70,0,50,35,25,8.00,LWH,1,
2.2,车型2_043,车型2,G1_车型2_043_0001,G1,standard,0,105,0,40,60,30,12.00,WLH,3,
2.2,车型2_043,车型2,G1_车型2_043_0002,G1,standard,0,165,0,40,60,30,12.00,WLH,3,
2.2,车型2_043,车型2,G2_车型2_043_0004,G2,standard,50,0,0,50,35,25,8.00,LWH,1,
2.2,车型2_043,车型2,G2_车型2_043_0005,G2,standard,50,35,0,50,35,25,8.00,LWH,1,
2.2,车型2_043,车型2,G2_车型2_043_0006,G2,standard,50,70,0,50,35,25,8.00,LWH,1,
2.2,车型2_043,车型2,G1_车型2_043_0003,G1,standard,50,105,0,40,60,30,12.00,WLH,3,
2.2,车型2_043,车型2,G1_车型2_043_0004,G1,standard,50,165,0,40,60,30,12.00,WLH,3,
2.2,车型2_043,车型2,G2_车型2_043_0007,G2,standard,100,0,0,50,35,25,8.00,LWH,1,
2.2,车型2_043,车型2,G2_车型2_043_0008,G2,standard,100,35,0,50,35,25,8.00,LWH,1,
2.2,车型2_043,车型2,G1_车型2_043_0005,G1,standard,100,70,0,40,60,30,12.00,WLH,3,
2.2,车型2_043,车型2,G1_车型2_043_0006,G1,standard,100,130,0,40,60,30,12.00,WLH,3,
2.2,车型2_043,车型2,G1_车型2_043_0007,G1,standard,100,190,0,40,30,60,12.00,WHL,4,
2.2,车型2_043,车型2,G2_车型2_043_0009,G2,standard,100,220,0,35,25,50,8.00,WHL,4,
2.2,车型2_043,车型2,G2_车型2_043_0010,G2,standard,150,0,0,50,35,25,8.00,LWH,1,
2.2,车型2_043,车型2,G2_车型2_043_0011,G2,standard,150,35,0,50,35,25,8.00,LWH,1,
2.2,车型2_043,车型2,G2_车型2_043_0012,G2,standard,150,70,0,50,35,25,8.00,LWH,1,
2.2,车型2_043,车型2,G1_车型2_043_0008,G1,standard,150,105,0,40,60,30,12.00,WLH,3,
2.2,车型2_043,车型2,G1_车型2_043_0009,G1,standard,150,165,0,40,60,30,12.00,WLH,3,
2.2,车型2_043,车型2,G2_车型2_043_0013,G2,standard,200,0,0,50,35,25,8.00,LWH,1,
2.2,车型2_043,车型2,G2_车型2_043_0014,G2,standard,200,35,0,50,35,25,8.00,LWH,1,
2.2,车型2_043,车型2,G2_车型2_043_0015,G2,standard,200,70,0,50,35,25,8.00,LWH,1,
2.2,车型2_043,车型2,G1_车型2_043_0010,G1,standard,200,105,0,40,60,30,12.00,WLH,3,
2.2,车型2_043,车型2,G1_车型2_043_0011,G1,standard,200,165,0,40,60,30,12.00,WLH,3,
2.2,车型2_043,车型2,G2_车型2_043_0016,G2,standard,250,0,0,50,35,25,8.00,LWH,1,
2.2,车型2_043,车型2,G2_车型2_043_0017,G2,standard,250,35,0,50,35,25,8.00,LWH,1,
2.2,车型2_043,车型2,G1_车型2_043_0012,G1,standard,250,70,0,40,60,30,12.00,WLH,3,
2.2,车型2_043,车型2,G1_车型2_043_0013,G1,standard,250,130,0,40,60,30,12.00,WLH,3,
2.2,车型2_043,车型2,G1_车型2_043_0014,G1,standard,250,190,0,40,30,60,12.00,WHL,4,
2.2,车型2_043,车型2,G2_车型2_043_0018,G2,standard,250,220,0,35,25,50,8.00,WHL,4,
2.2,车型2_043,车型2,G2_车型2_043_0019,G2,standard,300,0,0,50,35,25,8.00,LWH,1,
2.2,车型2_043,车型2,G2_车型2_043_0020,G2,standard,300,35,0,50,35,25,8.00,LWH,1,
2.2,车型2_043,车型2,G2_车型2_043_0021,G2,standard,300,70,0,50,35,25,8.00,LWH,1,
2.2,车型2_043,车型2,G1_车型2_043_0015,G1,standard,300,105,0,40,60,30,12.00,WLH,3,
2.2,车型2_043,车型2,G1_车型2_043_0016,G1,standard,300,165,0,40,60,30,12.00,WLH,3,
2.2,车型2_043,车型2,G2_车型2_043_0022,G2,standard,350,0,0,50,35,25,8.00,LWH,1,
2.2,车型2_043,车型2,G2_车型2_043_0023,G2,standard,350,35,0,50,35,25,8.00,LWH,1,
2.2,车型2_043,车型2,G1_车型2_043_0017,G1,standard,350,70,0,40,60,30,12.00,WLH,3,
2.2,车型2_043,车型2,G1_车型2_043_0018,G1,standard,350,130,0,40,60,30,12.00,WLH,3,
2.2,车型2_043,车型2,G1_车型2_043_0019,G1,standard,350,190,0,40,30,60,12.00,WHL,4,
2.2,车型2_043,车型2,G4_车型2_043_0001,G4,oriented,400,0,0,80,60,50,25.00,LWH,1,
2.2,车型2_043,车型2,G4_车型2_043_0002,G4,oriented,400,60,0,80,60,50,25.00,LWH,1,
2.2,车型2_043,车型2,G4_车型2_043_0003,G4,oriented,400,120,0,80,60,50,25.00,LWH,1,
2.2,车型2_043,车型2,G4_车型2_043_0004,G4,oriented,400,180,0,80,60,50,25.00,LWH,1,
2.2,车型2_043,车型2,G4_车型2_043_0005,G4,oriented,480,0,0,80,60,50,25.00,LWH,1,
2.2,车型2_043,车型2,G4_车型2_043_0006,G4,oriented,480,60,0,80,60,50,25.00,LWH,1,
2.2,车型2_043,车型2,G4_车型2_043_0007,G4,oriented,480,120,0,80,60,50,25.00,LWH,1,
2.2,车型2_043,车型2,G4_车型2_043_0008,G4,oriented,480,180,0,80,60,50,25.00,LWH,1,
2.2,车型2_043,车型2,G4_车型2_043_0009,G4,oriented,560,0,0,80,60,50,25.00,LWH,1,
2.2,车型2_043,车型2,G4_车型2_043_0010,G4,oriented,560,60,0,80,60,50,25.00,LWH,1,
2.2,车型2_043,车型2,G4_车型2_043_0011,G4,oriented,560,120,0,80,60,50,25.00,LWH,1,
2.2,车型2_043,车型2,G4_车型2_043_0012,G4,oriented,560,180,0,80,60,50,25.00,LWH,1,
2.2,车型2_043,车型2,G2_车型2_043_0024,G2,standard,640,0,0,35,50,25,8.00,WLH,3,
2.2,车型2_043,车型2,G1_车型2_043_0020,G1,standard,640,50,0,30,60,40,12.00,HLW,5,
2.2,车型2_043,车型2,G1_车型2_043_0021,G1,standard,640,110,0,30,60,40,12.00,HLW,5,
2.2,车型2_043,车型2,G1_车型2_043_0022,G1,standard,640,170,0,30,60,40,12.00,HLW,5,
2.2,车型2_044,车型2,G2_车型2_044_0001,G2,standard,0,0,0,50,35,25,8.00,LWH,1,
2.2,车型2_044,车型2,G2_车型2_044_0002,G2,standard,0,35,0,50,35,25,8.00,LWH,1,
2.2,车型2_044,车型2,G2_车型2_044_0003,G2,standard,0,70,0,50,35,25,8.00,LWH,1,
2.2,车型2_044,车型2,G1_车型2_044_0001,G1,standard,0,105,0,40,60,30,12.00,WLH,3,
2.2,车型2_044,车型2,G1_车型2_044_0002,G1,standard,0,165,0,40,60,30,12.00,WLH,3,
2.2,车型2_044,车型2,G2_车型2_044_0004,G2,standard,50,0,0,50,35,25,8.00,LWH,1,
2.2,车型2_044,车型2,G2_车型2_044_0005,G2,standard,50,35,0,50,35,25,8.00,LWH,1,
2.2,车型2_044,车型2,G2_车型2_044_0006,G2,standard,50,70,0,50,35,25,8.00,LWH,1,
2.2,车型2_044,车型2,G1_车型2_044_0003,G1,standard,50,105,0,40,60,30,12.00,WLH,3,
2.2,车型2_044,车型2,G1_车型2_044_0004,G1,standard,50,165,0,40,60,30,12.00,WLH,3,
2.2,车型2_044,车型2,G2_车型2_044_0007,G2,standard,100,0,0,50,35,25,8.00,LWH,1,
2.2,车型2_044,车型2,G2_车型2_044_0008,G2,standard,100,35,0,50,35,25,8.00,LWH,1,
2.2,车型2_044,车型2,G2_车型2_044_0009,G2,standard,100,70,0,50,35,25,8.00,LWH,1,
2.2,车型2_044,车型2,G1_车型2_044_0005,G1,standard,100,105,0,40,60,30,12.00,WLH,3,
2.2,车型2_044,车型2,G1_车型2_044_0006,G1,standard,100,165,0,40,60,30,12.00,WLH,3,
2.2,车型2_044,车型2,G2_车型2_044_0010,G2,standard,150,0,0,50,35,25,8.00,LWH,1,
2.2,车型2_044,车型2,G2_车型2_044_0011,G2,standard,150,35,0,50,35,25,8.00,LWH,1,
2.2,车型2_044,车型2,G2_车型2_044_0012,G2,standard,150,70,0,50,35,25,8.00,LWH,1,
2.2,车型2_044,车型2,G1_车型2_044_0007,G1,standard,150,105,0,40,60,30,12.00,WLH,3,
2.2,车型2_044,车型2,G1_车型2_044_0008,G1,standard,150,165,0,40,60,30,12.00,WLH,3,
2.2,车型2_044,车型2,G2_车型2_044_0013,G2,standard,200,0,0,50,35,25,8.00,LWH,1,
2.2,车型2_044,车型2,G2_车型2_044_0014,G2,standard,200,35,0,50,35,25,8.00,LWH,1,
2.2,车型2_044,车型2,G2_车型2_044_0015,G2,standard,200,70,0,50,35,25,8.00,LWH,1,
2.2,车型2_044,车型2,G1_车型2_044_0009,G1,standard,200,105,0,40,60,30,12.00,WLH,3,
2.2,车型2_044,车型2,G1_车型2_044_0010,G1,standard,200,165,0,40,60,30,12.00,WLH,3,
2.2,车型2_044,车型2,G2_车型2_044_0016,G2,standard,250,0,0,50,35,25,8.00,LWH,1,
2.2,车型2_044,车型2,G2_车型2_044_0017,G2,standard,250,35,0,50,35,25,8.00,LWH,1,
2.2,车型2_044,车型2,G2_车型2_044_0018,G2,standard,250,70,0,50,35,25,8.00,LWH,1,
2.2,车型2_044,车型2,G1_车型2_044_0011,G1,standard,250,105,0,40,60,30,12.00,WLH,3,
2.2,车型2_044,车型2,G1_车型2_044_0012,G1,standard,250,165,0,40,60,30,12.00,WLH,3,
2.2,车型2_044,车型2,G2_车型2_044_0019,G2,standard,300,0,0,50,35,25,8.00,LWH,1,
2.2,车型2_044,车型2,G2_车型2_044_0020,G2,standard,300,35,0,50,35,25,8.00,LWH,1,
2.2,车型2_044,车型2,G2_车型2_044_0021,G2,standard,300,70,0,50,35,25,8.00,LWH,1,
2.2,车型2_044,车型2,G1_车型2_044_0013,G1,standard,300,105,0,40,60,30,12.00,WLH,3,
2.2,车型2_044,车型2,G1_车型2_044_0014,G1,standard,300,165,0,40,60,30,12.00,WLH,3,
2.2,车型2_044,车型2,G2_车型2_044_0022,G2,standard,350,0,0,50,35,25,8.00,LWH,1,
2.2,车型2_044,车型2,G2_车型2_044_0023,G2,standard,350,35,0,50,35,25,8.00,LWH,1,
2.2,车型2_044,车型2,G2_车型2_044_0024,G2,standard,350,70,0,50,35,25,8.00,LWH,1,
2.2,车型2_044,车型2,G1_车型2_044_0015,G1,standard,350,105,0,40,60,30,12.00,WLH,3,
2.2,车型2_044,车型2,G1_车型2_044_0016,G1,standard,350,165,0,40,60,30,12.00,WLH,3,
2.2,车型2_044,车型2,G2_车型2_044_0025,G2,standard,400,0,0,50,35,25,8.00,LWH,1,
2.2,车型2_044,车型2,G2_车型2_044_0026,G2,standard,400,35,0,50,35,25,8.00,LWH,1,
2.2,车型2_044,车型2,G2_车型2_044_0027,G2,standard,400,70,0,50,35,25,8.00,LWH,1,
2.2,车型2_044,车型2,G1_车型2_044_0017,G1,standard,400,105,0,40,60,30,12.00,WLH,3,
2.2,车型2_044,车型2,G1_车型2_044_0018,G1,standard,400,165,0,40,60,30,12.00,WLH,3,
2.2,车型2_044,车型2,G4_车型2_044_0001,G4,oriented,450,0,0,80,60,50,25.00,LWH,1,
2.2,车型2_044,车型2,G4_车型2_044_0002,G4,oriented,450,60,0,80,60,50,25.00,LWH,1,
2.2,车型2_044,车型2,G4_车型2_044_0003,G4,oriented,450,120,0,80,60,50,25.00,LWH,1,
2.2,车型2_044,车型2,G4_车型2_044_0004,G4,oriented,450,180,0,80,60,50,25.00,LWH,1,
2.2,车型2_044,车型2,G2_车型2_044_0028,G2,standard,530,0,0,50,35,25,8.00,LWH,1,
2.2,车型2_044,车型2,G2_车型2_044_0029,G2,standard,530,35,0,50,35,25,8.00,LWH,1,
2.2,车型2_044,车型2,G1_车型2_044_0019,G1,standard,530,70,0,40,60,30,12.00,WLH,3,
2.2,车型2_044,车型2,G1_车型2_044_0020,G1,standard,530,130,0,40,60,30,12.00,WLH,3,
2.2,车型2_044,车型2,G1_车型2_044_0021,G1,standard,530,190,0,40,30,60,12.00,WHL,4,
2.2,车型2_044,车型2,G2_车型2_044_0030,G2,standard,580,0,0,50,35,25,8.00,LWH,1,
2.2,车型2_044,车型2,G2_车型2_044_0031,G2,standard,580,35,0,50,35,25,8.00,LWH,1,
2.2,车型2_044,车型2,G2_车型2_044_0032,G2,standard,580,70,0,50,35,25,8.00,LWH,1,
2.2,车型2_044,车型2,G1_车型2_044_0022,G1,standard,580,105,0,40,60,30,12.00,WLH,3,
2.2,车型2_044,车型2,G1_车型2_044_0023,G1,standard,580,165,0,40,60,30,12.00,WLH,3,
2.2,车型2_044,车型2,G2_车型2_044_0033,G2,standard,630,0,0,50,35,25,8.00,LWH,1,
2.2,车型2_044,车型2,G2_车型2_044_0034,G2,standard,630,35,0,50,35,25,8.00,LWH,1,
2.2,车型2_044,车型2,G2_车型2_044_0035,G2,standard,630,70,0,50,35,25,8.00,LWH,1,
2.2,车型2_044,车型2,G1_车型2_044_0024,G1,standard,630,105,0,40,60,30,12.00,WLH,3,
2.2,车型2_044,车型2,G1_车型2_044_0025,G1,standard,630,165,0,40,60,30,12.00,WLH,3,
2.2,车型2_045,车型2,G2_车型2_045_0001,G2,standard,0,0,0,50,35,25,8.00,LWH,1,
2.2,车型2_045,车型2,G2_车型2_045_0002,G2,standard,0,35,0,50,35,25,8.00,LWH,1,
2.2,车型2_045,车型2,G2_车型2_045_0003,G2,standard,0,70,0,50,35,25,8.00,LWH,1,
2.2,车型2_045,车型2,G1_车型2_045_0001,G1,standard,0,105,0,40,60,30,12.00,WLH,3,
2.2,车型2_045,车型2,G1_车型2_045_0002,G1,standard,0,165,0,40,60,30,12.00,WLH,3,
2.2,车型2_045,车型2,G2_车型2_045_0004,G2,standard,50,0,0,50,35,25,8.00,LWH,1,
2.2,车型2_045,车型2,G2_车型2_045_0005,G2,standard,50,35,0,50,35,25,8.00,LWH,1,
2.2,车型2_045,车型2,G2_车型2_045_0006,G2,standard,50,70,0,50,35,25,8.00,LWH,1,
2.2,车型2_045,车型2,G1_车型2_045_0003,G1,standard,50,105,0,40,60,30,12.00,WLH,3,
2.2,车型2_045,车型2,G1_车型2_045_0004,G1,standard,50,165,0,40,60,30,12.00,WLH,3,
2.2,车型2_045,车型2,G2_车型2_045_0007,G2,standard,100,0,0,50,35,25,8.00,LWH,1,
2.2,车型2_045,车型2,G2_车型2_045_0008,G2,standard,100,35,0,50,35,25,8.00,LWH,1,
2.2,车型2_045,车型2,G1_车型2_045_0005,G1,standard,100,70,0,40,60,30,12.00,WLH,3,
2.2,车型2_045,车型2,G1_车型2_045_0006,G1,standard,100,130,0,40,60,30,12.00,WLH,3,
2.2,车型2_045,车型2,G1_车型2_045_0007,G1,standard,100,190,0,40,30,60,12.00,WHL,4,
2.2,车型2_045,车型2,G2_车型2_045_0009,G2,standard,100,220,0,35,25,50,8.00,WHL,4,
2.2,车型2_045,车型2,G2_车型2_045_0010,G2,standard,150,0,0,50,35,25,8.00,LWH,1,
2.2,车型2_045,车型2,G2_车型2_045_0011,G2,standard,150,35,0,50,35,25,8.00,LWH,1,
2.2,车型2_045,车型2,G2_车型2_045_0012,G2,standard,150,70,0,50,35,25,8.00,LWH,1,
2.2,车型2_045,车型2,G1_车型2_045_0008,G1,standard,150,105,0,40,60,30,12.00,WLH,3,
2.2,车型2_045,车型2,G1_车型2_045_0009,G1,standard,150,165,0,40,60,30,12.00,WLH,3,
2.2,车型2_045,车型2,G2_车型2_045_0013,G2,standard,200,0,0,50,35,25,8.00,LWH,1,
2.2,车型2_045,车型2,G2_车型2_045_0014,G2,standard,200,35,0,50,35,25,8.00,LWH,1,
2.2,车型2_045,车型2,G1_车型2_045_0010,G1,standard,200,70,0,40,60,30,12.00,WLH,3,
2.2,车型2_045,车型2,G1_车型2_045_0011,G1,standard,200,130,0,40,60,30,12.00,WLH,3,
2.2,车型2_045,车型2,G1_车型2_045_0012,G1,standard,200,190,0,40,30,60,12.00,WHL,4,
2.2,车型2_045,车型2,G2_车型2_045_0015,G2,standard,200,220,0,35,25,50,8.00,WHL,4,
2.2,车型2_045,车型2,G2_车型2_045_0016,G2,standard,250,0,0,50,35,25,8.00,LWH,1,
2.2,车型2_045,车型2,G2_车型2_045_0017,G2,standard,250,35,0,50,35,25,8.00,LWH,1,
2.2,车型2_045,车型2,G2_车型2_045_0018,G2,standard,250,70,0,50,35,25,8.00,LWH,1,
2.2,车型2_045,车型2,G1_车型2_045_0013,G1,standard,250,105,0,40,60,30,12.00,WLH,3,
2.2,车型2_045,车型2,G1_车型2_045_0014,G1,standard,250,165,0,40,60,30,12.00,WLH,3,
2.2,车型2_045,车型2,G2_车型2_045_0019,G2,standard,300,0,0,50,35,25,8.00,LWH,1,
2.2,车型2_045,车型2,G2_车型2_045_0020,G2,standard,300,35,0,50,35,25,8.00,LWH,1,
2.2,车型2_045,车型2,G2_车型2_045_0021,G2,standard,300,70,0,50,35,25,8.00,LWH,1,
2.2,车型2_045,车型2,G1_车型2_045_0015,G1,standard,300,105,0,40,60,30,12.00,WLH,3,
2.2,车型2_045,车型2,G1_车型2_045_0016,G1,standard,300,165,0,40,60,30,12.00,WLH,3,
2.2,车型2_045,车型2,G2_车型2_045_0022,G2,standard,350,0,0,50,35,25,8.00,LWH,1,
2.2,车型2_045,车型2,G2_车型2_045_0023,G2,standard,350,35,0,50,35,25,8.00,LWH,1,
2.2,车型2_045,车型2,G1_车型2_045_0017,G1,standard,350,70,0,40,60,30,12.00,WLH,3,
2.2,车型2_045,车型2,G1_车型2_045_0018,G1,standard,350,130,0,40,60,30,12.00,WLH,3,
2.2,车型2_045,车型2,G1_车型2_045_0019,G1,standard,350,190,0,40,30,60,12.00,WHL,4,
2.2,车型2_045,车型2,G2_车型2_045_0024,G2,standard,400,0,0,50,35,25,8.00,LWH,1,
2.2,车型2_045,车型2,G2_车型2_045_0025,G2,standard,400,35,0,50,35,25,8.00,LWH,1,
2.2,车型2_045,车型2,G2_车型2_045_0026,G2,standard,400,70,0,50,35,25,8.00,LWH,1,
2.2,车型2_045,车型2,G1_车型2_045_0020,G1,standard,400,105,0,40,60,30,12.00,WLH,3,
2.2,车型2_045,车型2,G1_车型2_045_0021,G1,standard,400,165,0,40,60,30,12.00,WLH,3,
2.2,车型2_045,车型2,G2_车型2_045_0027,G2,standard,450,0,0,50,35,25,8.00,LWH,1,
2.2,车型2_045,车型2,G2_车型2_045_0028,G2,standard,450,35,0,50,35,25,8.00,LWH,1,
2.2,车型2_045,车型2,G2_车型2_045_0029,G2,standard,450,70,0,50,35,25,8.00,LWH,1,
2.2,车型2_045,车型2,G1_车型2_045_0022,G1,standard,450,105,0,40,60,30,12.00,WLH,3,
2.2,车型2_045,车型2,G1_车型2_045_0023,G1,standard,450,165,0,40,60,30,12.00,WLH,3,
2.2,车型2_045,车型2,G2_车型2_045_0030,G2,standard,500,0,0,50,35,25,8.00,LWH,1,
2.2,车型2_045,车型2,G2_车型2_045_0031,G2,standard,500,35,0,50,35,25,8.00,LWH,1,
2.2,车型2_045,车型2,G2_车型2_045_0032,G2,standard,500,70,0,50,35,25,8.00,LWH,1,
2.2,车型2_045,车型2,G1_车型2_045_0024,G1,standard,500,105,0,40,60,30,12.00,WLH,3,
2.2,车型2_045,车型2,G1_车型2_045_0025,G1,standard,500,165,0,40,60,30,12.00,WLH,3,
2.2,车型2_045,车型2,G2_车型2_045_0033,G2,standard,550,0,0,50,35,25,8.00,LWH,1,
2.2,车型2_045,车型2,G2_车型2_045_0034,G2,standard,550,35,0,50,35,25,8.00,LWH,1,
2.2,车型2_045,车型2,G1_车型2_045_0026,G1,standard,550,70,0,40,60,30,12.00,WLH,3,
2.2,车型2_045,车型2,G1_车型2_045_0027,G1,standard,550,130,0,40,60,30,12.00,WLH,3,
2.2,车型2_045,车型2,G1_车型2_045_0028,G1,standard,550,190,0,40,30,60,12.00,WHL,4,
2.2,车型2_045,车型2,G2_车型2_045_0035,G2,standard,600,0,0,50,35,25,8.00,LWH,1,
2.2,车型2_045,车型2,G1_车型2_045_0029,G1,standard,650,0,0,30,60,40,12.00,HLW,5,
2.2,车型2_045,车型2,G1_车型2_045_0030,G1,standard,650,60,0,30,60,40,12.00,HLW,5,
2.2,车型2_045,车型2,G1_车型2_045_0031,G1,standard,650,120,0,30,60,40,12.00,HLW,5,
2.2,车型2_045,车型2,G1_车型2_045_0032,G1,standard,650,180,0,30,60,40,12.00,HLW,5,
2.2,车型2_045,车型2,G2_车型2_045_0036,G2,standard,600,35,0,50,35,25,8.00,LWH,1,
2.2,车型2_045,车型2,G2_车型2_045_0037,G2,standard,600,70,0,50,35,25,8.00,LWH,1,
2.2,车型2_045,车型2,G1_车型2_045_0033,G1,standard,600,105,0,40,60,30,12.00,WLH,3,
2.2,车型2_045,车型2,G1_车型2_045_0034,G1,standard,600,165,0,40,60,30,12.00,WLH,3,
2.2,车型2_046,车型2,G2_车型2_046_0001,G2,standard,0,0,0,50,35,25,8.00,LWH,1,
2.2,车型2_046,车型2,G2_车型2_046_0002,G2,standard,0,35,0,50,35,25,8.00,LWH,1,
2.2,车型2_046,车型2,G2_车型2_046_0003,G2,standard,0,70,0,50,35,25,8.00,LWH,1,
2.2,车型2_046,车型2,G1_车型2_046_0001,G1,standard,0,105,0,40,60,30,12.00,WLH,3,
2.2,车型2_046,车型2,G1_车型2_046_0002,G1,standard,0,165,0,40,60,30,12.00,WLH,3,
2.2,车型2_046,车型2,G2_车型2_046_0004,G2,standard,50,0,0,50,35,25,8.00,LWH,1,
2.2,车型2_046,车型2,G2_车型2_046_0005,G2,standard,50,35,0,50,35,25,8.00,LWH,1,
2.2,车型2_046,车型2,G2_车型2_046_0006,G2,standard,50,70,0,50,35,25,8.00,LWH,1,
2.2,车型2_046,车型2,G1_车型2_046_0003,G1,standard,50,105,0,40,60,30,12.00,WLH,3,
2.2,车型2_046,车型2,G1_车型2_046_0004,G1,standard,50,165,0,40,60,30,12.00,WLH,3,
2.2,车型2_046,车型2,G2_车型2_046_0007,G2,standard,100,0,0,50,35,25,8.00,LWH,1,
2.2,车型2_046,车型2,G2_车型2_046_0008,G2,standard,100,35,0,50,35,25,8.00,LWH,1,
2.2,车型2_046,车型2,G2_车型2_046_0009,G2,standard,100,70,0,50,35,25,8.00,LWH,1,
2.2,车型2_046,车型2,G1_车型2_046_0005,G1,standard,100,105,0,40,60,30,12.00,WLH,3,
2.2,车型2_046,车型2,G1_车型2_046_0006,G1,standard,100,165,0,40,60,30,12.00,WLH,3,
2.2,车型2_046,车型2,G2_车型2_046_0010,G2,standard,150,0,0,50,35,25,8.00,LWH,1,
2.2,车型2_046,车型2,G2_车型2_046_0011,G2,standard,150,35,0,50,35,25,8.00,LWH,1,
2.2,车型2_046,车型2,G2_车型2_046_0012,G2,standard,150,70,0,50,35,25,8.00,LWH,1,
2.2,车型2_046,车型2,G1_车型2_046_0007,G1,standard,150,105,0,40,60,30,12.00,WLH,3,
2.2,车型2_046,车型2,G1_车型2_046_0008,G1,standard,150,165,0,40,60,30,12.00,WLH,3,
2.2,车型2_046,车型2,G2_车型2_046_0013,G2,standard,200,0,0,50,35,25,8.00,LWH,1,
2.2,车型2_046,车型2,G2_车型2_046_0014,G2,standard,200,35,0,50,35,25,8.00,LWH,1,
2.2,车型2_046,车型2,G2_车型2_046_0015,G2,standard,200,70,0,50,35,25,8.00,LWH,1,
2.2,车型2_046,车型2,G1_车型2_046_0009,G1,standard,200,105,0,40,60,30,12.00,WLH,3,
2.2,车型2_046,车型2,G1_车型2_046_0010,G1,standard,200,165,0,40,60,30,12.00,WLH,3,
2.2,车型2_046,车型2,G2_车型2_046_0016,G2,standard,250,0,0,50,35,25,8.00,LWH,1,
2.2,车型2_046,车型2,G2_车型2_046_0017,G2,standard,250,35,0,50,35,25,8.00,LWH,1,
2.2,车型2_046,车型2,G2_车型2_046_0018,G2,standard,250,70,0,50,35,25,8.00,LWH,1,
2.2,车型2_046,车型2,G1_车型2_046_0011,G1,standard,250,105,0,40,60,30,12.00,WLH,3,
2.2,车型2_046,车型2,G1_车型2_046_0012,G1,standard,250,165,0,40,60,30,12.00,WLH,3,
2.2,车型2_046,车型2,G2_车型2_046_0019,G2,standard,300,0,0,50,35,25,8.00,LWH,1,
2.2,车型2_046,车型2,G2_车型2_046_0020,G2,standard,300,35,0,50,35,25,8.00,LWH,1,
2.2,车型2_046,车型2,G2_车型2_046_0021,G2,standard,300,70,0,50,35,25,8.00,LWH,1,
2.2,车型2_046,车型2,G1_车型2_046_0013,G1,standard,300,105,0,40,60,30,12.00,WLH,3,
2.2,车型2_046,车型2,G1_车型2_046_0014,G1,standard,300,165,0,40,60,30,12.00,WLH,3,
2.2,车型2_046,车型2,G2_车型2_046_0022,G2,standard,350,0,0,50,35,25,8.00,LWH,1,
2.2,车型2_046,车型2,G2_车型2_046_0023,G2,standard,350,35,0,50,35,25,8.00,LWH,1,
2.2,车型2_046,车型2,G2_车型2_046_0024,G2,standard,350,70,0,50,35,25,8.00,LWH,1,
2.2,车型2_046,车型2,G1_车型2_046_0015,G1,standard,350,105,0,40,60,30,12.00,WLH,3,
2.2,车型2_046,车型2,G1_车型2_046_0016,G1,standard,350,165,0,40,60,30,12.00,WLH,3,
2.2,车型2_046,车型2,G2_车型2_046_0025,G2,standard,400,0,0,50,35,25,8.00,LWH,1,
2.2,车型2_046,车型2,G2_车型2_046_0026,G2,standard,400,35,0,50,35,25,8.00,LWH,1,
2.2,车型2_046,车型2,G2_车型2_046_0027,G2,standard,400,70,0,50,35,25,8.00,LWH,1,
2.2,车型2_046,车型2,G1_车型2_046_0017,G1,standard,400,105,0,40,60,30,12.00,WLH,3,
2.2,车型2_046,车型2,G1_车型2_046_0018,G1,standard,400,165,0,40,60,30,12.00,WLH,3,
2.2,车型2_046,车型2,G2_车型2_046_0028,G2,standard,450,0,0,50,35,25,8.00,LWH,1,
2.2,车型2_046,车型2,G2_车型2_046_0029,G2,standard,450,35,0,50,35,25,8.00,LWH,1,
2.2,车型2_046,车型2,G2_车型2_046_0030,G2,standard,450,70,0,50,35,25,8.00,LWH,1,
2.2,车型2_046,车型2,G1_车型2_046_0019,G1,standard,450,105,0,40,60,30,12.00,WLH,3,
2.2,车型2_046,车型2,G1_车型2_046_0020,G1,standard,450,165,0,40,60,30,12.00,WLH,3,
2.2,车型2_046,车型2,G2_车型2_046_0031,G2,standard,500,0,0,50,35,25,8.00,LWH,1,
2.2,车型2_046,车型2,G2_车型2_046_0032,G2,standard,500,35,0,50,35,25,8.00,LWH,1,
2.2,车型2_046,车型2,G2_车型2_046_0033,G2,standard,500,70,0,50,35,25,8.00,LWH,1,
2.2,车型2_046,车型2,G1_车型2_046_0021,G1,standard,500,105,0,40,60,30,12.00,WLH,3,
2.2,车型2_046,车型2,G1_车型2_046_0022,G1,standard,500,165,0,40,60,30,12.00,WLH,3,
2.2,车型2_046,车型2,G2_车型2_046_0034,G2,standard,550,0,0,50,35,25,8.00,LWH,1,
2.2,车型2_046,车型2,G2_车型2_046_0035,G2,standard,550,35,0,50,35,25,8.00,LWH,1,
2.2,车型2_046,车型2,G2_车型2_046_0036,G2,standard,550,70,0,50,35,25,8.00,LWH,1,
2.2,车型2_046,车型2,G1_车型2_046_0023,G1,standard,550,105,0,40,60,30,12.00,WLH,3,
2.2,车型2_046,车型2,G1_车型2_046_0024,G1,standard,550,165,0,40,60,30,12.00,WLH,3,
2.2,车型2_046,车型2,G2_车型2_046_0037,G2,standard,600,0,0,50,35,25,8.00,LWH,1,
2.2,车型2_046,车型2,G1_车型2_046_0025,G1,standard,650,0,0,30,60,40,12.00,HLW,5,
2.2,车型2_046,车型2,G1_车型2_046_0026,G1,standard,650,60,0,30,60,40,12.00,HLW,5,
2.2,车型2_046,车型2,G1_车型2_046_0027,G1,standard,650,120,0,30,60,40,12.00,HLW,5,
2.2,车型2_046,车型2,G1_车型2_046_0028,G1,standard,650,180,0,30,60,40,12.00,HLW,5,
2.2,车型2_046,车型2,G2_车型2_046_0038,G2,standard,600,35,0,50,35,25,8.00,LWH,1,
2.2,车型2_046,车型2,G2_车型2_046_0039,G2,standard,600,70,0,50,35,25,8.00,LWH,1,
2.2,车型2_046,车型2,G1_车型2_046_0029,G1,standard,600,105,0,40,60,30,12.00,WLH,3,
2.2,车型2_046,车型2,G1_车型2_046_0030,G1,standard,600,165,0,40,60,30,12.00,WLH,3,
2.2,车型2_047,车型2,G2_车型2_047_0001,G2,standard,0,0,0,50,35,25,8.00,LWH,1,
2.2,车型2_047,车型2,G2_车型2_047_0002,G2,standard,0,35,0,50,35,25,8.00,LWH,1,
2.2,车型2_047,车型2,G2_车型2_047_0003,G2,standard,0,70,0,50,35,25,8.00,LWH,1,
2.2,车型2_047,车型2,G1_车型2_047_0001,G1,standard,0,105,0,40,60,30,12.00,WLH,3,
2.2,车型2_047,车型2,G1_车型2_047_0002,G1,standard,0,165,0,40,60,30,12.00,WLH,3,
2.2,车型2_047,车型2,G2_车型2_047_0004,G2,standard,50,0,0,50,35,25,8.00,LWH,1,
2.2,车型2_047,车型2,G2_车型2_047_0005,G2,standard,50,35,0,50,35,25,8.00,LWH,1,
2.2,车型2_047,车型2,G2_车型2_047_0006,G2,standard,50,70,0,50,35,25,8.00,LWH,1,
2.2,车型2_047,车型2,G1_车型2_047_0003,G1,standard,50,105,0,40,60,30,12.00,WLH,3,
2.2,车型2_047,车型2,G1_车型2_047_0004,G1,standard,50,165,0,40,60,30,12.00,WLH,3,
2.2,车型2_047,车型2,G2_车型2_047_0007,G2,standard,100,0,0,50,35,25,8.00,LWH,1,
2.2,车型2_047,车型2,G2_车型2_047_0008,G2,standard,100,35,0,50,35,25,8.00,LWH,1,
2.2,车型2_047,车型2,G2_车型2_047_0009,G2,standard,100,70,0,50,35,25,8.00,LWH,1,
2.2,车型2_047,车型2,G1_车型2_047_0005,G1,standard,100,105,0,40,60,30,12.00,WLH,3,
2.2,车型2_047,车型2,G1_车型2_047_0006,G1,standard,100,165,0,40,60,30,12.00,WLH,3,
2.2,车型2_047,车型2,G2_车型2_047_0010,G2,standard,150,0,0,50,35,25,8.00,LWH,1,
2.2,车型2_047,车型2,G2_车型2_047_0011,G2,standard,150,35,0,50,35,25,8.00,LWH,1,
2.2,车型2_047,车型2,G2_车型2_047_0012,G2,standard,150,70,0,50,35,25,8.00,LWH,1,
2.2,车型2_047,车型2,G1_车型2_047_0007,G1,standard,150,105,0,40,60,30,12.00,WLH,3,
2.2,车型2_047,车型2,G1_车型2_047_0008,G1,standard,150,165,0,40,60,30,12.00,WLH,3,
2.2,车型2_047,车型2,G2_车型2_047_0013,G2,standard,200,0,0,50,35,25,8.00,LWH,1,
2.2,车型2_047,车型2,G2_车型2_047_0014,G2,standard,200,35,0,50,35,25,8.00,LWH,1,
2.2,车型2_047,车型2,G2_车型2_047_0015,G2,standard,200,70,0,50,35,25,8.00,LWH,1,
2.2,车型2_047,车型2,G1_车型2_047_0009,G1,standard,200,105,0,40,60,30,12.00,WLH,3,
2.2,车型2_047,车型2,G1_车型2_047_0010,G1,standard,200,165,0,40,60,30,12.00,WLH,3,
2.2,车型2_047,车型2,G2_车型2_047_0016,G2,standard,250,0,0,50,35,25,8.00,LWH,1,
2.2,车型2_047,车型2,G2_车型2_047_0017,G2,standard,250,35,0,50,35,25,8.00,LWH,1,
2.2,车型2_047,车型2,G2_车型2_047_0018,G2,standard,250,70,0,50,35,25,8.00,LWH,1,
2.2,车型2_047,车型2,G1_车型2_047_0011,G1,standard,250,105,0,40,60,30,12.00,WLH,3,
2.2,车型2_047,车型2,G1_车型2_047_0012,G1,standard,250,165,0,40,60,30,12.00,WLH,3,
2.2,车型2_047,车型2,G2_车型2_047_0019,G2,standard,300,0,0,50,35,25,8.00,LWH,1,
2.2,车型2_047,车型2,G2_车型2_047_0020,G2,standard,300,35,0,50,35,25,8.00,LWH,1,
2.2,车型2_047,车型2,G2_车型2_047_0021,G2,standard,300,70,0,50,35,25,8.00,LWH,1,
2.2,车型2_047,车型2,G1_车型2_047_0013,G1,standard,300,105,0,40,60,30,12.00,WLH,3,
2.2,车型2_047,车型2,G1_车型2_047_0014,G1,standard,300,165,0,40,60,30,12.00,WLH,3,
2.2,车型2_047,车型2,G2_车型2_047_0022,G2,standard,350,0,0,50,35,25,8.00,LWH,1,
2.2,车型2_047,车型2,G2_车型2_047_0023,G2,standard,350,35,0,50,35,25,8.00,LWH,1,
2.2,车型2_047,车型2,G2_车型2_047_0024,G2,standard,350,70,0,50,35,25,8.00,LWH,1,
2.2,车型2_047,车型2,G1_车型2_047_0015,G1,standard,350,105,0,40,60,30,12.00,WLH,3,
2.2,车型2_047,车型2,G1_车型2_047_0016,G1,standard,350,165,0,40,60,30,12.00,WLH,3,
2.2,车型2_047,车型2,G2_车型2_047_0025,G2,standard,400,0,0,50,35,25,8.00,LWH,1,
2.2,车型2_047,车型2,G2_车型2_047_0026,G2,standard,400,35,0,50,35,25,8.00,LWH,1,
2.2,车型2_047,车型2,G2_车型2_047_0027,G2,standard,400,70,0,50,35,25,8.00,LWH,1,
2.2,车型2_047,车型2,G1_车型2_047_0017,G1,standard,400,105,0,40,60,30,12.00,WLH,3,
2.2,车型2_047,车型2,G1_车型2_047_0018,G1,standard,400,165,0,40,60,30,12.00,WLH,3,
2.2,车型2_047,车型2,G2_车型2_047_0028,G2,standard,450,0,0,50,35,25,8.00,LWH,1,
2.2,车型2_047,车型2,G2_车型2_047_0029,G2,standard,450,35,0,50,35,25,8.00,LWH,1,
2.2,车型2_047,车型2,G2_车型2_047_0030,G2,standard,450,70,0,50,35,25,8.00,LWH,1,
2.2,车型2_047,车型2,G1_车型2_047_0019,G1,standard,450,105,0,40,60,30,12.00,WLH,3,
2.2,车型2_047,车型2,G1_车型2_047_0020,G1,standard,450,165,0,40,60,30,12.00,WLH,3,
2.2,车型2_047,车型2,G2_车型2_047_0031,G2,standard,500,0,0,50,35,25,8.00,LWH,1,
2.2,车型2_047,车型2,G2_车型2_047_0032,G2,standard,500,35,0,50,35,25,8.00,LWH,1,
2.2,车型2_047,车型2,G1_车型2_047_0021,G1,standard,500,70,0,40,60,30,12.00,WLH,3,
2.2,车型2_047,车型2,G1_车型2_047_0022,G1,standard,500,130,0,40,60,30,12.00,WLH,3,
2.2,车型2_047,车型2,G1_车型2_047_0023,G1,standard,500,190,0,40,30,60,12.00,WHL,4,
2.2,车型2_047,车型2,G2_车型2_047_0033,G2,standard,550,0,0,50,35,25,8.00,LWH,1,
2.2,车型2_047,车型2,G2_车型2_047_0034,G2,standard,550,35,0,50,35,25,8.00,LWH,1,
2.2,车型2_047,车型2,G2_车型2_047_0035,G2,standard,550,70,0,50,35,25,8.00,LWH,1,
2.2,车型2_047,车型2,G1_车型2_047_0024,G1,standard,550,105,0,40,60,30,12.00,WLH,3,
2.2,车型2_047,车型2,G1_车型2_047_0025,G1,standard,550,165,0,40,60,30,12.00,WLH,3,
2.2,车型2_047,车型2,G2_车型2_047_0036,G2,standard,600,0,0,50,35,25,8.00,LWH,1,
2.2,车型2_047,车型2,G1_车型2_047_0026,G1,standard,650,0,0,30,60,40,12.00,HLW,5,
2.2,车型2_047,车型2,G1_车型2_047_0027,G1,standard,650,60,0,30,60,40,12.00,HLW,5,
2.2,车型2_047,车型2,G1_车型2_047_0028,G1,standard,650,120,0,30,60,40,12.00,HLW,5,
2.2,车型2_047,车型2,G1_车型2_047_0029,G1,standard,650,180,0,30,60,40,12.00,HLW,5,
2.2,车型2_047,车型2,G2_车型2_047_0037,G2,standard,600,35,0,50,35,25,8.00,LWH,1,
2.2,车型2_047,车型2,G2_车型2_047_0038,G2,standard,600,70,0,50,35,25,8.00,LWH,1,
2.2,车型2_047,车型2,G1_车型2_047_0030,G1,standard,600,105,0,40,60,30,12.00,WLH,3,
2.2,车型2_047,车型2,G1_车型2_047_0031,G1,standard,600,165,0,40,60,30,12.00,WLH,3,
2.2,车型2_048,车型2,G2_车型2_048_0001,G2,standard,0,0,0,50,35,25,8.00,LWH,1,
2.2,车型2_048,车型2,G2_车型2_048_0002,G2,standard,0,35,0,50,35,25,8.00,LWH,1,
2.2,车型2_048,车型2,G2_车型2_048_0003,G2,standard,0,70,0,50,35,25,8.00,LWH,1,
2.2,车型2_048,车型2,G1_车型2_048_0001,G1,standard,0,105,0,40,60,30,12.00,WLH,3,
2.2,车型2_048,车型2,G1_车型2_048_0002,G1,standard,0,165,0,40,60,30,12.00,WLH,3,
2.2,车型2_048,车型2,G2_车型2_048_0004,G2,standard,50,0,0,50,35,25,8.00,LWH,1,
2.2,车型2_048,车型2,G2_车型2_048_0005,G2,standard,50,35,0,50,35,25,8.00,LWH,1,
2.2,车型2_048,车型2,G2_车型2_048_0006,G2,standard,50,70,0,50,35,25,8.00,LWH,1,
2.2,车型2_048,车型2,G1_车型2_048_0003,G1,standard,50,105,0,40,60,30,12.00,WLH,3,
2.2,车型2_048,车型2,G1_车型2_048_0004,G1,standard,50,165,0,40,60,30,12.00,WLH,3,
2.2,车型2_048,车型2,G2_车型2_048_0007,G2,standard,100,0,0,50,35,25,8.00,LWH,1,
2.2,车型2_048,车型2,G2_车型2_048_0008,G2,standard,100,35,0,50,35,25,8.00,LWH,1,
2.2,车型2_048,车型2,G2_车型2_048_0009,G2,standard,100,70,0,50,35,25,8.00,LWH,1,
2.2,车型2_048,车型2,G1_车型2_048_0005,G1,standard,100,105,0,40,60,30,12.00,WLH,3,
2.2,车型2_048,车型2,G1_车型2_048_0006,G1,standard,100,165,0,40,60,30,12.00,WLH,3,
2.2,车型2_048,车型2,G2_车型2_048_0010,G2,standard,150,0,0,50,35,25,8.00,LWH,1,
2.2,车型2_048,车型2,G2_车型2_048_0011,G2,standard,150,35,0,50,35,25,8.00,LWH,1,
2.2,车型2_048,车型2,G2_车型2_048_0012,G2,standard,150,70,0,50,35,25,8.00,LWH,1,
2.2,车型2_048,车型2,G1_车型2_048_0007,G1,standard,150,105,0,40,60,30,12.00,WLH,3,
2.2,车型2_048,车型2,G1_车型2_048_0008,G1,standard,150,165,0,40,60,30,12.00,WLH,3,
2.2,车型2_048,车型2,G2_车型2_048_0013,G2,standard,200,0,0,50,35,25,8.00,LWH,1,
2.2,车型2_048,车型2,G2_车型2_048_0014,G2,standard,200,35,0,50,35,25,8.00,LWH,1,
2.2,车型2_048,车型2,G2_车型2_048_0015,G2,standard,200,70,0,50,35,25,8.00,LWH,1,
2.2,车型2_048,车型2,G1_车型2_048_0009,G1,standard,200,105,0,40,60,30,12.00,WLH,3,
2.2,车型2_048,车型2,G1_车型2_048_0010,G1,standard,200,165,0,40,60,30,12.00,WLH,3,
2.2,车型2_048,车型2,G2_车型2_048_0016,G2,standard,250,0,0,50,35,25,8.00,LWH,1,
2.2,车型2_048,车型2,G2_车型2_048_0017,G2,standard,250,35,0,50,35,25,8.00,LWH,1,
2.2,车型2_048,车型2,G2_车型2_048_0018,G2,standard,250,70,0,50,35,25,8.00,LWH,1,
2.2,车型2_048,车型2,G1_车型2_048_0011,G1,standard,250,105,0,40,60,30,12.00,WLH,3,
2.2,车型2_048,车型2,G1_车型2_048_0012,G1,standard,250,165,0,40,60,30,12.00,WLH,3,
2.2,车型2_048,车型2,G2_车型2_048_0019,G2,standard,300,0,0,50,35,25,8.00,LWH,1,
2.2,车型2_048,车型2,G2_车型2_048_0020,G2,standard,300,35,0,50,35,25,8.00,LWH,1,
2.2,车型2_048,车型2,G2_车型2_048_0021,G2,standard,300,70,0,50,35,25,8.00,LWH,1,
2.2,车型2_048,车型2,G1_车型2_048_0013,G1,standard,300,105,0,40,60,30,12.00,WLH,3,
2.2,车型2_048,车型2,G1_车型2_048_0014,G1,standard,300,165,0,40,60,30,12.00,WLH,3,
2.2,车型2_048,车型2,G2_车型2_048_0022,G2,standard,350,0,0,50,35,25,8.00,LWH,1,
2.2,车型2_048,车型2,G2_车型2_048_0023,G2,standard,350,35,0,50,35,25,8.00,LWH,1,
2.2,车型2_048,车型2,G2_车型2_048_0024,G2,standard,350,70,0,50,35,25,8.00,LWH,1,
2.2,车型2_048,车型2,G1_车型2_048_0015,G1,standard,350,105,0,40,60,30,12.00,WLH,3,
2.2,车型2_048,车型2,G2_车型2_048_0025,G2,standard,350,165,0,35,50,25,8.00,WLH,3,
2.2,车型2_048,车型2,G2_车型2_048_0026,G2,standard,400,0,0,50,35,25,8.00,LWH,1,
2.2,车型2_048,车型2,G2_车型2_048_0027,G2,standard,400,35,0,50,35,25,8.00,LWH,1,
2.2,车型2_048,车型2,G2_车型2_048_0028,G2,standard,400,70,0,50,35,25,8.00,LWH,1,
2.2,车型2_048,车型2,G2_车型2_048_0029,G2,standard,400,105,0,50,35,25,8.00,LWH,1,
2.2,车型2_048,车型2,G2_车型2_048_0030,G2,standard,400,140,0,50,35,25,8.00,LWH,1,
2.2,车型2_048,车型2,G2_车型2_048_0031,G2,standard,400,175,0,50,35,25,8.00,LWH,1,
2.2,车型2_048,车型2,G2_车型2_048_0032,G2,standard,400,210,0,50,35,25,8.00,LWH,1,
2.2,车型2_048,车型2,G2_车型2_048_0033,G2,standard,450,0,0,50,35,25,8.00,LWH,1,
2.2,车型2_048,车型2,G2_车型2_048_0034,G2,standard,450,35,0,50,35,25,8.00,LWH,1,
2.2,车型2_048,车型2,G2_车型2_048_0035,G2,standard,450,70,0,50,35,25,8.00,LWH,1,
2.2,车型2_048,车型2,G2_车型2_048_0036,G2,standard,450,105,0,50,35,25,8.00,LWH,1,
2.2,车型2_048,车型2,G2_车型2_048_0037,G2,standard,450,140,0,50,35,25,8.00,LWH,1,
2.2,车型2_048,车型2,G2_车型2_048_0038,G2,standard,450,175,0,50,35,25,8.00,LWH,1,
2.2,车型2_048,车型2,G2_车型2_048_0039,G2,standard,450,210,0,50,35,25,8.00,LWH,1,
2.2,车型2_048,车型2,G2_车型2_048_0040,G2,standard,500,0,0,50,35,25,8.00,LWH,1,
2.2,车型2_048,车型2,G2_车型2_048_0041,G2,standard,500,35,0,50,35,25,8.00,LWH,1,
2.2,车型2_048,车型2,G2_车型2_048_0042,G2,standard,500,70,0,50,35,25,8.00,LWH,1,
2.2,车型2_048,车型2,G2_车型2_048_0043,G2,standard,500,105,0,50,35,25,8.00,LWH,1,
2.2,车型2_048,车型2,G2_车型2_048_0044,G2,standard,500,140,0,50,35,25,8.00,LWH,1,
2.2,车型2_048,车型2,G2_车型2_048_0045,G2,standard,500,175,0,50,35,25,8.00,LWH,1,
2.2,车型2_048,车型2,G2_车型2_048_0046,G2,standard,500,210,0,50,35,25,8.00,LWH,1,
2.2,车型2_048,车型2,G2_车型2_048_0047,G2,standard,550,0,0,50,35,25,8.00,LWH,1,
2.2,车型2_048,车型2,G2_车型2_048_0048,G2,standard,550,35,0,50,35,25,8.00,LWH,1,
2.2,车型2_048,车型2,G2_车型2_048_0049,G2,standard,550,70,0,50,35,25,8.00,LWH,1,
2.2,车型2_048,车型2,G2_车型2_048_0050,G2,standard,550,105,0,50,35,25,8.00,LWH,1,
2.2,车型2_048,车型2,G2_车型2_048_0051,G2,standard,550,140,0,50,35,25,8.00,LWH,1,
2.2,车型2_048,车型2,G2_车型2_048_0052,G2,standard,550,175,0,50,35,25,8.00,LWH,1,
2.2,车型2_048,车型2,G2_车型2_048_0053,G2,standard,550,210,0,50,35,25,8.00,LWH,1,
2.2,车型2_048,车型2,G2_车型2_048_0054,G2,standard,600,0,0,50,35,25,8.00,LWH,1,
2.2,车型2_048,车型2,G2_车型2_048_0055,G2,standard,650,0,0,25,50,35,8.00,HLW,5,
2.2,车型2_048,车型2,G2_车型2_048_0056,G2,standard,650,50,0,25,50,35,8.00,HLW,5,
2.2,车型2_048,车型2,G2_车型2_048_0057,G2,standard,650,100,0,25,50,35,8.00,HLW,5,
2.2,车型2_048,车型2,G2_车型2_048_0058,G2,standard,650,150,0,25,50,35,8.00,HLW,5,
2.2,车型2_048,车型2,G2_车型2_048_0059,G2,standard,600,35,0,50,35,25,8.00,LWH,1,
2.2,车型2_048,车型2,G2_车型2_048_0060,G2,standard,600,70,0,50,35,25,8.00,LWH,1,
2.2,车型2_048,车型2,G2_车型2_048_0061,G2,standard,600,105,0,50,35,25,8.00,LWH,1,
2.2,车型2_048,车型2,G2_车型2_048_0062,G2,standard,600,140,0,50,35,25,8.00,LWH,1,
2.2,车型2_048,车型2,G2_车型2_048_0063,G2,standard,600,175,0,50,35,25,8.00,LWH,1,
2.2,车型2_048,车型2,G2_车型2_048_0064,G2,standard,600,210,0,50,35,25,8.00,LWH,1,
2.2,车型1_049,车型1,G2_车型1_049_0001,G2,standard,0,0,0,50,35,25,8.00,LWH,1,
2.2,车型1_049,车型1,G2_车型1_049_0002,G2,standard,0,35,0,50,35,25,8.00,LWH,1,
2.2,车型1_049,车型1,G2_车型1_049_0003,G2,standard,0,70,0,50,35,25,8.00,LWH,1,
2.2,车型1_049,车型1,G2_车型1_049_0004,G2,standard,0,105,0,50,35,25,8.00,LWH,1,
2.2,车型1_049,车型1,G2_车型1_049_0005,G2,standard,0,140,0,50,35,25,8.00,LWH,1,
2.2,车型1_049,车型1,G2_车型1_049_0006,G2,standard,0,175,0,50,35,25,8.00,LWH,1,
2.2,车型1_049,车型1,G2_车型1_049_0007,G2,standard,50,0,0,50,35,25,8.00,LWH,1,
2.2,车型1_049,车型1,G2_车型1_049_0008,G2,standard,50,35,0,50,35,25,8.00,LWH,1,
2.2,车型1_049,车型1,G2_车型1_049_0009,G2,standard,50,70,0,50,35,25,8.00,LWH,1,
2.2,车型1_049,车型1,G2_车型1_049_0010,G2,standard,50,105,0,50,35,25,8.00,LWH,1,
2.2,车型1_049,车型1,G2_车型1_049_0011,G2,standard,50,140,0,50,35,25,8.00,LWH,1,
2.2,车型1_049,车型1,G2_车型1_049_0012,G2,standard,50,175,0,50,35,25,8.00,LWH,1,
2.2,车型1_049,车型1,G2_车型1_049_0013,G2,standard,100,0,0,50,35,25,8.00,LWH,1,
2.2,车型1_049,车型1,G2_车型1_049_0014,G2,standard,100,35,0,50,35,25,8.00,LWH,1,
2.2,车型1_049,车型1,G2_车型1_049_0015,G2,standard,100,70,0,50,35,25,8.00,LWH,1,
2.2,车型1_049,车型1,G2_车型1_049_0016,G2,standard,100,105,0,50,35,25,8.00,LWH,1,
2.2,车型1_049,车型1,G2_车型1_049_0017,G2,standard,100,140,0,50,35,25,8.00,LWH,1,
2.2,车型1_049,车型1,G2_车型1_049_0018,G2,standard,100,175,0,50,35,25,8.00,LWH,1,
2.2,车型1_049,车型1,G2_车型1_049_0019,G2,standard,150,0,0,50,35,25,8.00,LWH,1,
2.2,车型1_049,车型1,G2_车型1_049_0020,G2,standard,150,35,0,50,35,25,8.00,LWH,1,
2.2,车型1_049,车型1,G2_车型1_049_0021,G2,standard,150,70,0,50,35,25,8.00,LWH,1,
2.2,车型1_049,车型1,G2_车型1_049_0022,G2,standard,150,105,0,50,35,25,8.00,LWH,1,
2.2,车型1_049,车型1,G2_车型1_049_0023,G2,standard,150,140,0,50,35,25,8.00,LWH,1,
2.2,车型1_049,车型1,G2_车型1_049_0024,G2,standard,150,175,0,50,35,25,8.00,LWH,1,
2.2,车型1_049,车型1,G2_车型1_049_0025,G2,standard,200,0,0,50,35,25,8.00,LWH,1,
2.2,车型1_049,车型1,G2_车型1_049_0026,G2,standard,200,35,0,50,35,25,8.00,LWH,1,
2.2,车型1_049,车型1,G2_车型1_049_0027,G2,standard,200,70,0,50,35,25,8.00,LWH,1,
2.2,车型1_049,车型1,G2_车型1_049_0028,G2,standard,200,105,0,50,35,25,8.00,LWH,1,
2.2,车型1_049,车型1,G2_车型1_049_0029,G2,standard,200,140,0,50,35,25,8.00,LWH,1,
2.2,车型1_049,车型1,G2_车型1_049_0030,G2,standard,200,175,0,50,35,25,8.00,LWH,1,
2.2,车型1_049,车型1,G2_车型1_049_0031,G2,standard,250,0,0,50,35,25,8.00,LWH,1,
2.2,车型1_049,车型1,G2_车型1_049_0032,G2,standard,250,35,0,50,35,25,8.00,LWH,1,
2.2,车型1_049,车型1,G2_车型1_049_0033,G2,standard,250,70,0,50,35,25,8.00,LWH,1,
2.2,车型1_049,车型1,G2_车型1_049_0034,G2,standard,250,105,0,50,35,25,8.00,LWH,1,
2.2,车型1_049,车型1,G2_车型1_049_0035,G2,standard,250,140,0,50,35,25,8.00,LWH,1,
2.2,车型1_049,车型1,G2_车型1_049_0036,G2,standard,250,175,0,50,35,25,8.00,LWH,1,
2.2,车型1_049,车型1,G2_车型1_049_0037,G2,standard,300,0,0,50,35,25,8.00,LWH,1,
2.2,车型1_049,车型1,G2_车型1_049_0038,G2,standard,300,35,0,50,35,25,8.00,LWH,1,
2.2,车型1_049,车型1,G2_车型1_049_0039,G2,standard,300,70,0,50,35,25,8.00,LWH,1,
2.2,车型1_049,车型1,G2_车型1_049_0040,G2,standard,300,105,0,50,35,25,8.00,LWH,1,
2.2,车型1_049,车型1,G2_车型1_049_0041,G2,standard,300,140,0,50,35,25,8.00,LWH,1,
