truck_id,truck_type,item_id,type_id,category,x,y,z,length,width,height,weight,orientation_id,rotation,support_by
T001,车型1,G4_341,G4,oriented,0,0,0,80,60,50,25,0,LWH,
T001,车型1,G4_342,G4,oriented,0,0,50,80,60,50,25,0,LWH,G4_341
T001,车型1,G4_343,G4,oriented,0,0,100,80,60,50,25,0,LWH,G4_342
T001,车型1,G4_344,G4,oriented,0,0,150,80,60,50,25,0,LWH,G4_343
T001,车型1,G4_345,G4,oriented,0,60,0,80,60,50,25,0,LWH,
T001,车型1,G4_346,G4,oriented,0,60,50,80,60,50,25,0,LWH,G4_345
T001,车型1,G4_347,G4,oriented,0,60,100,80,60,50,25,0,LWH,G4_346
T001,车型1,G4_348,G4,oriented,0,60,150,80,60,50,25,0,LWH,G4_347
T001,车型1,G4_349,G4,oriented,0,120,0,80,60,50,25,0,LWH,
T001,车型1,G4_350,G4,oriented,0,120,50,80,60,50,25,0,LWH,G4_349
T001,车型1,G4_351,G4,oriented,0,120,100,80,60,50,25,0,LWH,G4_350
T001,车型1,G4_352,G4,oriented,0,120,150,80,60,50,25,0,LWH,G4_351
T001,车型1,G4_353,G4,oriented,80,0,0,80,60,50,25,0,LWH,
T001,车型1,G4_354,G4,oriented,80,0,50,80,60,50,25,0,LWH,G4_353
T001,车型1,G4_355,G4,oriented,80,0,100,80,60,50,25,0,LWH,G4_354
T001,车型1,G4_356,G4,oriented,80,0,150,80,60,50,25,0,LWH,G4_355
T001,车型1,G4_357,G4,oriented,80,60,0,80,60,50,25,0,LWH,
T001,车型1,G4_358,G4,oriented,80,60,50,80,60,50,25,0,LWH,G4_357
T001,车型1,G4_359,G4,oriented,80,60,100,80,60,50,25,0,LWH,G4_358
T001,车型1,G4_360,G4,oriented,80,60,150,80,60,50,25,0,LWH,G4_359
T001,车型1,G4_361,G4,oriented,80,120,0,80,60,50,25,0,LWH,
T001,车型1,G4_362,G4,oriented,80,120,50,80,60,50,25,0,LWH,G4_361
T001,车型1,G4_363,G4,oriented,80,120,100,80,60,50,25,0,LWH,G4_362
T001,车型1,G4_364,G4,oriented,80,120,150,80,60,50,25,0,LWH,G4_363
T001,车型1,G4_365,G4,oriented,160,0,0,80,60,50,25,0,LWH,
T001,车型1,G4_366,G4,oriented,160,0,50,80,60,50,25,0,LWH,G4_365
T001,车型1,G4_367,G4,oriented,160,0,100,80,60,50,25,0,LWH,G4_366
T001,车型1,G4_368,G4,oriented,160,0,150,80,60,50,25,0,LWH,G4_367
T001,车型1,G4_369,G4,oriented,160,60,0,80,60,50,25,0,LWH,
T001,车型1,G4_370,G4,oriented,160,60,50,80,60,50,25,0,LWH,G4_369
T001,车型1,G4_371,G4,oriented,160,60,100,80,60,50,25,0,LWH,G4_370
T001,车型1,G4_372,G4,oriented,160,60,150,80,60,50,25,0,LWH,G4_371
T001,车型1,G4_373,G4,oriented,160,120,0,80,60,50,25,0,LWH,
T001,车型1,G4_374,G4,oriented,160,120,50,80,60,50,25,0,LWH,G4_373
T001,车型1,G4_375,G4,oriented,160,120,100,80,60,50,25,0,LWH,G4_374
T001,车型1,G4_376,G4,oriented,160,120,150,80,60,50,25,0,LWH,G4_375
T001,车型1,G4_377,G4,oriented,240,0,0,80,60,50,25,0,LWH,
T001,车型1,G4_378,G4,oriented,240,0,50,80,60,50,25,0,LWH,G4_377
T001,车型1,G4_379,G4,oriented,240,0,100,80,60,50,25,0,LWH,G4_378
T001,车型1,G4_380,G4,oriented,240,0,150,80,60,50,25,0,LWH,G4_379
T001,车型1,G4_381,G4,oriented,240,60,0,80,60,50,25,0,LWH,
T001,车型1,G4_382,G4,oriented,240,60,50,80,60,50,25,0,LWH,G4_381
T001,车型1,G4_383,G4,oriented,240,60,100,80,60,50,25,0,LWH,G4_382
T001,车型1,G4_384,G4,oriented,240,60,150,80,60,50,25,0,LWH,G4_383
T001,车型1,G4_385,G4,oriented,240,120,0,80,60,50,25,0,LWH,
T001,车型1,G4_386,G4,oriented,240,120,50,80,60,50,25,0,LWH,G4_385
T001,车型1,G4_387,G4,oriented,240,120,100,80,60,50,25,0,LWH,G4_386
T001,车型1,G4_388,G4,oriented,240,120,150,80,60,50,25,0,LWH,G4_387
T001,车型1,G4_389,G4,oriented,320,0,0,80,60,50,25,0,LWH,
T001,车型1,G4_390,G4,oriented,320,0,50,80,60,50,25,0,LWH,G4_389
T001,车型1,G4_391,G4,oriented,320,0,100,80,60,50,25,0,LWH,G4_390
T001,车型1,G4_392,G4,oriented,320,0,150,80,60,50,25,0,LWH,G4_391
T001,车型1,G4_393,G4,oriented,320,60,0,80,60,50,25,0,LWH,
T001,车型1,G4_394,G4,oriented,320,60,50,80,60,50,25,0,LWH,G4_393
T001,车型1,G4_395,G4,oriented,320,60,100,80,60,50,25,0,LWH,G4_394
T001,车型1,G4_396,G4,oriented,320,60,150,80,60,50,25,0,LWH,G4_395
T001,车型1,G4_397,G4,oriented,320,120,0,80,60,50,25,0,LWH,
T001,车型1,G4_398,G4,oriented,320,120,50,80,60,50,25,0,LWH,G4_397
T001,车型1,G4_399,G4,oriented,320,120,100,80,60,50,25,0,LWH,G4_398
T001,车型1,G4_400,G4,oriented,320,120,150,80,60,50,25,0,LWH,G4_399
T001,车型1,G1_776,G1,standard,0,180,0,60,30,40,12,1,LHW,
T001,车型1,G1_777,G1,standard,0,180,40,60,30,40,12,1,LHW,G1_776
T001,车型1,G1_778,G1,standard,0,180,80,60,30,40,12,1,LHW,G1_777
T001,车型1,G1_779,G1,standard,0,180,120,60,30,40,12,1,LHW,G1_778
T001,车型1,G1_780,G1,standard,0,180,160,60,30,40,12,1,LHW,G1_779
T001,车型1,G1_781,G1,standard,80,180,0,60,30,40,12,1,LHW,
T001,车型1,G1_782,G1,standard,80,180,40,60,30,40,12,1,LHW,G1_781
T001,车型1,G1_783,G1,standard,80,180,80,60,30,40,12,1,LHW,G1_782
T001,车型1,G1_784,G1,standard,80,180,120,60,30,40,12,1,LHW,G1_783
T001,车型1,G1_785,G1,standard,80,180,160,60,30,40,12,1,LHW,G1_784
T001,车型1,G1_786,G1,standard,160,180,0,60,30,40,12,1,LHW,
T001,车型1,G1_787,G1,standard,160,180,40,60,30,40,12,1,LHW,G1_786
T001,车型1,G1_788,G1,standard,160,180,80,60,30,40,12,1,LHW,G1_787
T001,车型1,G1_789,G1,standard,160,180,120,60,30,40,12,1,LHW,G1_788
T001,车型1,G1_790,G1,standard,160,180,160,60,30,40,12,1,LHW,G1_789
T001,车型1,G1_791,G1,standard,240,180,0,60,30,40,12,1,LHW,
T001,车型1,G1_792,G1,standard,240,180,40,60,30,40,12,1,LHW,G1_791
T001,车型1,G1_793,G1,standard,240,180,80,60,30,40,12,1,LHW,G1_792
T001,车型1,G1_794,G1,standard,240,180,120,60,30,40,12,1,LHW,G1_793
T001,车型1,G1_795,G1,standard,240,180,160,60,30,40,12,1,LHW,G1_794
T001,车型1,G1_796,G1,standard,320,180,0,60,30,40,12,1,LHW,
T001,车型1,G1_797,G1,standard,320,180,40,60,30,40,12,1,LHW,G1_796
T001,车型1,G1_798,G1,standard,320,180,80,60,30,40,12,1,LHW,G1_797
T001,车型1,G1_799,G1,standard,320,180,120,60,30,40,12,1,LHW,G1_798
T001,车型1,G1_800,G1,standard,320,180,160,60,30,40,12,1,LHW,G1_799
T002,车型1,G4_281,G4,oriented,0,0,0,80,60,50,25,0,LWH,
T002,车型1,G4_282,G4,oriented,0,0,50,80,60,50,25,0,LWH,G4_281
T002,车型1,G4_283,G4,oriented,0,0,100,80,60,50,25,0,LWH,G4_282
T002,车型1,G4_284,G4,oriented,0,0,150,80,60,50,25,0,LWH,G4_283
T002,车型1,G4_285,G4,oriented,0,60,0,80,60,50,25,0,LWH,
T002,车型1,G4_286,G4,oriented,0,60,50,80,60,50,25,0,LWH,G4_285
T002,车型1,G4_287,G4,oriented,0,60,100,80,60,50,25,0,LWH,G4_286
T002,车型1,G4_288,G4,oriented,0,60,150,80,60,50,25,0,LWH,G4_287
T002,车型1,G4_289,G4,oriented,0,120,0,80,60,50,25,0,LWH,
T002,车型1,G4_290,G4,oriented,0,120,50,80,60,50,25,0,LWH,G4_289
T002,车型1,G4_291,G4,oriented,0,120,100,80,60,50,25,0,LWH,G4_290
T002,车型1,G4_292,G4,oriented,0,120,150,80,60,50,25,0,LWH,G4_291
T002,车型1,G4_293,G4,oriented,80,0,0,80,60,50,25,0,LWH,
T002,车型1,G4_294,G4,oriented,80,0,50,80,60,50,25,0,LWH,G4_293
T002,车型1,G4_295,G4,oriented,80,0,100,80,60,50,25,0,LWH,G4_294
T002,车型1,G4_296,G4,oriented,80,0,150,80,60,50,25,0,LWH,G4_295
T002,车型1,G4_297,G4,oriented,80,60,0,80,60,50,25,0,LWH,
T002,车型1,G4_298,G4,oriented,80,60,50,80,60,50,25,0,LWH,G4_297
T002,车型1,G4_299,G4,oriented,80,60,100,80,60,50,25,0,LWH,G4_298
T002,车型1,G4_300,G4,oriented,80,60,150,80,60,50,25,0,LWH,G4_299
T002,车型1,G4_301,G4,oriented,80,120,0,80,60,50,25,0,LWH,
T002,车型1,G4_302,G4,oriented,80,120,50,80,60,50,25,0,LWH,G4_301
T002,车型1,G4_303,G4,oriented,80,120,100,80,60,50,25,0,LWH,G4_302
T002,车型1,G4_304,G4,oriented,80,120,150,80,60,50,25,0,LWH,G4_303
T002,车型1,G4_305,G4,oriented,160,0,0,80,60,50,25,0,LWH,
T002,车型1,G4_306,G4,oriented,160,0,50,80,60,50,25,0,LWH,G4_305
T002,车型1,G4_307,G4,oriented,160,0,100,80,60,50,25,0,LWH,G4_306
T002,车型1,G4_308,G4,oriented,160,0,150,80,60,50,25,0,LWH,G4_307
T002,车型1,G4_309,G4,oriented,160,60,0,80,60,50,25,0,LWH,
T002,车型1,G4_310,G4,oriented,160,60,50,80,60,50,25,0,LWH,G4_309
T002,车型1,G4_311,G4,oriented,160,60,100,80,60,50,25,0,LWH,G4_310
T002,车型1,G4_312,G4,oriented,160,60,150,80,60,50,25,0,LWH,G4_311
T002,车型1,G4_313,G4,oriented,160,120,0,80,60,50,25,0,LWH,
T002,车型1,G4_314,G4,oriented,160,120,50,80,60,50,25,0,LWH,G4_313
T002,车型1,G4_315,G4,oriented,160,120,100,80,60,50,25,0,LWH,G4_314
T002,车型1,G4_316,G4,oriented,160,120,150,80,60,50,25,0,LWH,G4_315
T002,车型1,G4_317,G4,oriented,240,0,0,80,60,50,25,0,LWH,
T002,车型1,G4_318,G4,oriented,240,0,50,80,60,50,25,0,LWH,G4_317
T002,车型1,G4_319,G4,oriented,240,0,100,80,60,50,25,0,LWH,G4_318
T002,车型1,G4_320,G4,oriented,240,0,150,80,60,50,25,0,LWH,G4_319
T002,车型1,G4_321,G4,oriented,240,60,0,80,60,50,25,0,LWH,
T002,车型1,G4_322,G4,oriented,240,60,50,80,60,50,25,0,LWH,G4_321
T002,车型1,G4_323,G4,oriented,240,60,100,80,60,50,25,0,LWH,G4_322
T002,车型1,G4_324,G4,oriented,240,60,150,80,60,50,25,0,LWH,G4_323
T002,车型1,G4_325,G4,oriented,240,120,0,80,60,50,25,0,LWH,
T002,车型1,G4_326,G4,oriented,240,120,50,80,60,50,25,0,LWH,G4_325
T002,车型1,G4_327,G4,oriented,240,120,100,80,60,50,25,0,LWH,G4_326
T002,车型1,G4_328,G4,oriented,240,120,150,80,60,50,25,0,LWH,G4_327
T002,车型1,G4_329,G4,oriented,320,0,0,80,60,50,25,0,LWH,
T002,车型1,G4_330,G4,oriented,320,0,50,80,60,50,25,0,LWH,G4_329
T002,车型1,G4_331,G4,oriented,320,0,100,80,60,50,25,0,LWH,G4_330
T002,车型1,G4_332,G4,oriented,320,0,150,80,60,50,25,0,LWH,G4_331
T002,车型1,G4_333,G4,oriented,320,60,0,80,60,50,25,0,LWH,
T002,车型1,G4_334,G4,oriented,320,60,50,80,60,50,25,0,LWH,G4_333
T002,车型1,G4_335,G4,oriented,320,60,100,80,60,50,25,0,LWH,G4_334
T002,车型1,G4_336,G4,oriented,320,60,150,80,60,50,25,0,LWH,G4_335
T002,车型1,G4_337,G4,oriented,320,120,0,80,60,50,25,0,LWH,
T002,车型1,G4_338,G4,oriented,320,120,50,80,60,50,25,0,LWH,G4_337
T002,车型1,G4_339,G4,oriented,320,120,100,80,60,50,25,0,LWH,G4_338
T002,车型1,G4_340,G4,oriented,320,120,150,80,60,50,25,0,LWH,G4_339
T002,车型1,G1_751,G1,standard,0,180,0,60,30,40,12,1,LHW,
T002,车型1,G1_752,G1,standard,0,180,40,60,30,40,12,1,LHW,G1_751
T002,车型1,G1_753,G1,standard,0,180,80,60,30,40,12,1,LHW,G1_752
T002,车型1,G1_754,G1,standard,0,180,120,60,30,40,12,1,LHW,G1_753
T002,车型1,G1_755,G1,standard,0,180,160,60,30,40,12,1,LHW,G1_754
T002,车型1,G1_756,G1,standard,80,180,0,60,30,40,12,1,LHW,
T002,车型1,G1_757,G1,standard,80,180,40,60,30,40,12,1,LHW,G1_756
T002,车型1,G1_758,G1,standard,80,180,80,60,30,40,12,1,LHW,G1_757
T002,车型1,G1_759,G1,standard,80,180,120,60,30,40,12,1,LHW,G1_758
T002,车型1,G1_760,G1,standard,80,180,160,60,30,40,12,1,LHW,G1_759
T002,车型1,G1_761,G1,standard,160,180,0,60,30,40,12,1,LHW,
T002,车型1,G1_762,G1,standard,160,180,40,60,30,40,12,1,LHW,G1_761
T002,车型1,G1_763,G1,standard,160,180,80,60,30,40,12,1,LHW,G1_762
T002,车型1,G1_764,G1,standard,160,180,120,60,30,40,12,1,LHW,G1_763
T002,车型1,G1_765,G1,standard,160,180,160,60,30,40,12,1,LHW,G1_764
T002,车型1,G1_766,G1,standard,240,180,0,60,30,40,12,1,LHW,
T002,车型1,G1_767,G1,standard,240,180,40,60,30,40,12,1,LHW,G1_766
T002,车型1,G1_768,G1,standard,240,180,80,60,30,40,12,1,LHW,G1_767
T002,车型1,G1_769,G1,standard,240,180,120,60,30,40,12,1,LHW,G1_768
T002,车型1,G1_770,G1,standard,240,180,160,60,30,40,12,1,LHW,G1_769
T002,车型1,G1_771,G1,standard,320,180,0,60,30,40,12,1,LHW,
T002,车型1,G1_772,G1,standard,320,180,40,60,30,40,12,1,LHW,G1_771
T002,车型1,G1_773,G1,standard,320,180,80,60,30,40,12,1,LHW,G1_772
T002,车型1,G1_774,G1,standard,320,180,120,60,30,40,12,1,LHW,G1_773
T002,车型1,G1_775,G1,standard,320,180,160,60,30,40,12,1,LHW,G1_774
T003,车型1,G4_221,G4,oriented,0,0,0,80,60,50,25,0,LWH,
T003,车型1,G4_222,G4,oriented,0,0,50,80,60,50,25,0,LWH,G4_221
T003,车型1,G4_223,G4,oriented,0,0,100,80,60,50,25,0,LWH,G4_222
T003,车型1,G4_224,G4,oriented,0,0,150,80,60,50,25,0,LWH,G4_223
T003,车型1,G4_225,G4,oriented,0,60,0,80,60,50,25,0,LWH,
T003,车型1,G4_226,G4,oriented,0,60,50,80,60,50,25,0,LWH,G4_225
T003,车型1,G4_227,G4,oriented,0,60,100,80,60,50,25,0,LWH,G4_226
T003,车型1,G4_228,G4,oriented,0,60,150,80,60,50,25,0,LWH,G4_227
T003,车型1,G4_229,G4,oriented,0,120,0,80,60,50,25,0,LWH,
T003,车型1,G4_230,G4,oriented,0,120,50,80,60,50,25,0,LWH,G4_229
T003,车型1,G4_231,G4,oriented,0,120,100,80,60,50,25,0,LWH,G4_230
T003,车型1,G4_232,G4,oriented,0,120,150,80,60,50,25,0,LWH,G4_231
T003,车型1,G4_233,G4,oriented,80,0,0,80,60,50,25,0,LWH,
T003,车型1,G4_234,G4,oriented,80,0,50,80,60,50,25,0,LWH,G4_233
T003,车型1,G4_235,G4,oriented,80,0,100,80,60,50,25,0,LWH,G4_234
T003,车型1,G4_236,G4,oriented,80,0,150,80,60,50,25,0,LWH,G4_235
T003,车型1,G4_237,G4,oriented,80,60,0,80,60,50,25,0,LWH,
T003,车型1,G4_238,G4,oriented,80,60,50,80,60,50,25,0,LWH,G4_237
T003,车型1,G4_239,G4,oriented,80,60,100,80,60,50,25,0,LWH,G4_238
T003,车型1,G4_240,G4,oriented,80,60,150,80,60,50,25,0,LWH,G4_239
T003,车型1,G4_241,G4,oriented,80,120,0,80,60,50,25,0,LWH,
T003,车型1,G4_242,G4,oriented,80,120,50,80,60,50,25,0,LWH,G4_241
T003,车型1,G4_243,G4,oriented,80,120,100,80,60,50,25,0,LWH,G4_242
T003,车型1,G4_244,G4,oriented,80,120,150,80,60,50,25,0,LWH,G4_243
T003,车型1,G4_245,G4,oriented,160,0,0,80,60,50,25,0,LWH,
T003,车型1,G4_246,G4,oriented,160,0,50,80,60,50,25,0,LWH,G4_245
T003,车型1,G4_247,G4,oriented,160,0,100,80,60,50,25,0,LWH,G4_246
T003,车型1,G4_248,G4,oriented,160,0,150,80,60,50,25,0,LWH,G4_247
T003,车型1,G4_249,G4,oriented,160,60,0,80,60,50,25,0,LWH,
T003,车型1,G4_250,G4,oriented,160,60,50,80,60,50,25,0,LWH,G4_249
T003,车型1,G4_251,G4,oriented,160,60,100,80,60,50,25,0,LWH,G4_250
T003,车型1,G4_252,G4,oriented,160,60,150,80,60,50,25,0,LWH,G4_251
T003,车型1,G4_253,G4,oriented,160,120,0,80,60,50,25,0,LWH,
T003,车型1,G4_254,G4,oriented,160,120,50,80,60,50,25,0,LWH,G4_253
T003,车型1,G4_255,G4,oriented,160,120,100,80,60,50,25,0,LWH,G4_254
T003,车型1,G4_256,G4,oriented,160,120,150,80,60,50,25,0,LWH,G4_255
T003,车型1,G4_257,G4,oriented,240,0,0,80,60,50,25,0,LWH,
T003,车型1,G4_258,G4,oriented,240,0,50,80,60,50,25,0,LWH,G4_257
T003,车型1,G4_259,G4,oriented,240,0,100,80,60,50,25,0,LWH,G4_258
T003,车型1,G4_260,G4,oriented,240,0,150,80,60,50,25,0,LWH,G4_259
T003,车型1,G4_261,G4,oriented,240,60,0,80,60,50,25,0,LWH,
T003,车型1,G4_262,G4,oriented,240,60,50,80,60,50,25,0,LWH,G4_261
T003,车型1,G4_263,G4,oriented,240,60,100,80,60,50,25,0,LWH,G4_262
T003,车型1,G4_264,G4,oriented,240,60,150,80,60,50,25,0,LWH,G4_263
T003,车型1,G4_265,G4,oriented,240,120,0,80,60,50,25,0,LWH,
T003,车型1,G4_266,G4,oriented,240,120,50,80,60,50,25,0,LWH,G4_265
T003,车型1,G4_267,G4,oriented,240,120,100,80,60,50,25,0,LWH,G4_266
T003,车型1,G4_268,G4,oriented,240,120,150,80,60,50,25,0,LWH,G4_267
T003,车型1,G4_269,G4,oriented,320,0,0,80,60,50,25,0,LWH,
T003,车型1,G4_270,G4,oriented,320,0,50,80,60,50,25,0,LWH,G4_269
T003,车型1,G4_271,G4,oriented,320,0,100,80,60,50,25,0,LWH,G4_270
T003,车型1,G4_272,G4,oriented,320,0,150,80,60,50,25,0,LWH,G4_271
T003,车型1,G4_273,G4,oriented,320,60,0,80,60,50,25,0,LWH,
T003,车型1,G4_274,G4,oriented,320,60,50,80,60,50,25,0,LWH,G4_273
T003,车型1,G4_275,G4,oriented,320,60,100,80,60,50,25,0,LWH,G4_274
T003,车型1,G4_276,G4,oriented,320,60,150,80,60,50,25,0,LWH,G4_275
T003,车型1,G4_277,G4,oriented,320,120,0,80,60,50,25,0,LWH,
T003,车型1,G4_278,G4,oriented,320,120,50,80,60,50,25,0,LWH,G4_277
T003,车型1,G4_279,G4,oriented,320,120,100,80,60,50,25,0,LWH,G4_278
T003,车型1,G4_280,G4,oriented,320,120,150,80,60,50,25,0,LWH,G4_279
T003,车型1,G1_726,G1,standard,0,180,0,60,30,40,12,1,LHW,
T003,车型1,G1_727,G1,standard,0,180,40,60,30,40,12,1,LHW,G1_726
T003,车型1,G1_728,G1,standard,0,180,80,60,30,40,12,1,LHW,G1_727
T003,车型1,G1_729,G1,standard,0,180,120,60,30,40,12,1,LHW,G1_728
T003,车型1,G1_730,G1,standard,0,180,160,60,30,40,12,1,LHW,G1_729
T003,车型1,G1_731,G1,standard,80,180,0,60,30,40,12,1,LHW,
T003,车型1,G1_732,G1,standard,80,180,40,60,30,40,12,1,LHW,G1_731
T003,车型1,G1_733,G1,standard,80,180,80,60,30,40,12,1,LHW,G1_732
T003,车型1,G1_734,G1,standard,80,180,120,60,30,40,12,1,LHW,G1_733
T003,车型1,G1_735,G1,standard,80,180,160,60,30,40,12,1,LHW,G1_734
T003,车型1,G1_736,G1,standard,160,180,0,60,30,40,12,1,LHW,
T003,车型1,G1_737,G1,standard,160,180,40,60,30,40,12,1,LHW,G1_736
T003,车型1,G1_738,G1,standard,160,180,80,60,30,40,12,1,LHW,G1_737
T003,车型1,G1_739,G1,standard,160,180,120,60,30,40,12,1,LHW,G1_738
T003,车型1,G1_740,G1,standard,160,180,160,60,30,40,12,1,LHW,G1_739
T003,车型1,G1_741,G1,standard,240,180,0,60,30,40,12,1,LHW,
T003,车型1,G1_742,G1,standard,240,180,40,60,30,40,12,1,LHW,G1_741
T003,车型1,G1_743,G1,standard,240,180,80,60,30,40,12,1,LHW,G1_742
T003,车型1,G1_744,G1,standard,240,180,120,60,30,40,12,1,LHW,G1_743
T003,车型1,G1_745,G1,standard,240,180,160,60,30,40,12,1,LHW,G1_744
T003,车型1,G1_746,G1,standard,320,180,0,60,30,40,12,1,LHW,
T003,车型1,G1_747,G1,standard,320,180,40,60,30,40,12,1,LHW,G1_746
T003,车型1,G1_748,G1,standard,320,180,80,60,30,40,12,1,LHW,G1_747
T003,车型1,G1_749,G1,standard,320,180,120,60,30,40,12,1,LHW,G1_748
T003,车型1,G1_750,G1,standard,320,180,160,60,30,40,12,1,LHW,G1_749
T004,车型1,G4_161,G4,oriented,0,0,0,80,60,50,25,0,LWH,
T004,车型1,G4_162,G4,oriented,0,0,50,80,60,50,25,0,LWH,G4_161
T004,车型1,G4_163,G4,oriented,0,0,100,80,60,50,25,0,LWH,G4_162
T004,车型1,G4_164,G4,oriented,0,0,150,80,60,50,25,0,LWH,G4_163
T004,车型1,G4_165,G4,oriented,0,60,0,80,60,50,25,0,LWH,
T004,车型1,G4_166,G4,oriented,0,60,50,80,60,50,25,0,LWH,G4_165
T004,车型1,G4_167,G4,oriented,0,60,100,80,60,50,25,0,LWH,G4_166
T004,车型1,G4_168,G4,oriented,0,60,150,80,60,50,25,0,LWH,G4_167
T004,车型1,G4_169,G4,oriented,0,120,0,80,60,50,25,0,LWH,
T004,车型1,G4_170,G4,oriented,0,120,50,80,60,50,25,0,LWH,G4_169
T004,车型1,G4_171,G4,oriented,0,120,100,80,60,50,25,0,LWH,G4_170
T004,车型1,G4_172,G4,oriented,0,120,150,80,60,50,25,0,LWH,G4_171
T004,车型1,G4_173,G4,oriented,80,0,0,80,60,50,25,0,LWH,
T004,车型1,G4_174,G4,oriented,80,0,50,80,60,50,25,0,LWH,G4_173
T004,车型1,G4_175,G4,oriented,80,0,100,80,60,50,25,0,LWH,G4_174
T004,车型1,G4_176,G4,oriented,80,0,150,80,60,50,25,0,LWH,G4_175
T004,车型1,G4_177,G4,oriented,80,60,0,80,60,50,25,0,LWH,
T004,车型1,G4_178,G4,oriented,80,60,50,80,60,50,25,0,LWH,G4_177
T004,车型1,G4_179,G4,oriented,80,60,100,80,60,50,25,0,LWH,G4_178
T004,车型1,G4_180,G4,oriented,80,60,150,80,60,50,25,0,LWH,G4_179
T004,车型1,G4_181,G4,oriented,80,120,0,80,60,50,25,0,LWH,
T004,车型1,G4_182,G4,oriented,80,120,50,80,60,50,25,0,LWH,G4_181
T004,车型1,G4_183,G4,oriented,80,120,100,80,60,50,25,0,LWH,G4_182
T004,车型1,G4_184,G4,oriented,80,120,150,80,60,50,25,0,LWH,G4_183
T004,车型1,G4_185,G4,oriented,160,0,0,80,60,50,25,0,LWH,
T004,车型1,G4_186,G4,oriented,160,0,50,80,60,50,25,0,LWH,G4_185
T004,车型1,G4_187,G4,oriented,160,0,100,80,60,50,25,0,LWH,G4_186
T004,车型1,G4_188,G4,oriented,160,0,150,80,60,50,25,0,LWH,G4_187
T004,车型1,G4_189,G4,oriented,160,60,0,80,60,50,25,0,LWH,
T004,车型1,G4_190,G4,oriented,160,60,50,80,60,50,25,0,LWH,G4_189
T004,车型1,G4_191,G4,oriented,160,60,100,80,60,50,25,0,LWH,G4_190
T004,车型1,G4_192,G4,oriented,160,60,150,80,60,50,25,0,LWH,G4_191
T004,车型1,G4_193,G4,oriented,160,120,0,80,60,50,25,0,LWH,
T004,车型1,G4_194,G4,oriented,160,120,50,80,60,50,25,0,LWH,G4_193
T004,车型1,G4_195,G4,oriented,160,120,100,80,60,50,25,0,LWH,G4_194
T004,车型1,G4_196,G4,oriented,160,120,150,80,60,50,25,0,LWH,G4_195
T004,车型1,G4_197,G4,oriented,240,0,0,80,60,50,25,0,LWH,
T004,车型1,G4_198,G4,oriented,240,0,50,80,60,50,25,0,LWH,G4_197
T004,车型1,G4_199,G4,oriented,240,0,100,80,60,50,25,0,LWH,G4_198
T004,车型1,G4_200,G4,oriented,240,0,150,80,60,50,25,0,LWH,G4_199
T004,车型1,G4_201,G4,oriented,240,60,0,80,60,50,25,0,LWH,
T004,车型1,G4_202,G4,oriented,240,60,50,80,60,50,25,0,LWH,G4_201
T004,车型1,G4_203,G4,oriented,240,60,100,80,60,50,25,0,LWH,G4_202
T004,车型1,G4_204,G4,oriented,240,60,150,80,60,50,25,0,LWH,G4_203
T004,车型1,G4_205,G4,oriented,240,120,0,80,60,50,25,0,LWH,
T004,车型1,G4_206,G4,oriented,240,120,50,80,60,50,25,0,LWH,G4_205
T004,车型1,G4_207,G4,oriented,240,120,100,80,60,50,25,0,LWH,G4_206
T004,车型1,G4_208,G4,oriented,240,120,150,80,60,50,25,0,LWH,G4_207
T004,车型1,G4_209,G4,oriented,320,0,0,80,60,50,25,0,LWH,
T004,车型1,G4_210,G4,oriented,320,0,50,80,60,50,25,0,LWH,G4_209
T004,车型1,G4_211,G4,oriented,320,0,100,80,60,50,25,0,LWH,G4_210
T004,车型1,G4_212,G4,oriented,320,0,150,80,60,50,25,0,LWH,G4_211
T004,车型1,G4_213,G4,oriented,320,60,0,80,60,50,25,0,LWH,
T004,车型1,G4_214,G4,oriented,320,60,50,80,60,50,25,0,LWH,G4_213
T004,车型1,G4_215,G4,oriented,320,60,100,80,60,50,25,0,LWH,G4_214
T004,车型1,G4_216,G4,oriented,320,60,150,80,60,50,25,0,LWH,G4_215
T004,车型1,G4_217,G4,oriented,320,120,0,80,60,50,25,0,LWH,
T004,车型1,G4_218,G4,oriented,320,120,50,80,60,50,25,0,LWH,G4_217
T004,车型1,G4_219,G4,oriented,320,120,100,80,60,50,25,0,LWH,G4_218
T004,车型1,G4_220,G4,oriented,320,120,150,80,60,50,25,0,LWH,G4_219
T004,车型1,G1_701,G1,standard,0,180,0,60,30,40,12,1,LHW,
T004,车型1,G1_702,G1,standard,0,180,40,60,30,40,12,1,LHW,G1_701
T004,车型1,G1_703,G1,standard,0,180,80,60,30,40,12,1,LHW,G1_702
T004,车型1,G1_704,G1,standard,0,180,120,60,30,40,12,1,LHW,G1_703
T004,车型1,G1_705,G1,standard,0,180,160,60,30,40,12,1,LHW,G1_704
T004,车型1,G1_706,G1,standard,80,180,0,60,30,40,12,1,LHW,
T004,车型1,G1_707,G1,standard,80,180,40,60,30,40,12,1,LHW,G1_706
T004,车型1,G1_708,G1,standard,80,180,80,60,30,40,12,1,LHW,G1_707
T004,车型1,G1_709,G1,standard,80,180,120,60,30,40,12,1,LHW,G1_708
T004,车型1,G1_710,G1,standard,80,180,160,60,30,40,12,1,LHW,G1_709
T004,车型1,G1_711,G1,standard,160,180,0,60,30,40,12,1,LHW,
T004,车型1,G1_712,G1,standard,160,180,40,60,30,40,12,1,LHW,G1_711
T004,车型1,G1_713,G1,standard,160,180,80,60,30,40,12,1,LHW,G1_712
T004,车型1,G1_714,G1,standard,160,180,120,60,30,40,12,1,LHW,G1_713
T004,车型1,G1_715,G1,standard,160,180,160,60,30,40,12,1,LHW,G1_714
T004,车型1,G1_716,G1,standard,240,180,0,60,30,40,12,1,LHW,
T004,车型1,G1_717,G1,standard,240,180,40,60,30,40,12,1,LHW,G1_716
T004,车型1,G1_718,G1,standard,240,180,80,60,30,40,12,1,LHW,G1_717
T004,车型1,G1_719,G1,standard,240,180,120,60,30,40,12,1,LHW,G1_718
T004,车型1,G1_720,G1,standard,240,180,160,60,30,40,12,1,LHW,G1_719
T004,车型1,G1_721,G1,standard,320,180,0,60,30,40,12,1,LHW,
T004,车型1,G1_722,G1,standard,320,180,40,60,30,40,12,1,LHW,G1_721
T004,车型1,G1_723,G1,standard,320,180,80,60,30,40,12,1,LHW,G1_722
T004,车型1,G1_724,G1,standard,320,180,120,60,30,40,12,1,LHW,G1_723
T004,车型1,G1_725,G1,standard,320,180,160,60,30,40,12,1,LHW,G1_724
T005,车型1,G4_101,G4,oriented,0,0,0,80,60,50,25,0,LWH,
T005,车型1,G4_102,G4,oriented,0,0,50,80,60,50,25,0,LWH,G4_101
T005,车型1,G4_103,G4,oriented,0,0,100,80,60,50,25,0,LWH,G4_102
T005,车型1,G4_104,G4,oriented,0,0,150,80,60,50,25,0,LWH,G4_103
T005,车型1,G4_105,G4,oriented,0,60,0,80,60,50,25,0,LWH,
T005,车型1,G4_106,G4,oriented,0,60,50,80,60,50,25,0,LWH,G4_105
T005,车型1,G4_107,G4,oriented,0,60,100,80,60,50,25,0,LWH,G4_106
T005,车型1,G4_108,G4,oriented,0,60,150,80,60,50,25,0,LWH,G4_107
T005,车型1,G4_109,G4,oriented,0,120,0,80,60,50,25,0,LWH,
T005,车型1,G4_110,G4,oriented,0,120,50,80,60,50,25,0,LWH,G4_109
T005,车型1,G4_111,G4,oriented,0,120,100,80,60,50,25,0,LWH,G4_110
T005,车型1,G4_112,G4,oriented,0,120,150,80,60,50,25,0,LWH,G4_111
T005,车型1,G4_113,G4,oriented,80,0,0,80,60,50,25,0,LWH,
T005,车型1,G4_114,G4,oriented,80,0,50,80,60,50,25,0,LWH,G4_113
T005,车型1,G4_115,G4,oriented,80,0,100,80,60,50,25,0,LWH,G4_114
T005,车型1,G4_116,G4,oriented,80,0,150,80,60,50,25,0,LWH,G4_115
T005,车型1,G4_117,G4,oriented,80,60,0,80,60,50,25,0,LWH,
T005,车型1,G4_118,G4,oriented,80,60,50,80,60,50,25,0,LWH,G4_117
T005,车型1,G4_119,G4,oriented,80,60,100,80,60,50,25,0,LWH,G4_118
T005,车型1,G4_120,G4,oriented,80,60,150,80,60,50,25,0,LWH,G4_119
T005,车型1,G4_121,G4,oriented,80,120,0,80,60,50,25,0,LWH,
T005,车型1,G4_122,G4,oriented,80,120,50,80,60,50,25,0,LWH,G4_121
T005,车型1,G4_123,G4,oriented,80,120,100,80,60,50,25,0,LWH,G4_122
T005,车型1,G4_124,G4,oriented,80,120,150,80,60,50,25,0,LWH,G4_123
T005,车型1,G4_125,G4,oriented,160,0,0,80,60,50,25,0,LWH,
T005,车型1,G4_126,G4,oriented,160,0,50,80,60,50,25,0,LWH,G4_125
T005,车型1,G4_127,G4,oriented,160,0,100,80,60,50,25,0,LWH,G4_126
T005,车型1,G4_128,G4,oriented,160,0,150,80,60,50,25,0,LWH,G4_127
T005,车型1,G4_129,G4,oriented,160,60,0,80,60,50,25,0,LWH,
T005,车型1,G4_130,G4,oriented,160,60,50,80,60,50,25,0,LWH,G4_129
T005,车型1,G4_131,G4,oriented,160,60,100,80,60,50,25,0,LWH,G4_130
T005,车型1,G4_132,G4,oriented,160,60,150,80,60,50,25,0,LWH,G4_131
T005,车型1,G4_133,G4,oriented,160,120,0,80,60,50,25,0,LWH,
T005,车型1,G4_134,G4,oriented,160,120,50,80,60,50,25,0,LWH,G4_133
T005,车型1,G4_135,G4,oriented,160,120,100,80,60,50,25,0,LWH,G4_134
T005,车型1,G4_136,G4,oriented,160,120,150,80,60,50,25,0,LWH,G4_135
T005,车型1,G4_137,G4,oriented,240,0,0,80,60,50,25,0,LWH,
T005,车型1,G4_138,G4,oriented,240,0,50,80,60,50,25,0,LWH,G4_137
T005,车型1,G4_139,G4,oriented,240,0,100,80,60,50,25,0,LWH,G4_138
T005,车型1,G4_140,G4,oriented,240,0,150,80,60,50,25,0,LWH,G4_139
T005,车型1,G4_141,G4,oriented,240,60,0,80,60,50,25,0,LWH,
T005,车型1,G4_142,G4,oriented,240,60,50,80,60,50,25,0,LWH,G4_141
T005,车型1,G4_143,G4,oriented,240,60,100,80,60,50,25,0,LWH,G4_142
T005,车型1,G4_144,G4,oriented,240,60,150,80,60,50,25,0,LWH,G4_143
T005,车型1,G4_145,G4,oriented,240,120,0,80,60,50,25,0,LWH,
T005,车型1,G4_146,G4,oriented,240,120,50,80,60,50,25,0,LWH,G4_145
T005,车型1,G4_147,G4,oriented,240,120,100,80,60,50,25,0,LWH,G4_146
T005,车型1,G4_148,G4,oriented,240,120,150,80,60,50,25,0,LWH,G4_147
T005,车型1,G4_149,G4,oriented,320,0,0,80,60,50,25,0,LWH,
T005,车型1,G4_150,G4,oriented,320,0,50,80,60,50,25,0,LWH,G4_149
T005,车型1,G4_151,G4,oriented,320,0,100,80,60,50,25,0,LWH,G4_150
T005,车型1,G4_152,G4,oriented,320,0,150,80,60,50,25,0,LWH,G4_151
T005,车型1,G4_153,G4,oriented,320,60,0,80,60,50,25,0,LWH,
T005,车型1,G4_154,G4,oriented,320,60,50,80,60,50,25,0,LWH,G4_153
T005,车型1,G4_155,G4,oriented,320,60,100,80,60,50,25,0,LWH,G4_154
T005,车型1,G4_156,G4,oriented,320,60,150,80,60,50,25,0,LWH,G4_155
T005,车型1,G4_157,G4,oriented,320,120,0,80,60,50,25,0,LWH,
T005,车型1,G4_158,G4,oriented,320,120,50,80,60,50,25,0,LWH,G4_157
T005,车型1,G4_159,G4,oriented,320,120,100,80,60,50,25,0,LWH,G4_158
T005,车型1,G4_160,G4,oriented,320,120,150,80,60,50,25,0,LWH,G4_159
T005,车型1,G1_676,G1,standard,0,180,0,60,30,40,12,1,LHW,
T005,车型1,G1_677,G1,standard,0,180,40,60,30,40,12,1,LHW,G1_676
T005,车型1,G1_678,G1,standard,0,180,80,60,30,40,12,1,LHW,G1_677
T005,车型1,G1_679,G1,standard,0,180,120,60,30,40,12,1,LHW,G1_678
T005,车型1,G1_680,G1,standard,0,180,160,60,30,40,12,1,LHW,G1_679
T005,车型1,G1_681,G1,standard,80,180,0,60,30,40,12,1,LHW,
T005,车型1,G1_682,G1,standard,80,180,40,60,30,40,12,1,LHW,G1_681
T005,车型1,G1_683,G1,standard,80,180,80,60,30,40,12,1,LHW,G1_682
T005,车型1,G1_684,G1,standard,80,180,120,60,30,40,12,1,LHW,G1_683
T005,车型1,G1_685,G1,standard,80,180,160,60,30,40,12,1,LHW,G1_684
T005,车型1,G1_686,G1,standard,160,180,0,60,30,40,12,1,LHW,
T005,车型1,G1_687,G1,standard,160,180,40,60,30,40,12,1,LHW,G1_686
T005,车型1,G1_688,G1,standard,160,180,80,60,30,40,12,1,LHW,G1_687
T005,车型1,G1_689,G1,standard,160,180,120,60,30,40,12,1,LHW,G1_688
T005,车型1,G1_690,G1,standard,160,180,160,60,30,40,12,1,LHW,G1_689
T005,车型1,G1_691,G1,standard,240,180,0,60,30,40,12,1,LHW,
T005,车型1,G1_692,G1,standard,240,180,40,60,30,40,12,1,LHW,G1_691
T005,车型1,G1_693,G1,standard,240,180,80,60,30,40,12,1,LHW,G1_692
T005,车型1,G1_694,G1,standard,240,180,120,60,30,40,12,1,LHW,G1_693
T005,车型1,G1_695,G1,standard,240,180,160,60,30,40,12,1,LHW,G1_694
T005,车型1,G1_696,G1,standard,320,180,0,60,30,40,12,1,LHW,
T005,车型1,G1_697,G1,standard,320,180,40,60,30,40,12,1,LHW,G1_696
T005,车型1,G1_698,G1,standard,320,180,80,60,30,40,12,1,LHW,G1_697
T005,车型1,G1_699,G1,standard,320,180,120,60,30,40,12,1,LHW,G1_698
T005,车型1,G1_700,G1,standard,320,180,160,60,30,40,12,1,LHW,G1_699
T006,车型1,G4_041,G4,oriented,0,0,0,80,60,50,25,0,LWH,
T006,车型1,G4_042,G4,oriented,0,0,50,80,60,50,25,0,LWH,G4_041
T006,车型1,G4_043,G4,oriented,0,0,100,80,60,50,25,0,LWH,G4_042
T006,车型1,G4_044,G4,oriented,0,0,150,80,60,50,25,0,LWH,G4_043
T006,车型1,G4_045,G4,oriented,0,60,0,80,60,50,25,0,LWH,
T006,车型1,G4_046,G4,oriented,0,60,50,80,60,50,25,0,LWH,G4_045
T006,车型1,G4_047,G4,oriented,0,60,100,80,60,50,25,0,LWH,G4_046
T006,车型1,G4_048,G4,oriented,0,60,150,80,60,50,25,0,LWH,G4_047
T006,车型1,G4_049,G4,oriented,0,120,0,80,60,50,25,0,LWH,
T006,车型1,G4_050,G4,oriented,0,120,50,80,60,50,25,0,LWH,G4_049
T006,车型1,G4_051,G4,oriented,0,120,100,80,60,50,25,0,LWH,G4_050
T006,车型1,G4_052,G4,oriented,0,120,150,80,60,50,25,0,LWH,G4_051
T006,车型1,G4_053,G4,oriented,80,0,0,80,60,50,25,0,LWH,
T006,车型1,G4_054,G4,oriented,80,0,50,80,60,50,25,0,LWH,G4_053
T006,车型1,G4_055,G4,oriented,80,0,100,80,60,50,25,0,LWH,G4_054
T006,车型1,G4_056,G4,oriented,80,0,150,80,60,50,25,0,LWH,G4_055
T006,车型1,G4_057,G4,oriented,80,60,0,80,60,50,25,0,LWH,
T006,车型1,G4_058,G4,oriented,80,60,50,80,60,50,25,0,LWH,G4_057
T006,车型1,G4_059,G4,oriented,80,60,100,80,60,50,25,0,LWH,G4_058
T006,车型1,G4_060,G4,oriented,80,60,150,80,60,50,25,0,LWH,G4_059
T006,车型1,G4_061,G4,oriented,80,120,0,80,60,50,25,0,LWH,
T006,车型1,G4_062,G4,oriented,80,120,50,80,60,50,25,0,LWH,G4_061
T006,车型1,G4_063,G4,oriented,80,120,100,80,60,50,25,0,LWH,G4_062
T006,车型1,G4_064,G4,oriented,80,120,150,80,60,50,25,0,LWH,G4_063
T006,车型1,G4_065,G4,oriented,160,0,0,80,60,50,25,0,LWH,
T006,车型1,G4_066,G4,oriented,160,0,50,80,60,50,25,0,LWH,G4_065
T006,车型1,G4_067,G4,oriented,160,0,100,80,60,50,25,0,LWH,G4_066
T006,车型1,G4_068,G4,oriented,160,0,150,80,60,50,25,0,LWH,G4_067
T006,车型1,G4_069,G4,oriented,160,60,0,80,60,50,25,0,LWH,
T006,车型1,G4_070,G4,oriented,160,60,50,80,60,50,25,0,LWH,G4_069
T006,车型1,G4_071,G4,oriented,160,60,100,80,60,50,25,0,LWH,G4_070
T006,车型1,G4_072,G4,oriented,160,60,150,80,60,50,25,0,LWH,G4_071
T006,车型1,G4_073,G4,oriented,160,120,0,80,60,50,25,0,LWH,
T006,车型1,G4_074,G4,oriented,160,120,50,80,60,50,25,0,LWH,G4_073
T006,车型1,G4_075,G4,oriented,160,120,100,80,60,50,25,0,LWH,G4_074
T006,车型1,G4_076,G4,oriented,160,120,150,80,60,50,25,0,LWH,G4_075
T006,车型1,G4_077,G4,oriented,240,0,0,80,60,50,25,0,LWH,
T006,车型1,G4_078,G4,oriented,240,0,50,80,60,50,25,0,LWH,G4_077
T006,车型1,G4_079,G4,oriented,240,0,100,80,60,50,25,0,LWH,G4_078
T006,车型1,G4_080,G4,oriented,240,0,150,80,60,50,25,0,LWH,G4_079
T006,车型1,G4_081,G4,oriented,240,60,0,80,60,50,25,0,LWH,
T006,车型1,G4_082,G4,oriented,240,60,50,80,60,50,25,0,LWH,G4_081
T006,车型1,G4_083,G4,oriented,240,60,100,80,60,50,25,0,LWH,G4_082
T006,车型1,G4_084,G4,oriented,240,60,150,80,60,50,25,0,LWH,G4_083
T006,车型1,G4_085,G4,oriented,240,120,0,80,60,50,25,0,LWH,
T006,车型1,G4_086,G4,oriented,240,120,50,80,60,50,25,0,LWH,G4_085
T006,车型1,G4_087,G4,oriented,240,120,100,80,60,50,25,0,LWH,G4_086
T006,车型1,G4_088,G4,oriented,240,120,150,80,60,50,25,0,LWH,G4_087
T006,车型1,G4_089,G4,oriented,320,0,0,80,60,50,25,0,LWH,
T006,车型1,G4_090,G4,oriented,320,0,50,80,60,50,25,0,LWH,G4_089
T006,车型1,G4_091,G4,oriented,320,0,100,80,60,50,25,0,LWH,G4_090
T006,车型1,G4_092,G4,oriented,320,0,150,80,60,50,25,0,LWH,G4_091
T006,车型1,G4_093,G4,oriented,320,60,0,80,60,50,25,0,LWH,
T006,车型1,G4_094,G4,oriented,320,60,50,80,60,50,25,0,LWH,G4_093
T006,车型1,G4_095,G4,oriented,320,60,100,80,60,50,25,0,LWH,G4_094
T006,车型1,G4_096,G4,oriented,320,60,150,80,60,50,25,0,LWH,G4_095
T006,车型1,G4_097,G4,oriented,320,120,0,80,60,50,25,0,LWH,
T006,车型1,G4_098,G4,oriented,320,120,50,80,60,50,25,0,LWH,G4_097
T006,车型1,G4_099,G4,oriented,320,120,100,80,60,50,25,0,LWH,G4_098
T006,车型1,G4_100,G4,oriented,320,120,150,80,60,50,25,0,LWH,G4_099
T006,车型1,G1_651,G1,standard,0,180,0,60,30,40,12,1,LHW,
T006,车型1,G1_652,G1,standard,0,180,40,60,30,40,12,1,LHW,G1_651
T006,车型1,G1_653,G1,standard,0,180,80,60,30,40,12,1,LHW,G1_652
T006,车型1,G1_654,G1,standard,0,180,120,60,30,40,12,1,LHW,G1_653
T006,车型1,G1_655,G1,standard,0,180,160,60,30,40,12,1,LHW,G1_654
T006,车型1,G1_656,G1,standard,80,180,0,60,30,40,12,1,LHW,
T006,车型1,G1_657,G1,standard,80,180,40,60,30,40,12,1,LHW,G1_656
T006,车型1,G1_658,G1,standard,80,180,80,60,30,40,12,1,LHW,G1_657
T006,车型1,G1_659,G1,standard,80,180,120,60,30,40,12,1,LHW,G1_658
T006,车型1,G1_660,G1,standard,80,180,160,60,30,40,12,1,LHW,G1_659
T006,车型1,G1_661,G1,standard,160,180,0,60,30,40,12,1,LHW,
T006,车型1,G1_662,G1,standard,160,180,40,60,30,40,12,1,LHW,G1_661
T006,车型1,G1_663,G1,standard,160,180,80,60,30,40,12,1,LHW,G1_662
T006,车型1,G1_664,G1,standard,160,180,120,60,30,40,12,1,LHW,G1_663
T006,车型1,G1_665,G1,standard,160,180,160,60,30,40,12,1,LHW,G1_664
T006,车型1,G1_666,G1,standard,240,180,0,60,30,40,12,1,LHW,
T006,车型1,G1_667,G1,standard,240,180,40,60,30,40,12,1,LHW,G1_666
T006,车型1,G1_668,G1,standard,240,180,80,60,30,40,12,1,LHW,G1_667
T006,车型1,G1_669,G1,standard,240,180,120,60,30,40,12,1,LHW,G1_668
T006,车型1,G1_670,G1,standard,240,180,160,60,30,40,12,1,LHW,G1_669
T006,车型1,G1_671,G1,standard,320,180,0,60,30,40,12,1,LHW,
T006,车型1,G1_672,G1,standard,320,180,40,60,30,40,12,1,LHW,G1_671
T006,车型1,G1_673,G1,standard,320,180,80,60,30,40,12,1,LHW,G1_672
T006,车型1,G1_674,G1,standard,320,180,120,60,30,40,12,1,LHW,G1_673
T006,车型1,G1_675,G1,standard,320,180,160,60,30,40,12,1,LHW,G1_674
T007,车型1,G4_001,G4,oriented,0,0,0,80,60,50,25,0,LWH,
T007,车型1,G4_002,G4,oriented,0,0,50,80,60,50,25,0,LWH,G4_001
T007,车型1,G4_003,G4,oriented,0,0,100,80,60,50,25,0,LWH,G4_002
T007,车型1,G4_004,G4,oriented,0,0,150,80,60,50,25,0,LWH,G4_003
T007,车型1,G4_005,G4,oriented,0,60,0,80,60,50,25,0,LWH,
T007,车型1,G4_006,G4,oriented,0,60,50,80,60,50,25,0,LWH,G4_005
T007,车型1,G4_007,G4,oriented,0,60,100,80,60,50,25,0,LWH,G4_006
T007,车型1,G4_008,G4,oriented,0,60,150,80,60,50,25,0,LWH,G4_007
T007,车型1,G4_009,G4,oriented,0,120,0,80,60,50,25,0,LWH,
T007,车型1,G4_010,G4,oriented,0,120,50,80,60,50,25,0,LWH,G4_009
T007,车型1,G4_011,G4,oriented,0,120,100,80,60,50,25,0,LWH,G4_010
T007,车型1,G4_012,G4,oriented,0,120,150,80,60,50,25,0,LWH,G4_011
T007,车型1,G4_013,G4,oriented,80,0,0,80,60,50,25,0,LWH,
T007,车型1,G4_014,G4,oriented,80,0,50,80,60,50,25,0,LWH,G4_013
T007,车型1,G4_015,G4,oriented,80,0,100,80,60,50,25,0,LWH,G4_014
T007,车型1,G4_016,G4,oriented,80,0,150,80,60,50,25,0,LWH,G4_015
T007,车型1,G4_017,G4,oriented,80,60,0,80,60,50,25,0,LWH,
T007,车型1,G4_018,G4,oriented,80,60,50,80,60,50,25,0,LWH,G4_017
T007,车型1,G4_019,G4,oriented,80,60,100,80,60,50,25,0,LWH,G4_018
T007,车型1,G4_020,G4,oriented,80,60,150,80,60,50,25,0,LWH,G4_019
T007,车型1,G4_021,G4,oriented,80,120,0,80,60,50,25,0,LWH,
T007,车型1,G4_022,G4,oriented,80,120,50,80,60,50,25,0,LWH,G4_021
T007,车型1,G4_023,G4,oriented,80,120,100,80,60,50,25,0,LWH,G4_022
T007,车型1,G4_024,G4,oriented,80,120,150,80,60,50,25,0,LWH,G4_023
T007,车型1,G4_025,G4,oriented,160,0,0,80,60,50,25,0,LWH,
T007,车型1,G4_026,G4,oriented,160,0,50,80,60,50,25,0,LWH,G4_025
T007,车型1,G4_027,G4,oriented,160,0,100,80,60,50,25,0,LWH,G4_026
T007,车型1,G4_028,G4,oriented,160,0,150,80,60,50,25,0,LWH,G4_027
T007,车型1,G4_029,G4,oriented,160,60,0,80,60,50,25,0,LWH,
T007,车型1,G4_030,G4,oriented,160,60,50,80,60,50,25,0,LWH,G4_029
T007,车型1,G4_031,G4,oriented,160,60,100,80,60,50,25,0,LWH,G4_030
T007,车型1,G4_032,G4,oriented,160,60,150,80,60,50,25,0,LWH,G4_031
T007,车型1,G4_033,G4,oriented,160,120,0,80,60,50,25,0,LWH,
T007,车型1,G4_034,G4,oriented,160,120,50,80,60,50,25,0,LWH,G4_033
T007,车型1,G4_035,G4,oriented,160,120,100,80,60,50,25,0,LWH,G4_034
T007,车型1,G4_036,G4,oriented,160,120,150,80,60,50,25,0,LWH,G4_035
T007,车型1,G4_037,G4,oriented,240,0,0,80,60,50,25,0,LWH,
T007,车型1,G4_038,G4,oriented,240,0,50,80,60,50,25,0,LWH,G4_037
T007,车型1,G4_039,G4,oriented,240,0,100,80,60,50,25,0,LWH,G4_038
T007,车型1,G4_040,G4,oriented,240,0,150,80,60,50,25,0,LWH,G4_039
T007,车型1,G5_453,G5,oriented,240,60,0,40,40,60,18,0,LWH,
T007,车型1,G5_454,G5,oriented,240,60,60,40,40,60,18,0,LWH,G5_453
T007,车型1,G5_455,G5,oriented,240,60,120,40,40,60,18,0,LWH,G5_454
T007,车型1,G5_456,G5,oriented,240,100,0,40,40,60,18,0,LWH,
T007,车型1,G5_457,G5,oriented,240,100,60,40,40,60,18,0,LWH,G5_456
T007,车型1,G5_458,G5,oriented,240,100,120,40,40,60,18,0,LWH,G5_457
T007,车型1,G5_459,G5,oriented,240,140,0,40,40,60,18,0,LWH,
T007,车型1,G5_460,G5,oriented,240,140,60,40,40,60,18,0,LWH,G5_459
T007,车型1,G5_461,G5,oriented,240,140,120,40,40,60,18,0,LWH,G5_460
T007,车型1,G5_462,G5,oriented,280,60,0,40,40,60,18,0,LWH,
T007,车型1,G5_463,G5,oriented,280,60,60,40,40,60,18,0,LWH,G5_462
T007,车型1,G5_464,G5,oriented,280,60,120,40,40,60,18,0,LWH,G5_463
T007,车型1,G5_465,G5,oriented,280,100,0,40,40,60,18,0,LWH,
T007,车型1,G5_466,G5,oriented,280,100,60,40,40,60,18,0,LWH,G5_465
T007,车型1,G5_467,G5,oriented,280,100,120,40,40,60,18,0,LWH,G5_466
T007,车型1,G5_468,G5,oriented,280,140,0,40,40,60,18,0,LWH,
T007,车型1,G5_469,G5,oriented,280,140,60,40,40,60,18,0,LWH,G5_468
T007,车型1,G5_470,G5,oriented,280,140,120,40,40,60,18,0,LWH,G5_469
T007,车型1,G5_471,G5,oriented,320,0,0,40,40,60,18,0,LWH,
T007,车型1,G5_472,G5,oriented,320,0,60,40,40,60,18,0,LWH,G5_471
T007,车型1,G5_473,G5,oriented,320,0,120,40,40,60,18,0,LWH,G5_472
T007,车型1,G5_474,G5,oriented,320,40,0,40,40,60,18,0,LWH,
T007,车型1,G5_475,G5,oriented,320,40,60,40,40,60,18,0,LWH,G5_474
T007,车型1,G5_476,G5,oriented,320,40,120,40,40,60,18,0,LWH,G5_475
T007,车型1,G5_477,G5,oriented,320,80,0,40,40,60,18,0,LWH,
T007,车型1,G5_478,G5,oriented,320,80,60,40,40,60,18,0,LWH,G5_477
T007,车型1,G5_479,G5,oriented,320,80,120,40,40,60,18,0,LWH,G5_478
T007,车型1,G5_480,G5,oriented,320,120,0,40,40,60,18,0,LWH,
T007,车型1,G5_481,G5,oriented,320,120,60,40,40,60,18,0,LWH,G5_480
T007,车型1,G5_482,G5,oriented,320,120,120,40,40,60,18,0,LWH,G5_481
T007,车型1,G5_483,G5,oriented,320,160,0,40,40,60,18,0,LWH,
T007,车型1,G5_484,G5,oriented,320,160,60,40,40,60,18,0,LWH,G5_483
T007,车型1,G5_485,G5,oriented,320,160,120,40,40,60,18,0,LWH,G5_484
T007,车型1,G5_486,G5,oriented,360,0,0,40,40,60,18,0,LWH,
T007,车型1,G5_487,G5,oriented,360,0,60,40,40,60,18,0,LWH,G5_486
T007,车型1,G5_488,G5,oriented,360,0,120,40,40,60,18,0,LWH,G5_487
T007,车型1,G5_489,G5,oriented,360,40,0,40,40,60,18,0,LWH,
T007,车型1,G5_490,G5,oriented,360,40,60,40,40,60,18,0,LWH,G5_489
T007,车型1,G5_491,G5,oriented,360,40,120,40,40,60,18,0,LWH,G5_490
T007,车型1,G5_492,G5,oriented,360,80,0,40,40,60,18,0,LWH,
T007,车型1,G5_493,G5,oriented,360,80,60,40,40,60,18,0,LWH,G5_492
T007,车型1,G5_494,G5,oriented,360,80,120,40,40,60,18,0,LWH,G5_493
T007,车型1,G5_495,G5,oriented,360,120,0,40,40,60,18,0,LWH,
T007,车型1,G5_496,G5,oriented,360,120,60,40,40,60,18,0,LWH,G5_495
T007,车型1,G5_497,G5,oriented,360,120,120,40,40,60,18,0,LWH,G5_496
T007,车型1,G5_498,G5,oriented,360,160,0,40,40,60,18,0,LWH,
T007,车型1,G5_499,G5,oriented,360,160,60,40,40,60,18,0,LWH,G5_498
T007,车型1,G5_500,G5,oriented,360,160,120,40,40,60,18,0,LWH,G5_499
T007,车型1,G1_630,G1,standard,240,180,0,40,30,60,12,3,WHL,
T007,车型1,G1_631,G1,standard,240,180,60,40,30,60,12,3,WHL,G1_630
T007,车型1,G1_632,G1,standard,240,180,120,40,30,60,12,3,WHL,G1_631
T007,车型1,G1_633,G1,standard,280,180,0,40,30,60,12,3,WHL,
T007,车型1,G1_634,G1,standard,280,180,60,40,30,60,12,3,WHL,G1_633
T007,车型1,G1_635,G1,standard,280,180,120,40,30,60,12,3,WHL,G1_634
T007,车型1,G1_636,G1,standard,0,180,0,60,30,40,12,1,LHW,
T007,车型1,G1_637,G1,standard,0,180,40,60,30,40,12,1,LHW,G1_636
T007,车型1,G1_638,G1,standard,0,180,80,60,30,40,12,1,LHW,G1_637
T007,车型1,G1_639,G1,standard,0,180,120,60,30,40,12,1,LHW,G1_638
T007,车型1,G1_640,G1,standard,0,180,160,60,30,40,12,1,LHW,G1_639
T007,车型1,G1_641,G1,standard,80,180,0,60,30,40,12,1,LHW,
T007,车型1,G1_642,G1,standard,80,180,40,60,30,40,12,1,LHW,G1_641
T007,车型1,G1_643,G1,standard,80,180,80,60,30,40,12,1,LHW,G1_642
T007,车型1,G1_644,G1,standard,80,180,120,60,30,40,12,1,LHW,G1_643
T007,车型1,G1_645,G1,standard,80,180,160,60,30,40,12,1,LHW,G1_644
T007,车型1,G1_646,G1,standard,160,180,0,60,30,40,12,1,LHW,
T007,车型1,G1_647,G1,standard,160,180,40,60,30,40,12,1,LHW,G1_646
T007,车型1,G1_648,G1,standard,160,180,80,60,30,40,12,1,LHW,G1_647
T007,车型1,G1_649,G1,standard,160,180,120,60,30,40,12,1,LHW,G1_648
T007,车型1,G1_650,G1,standard,160,180,160,60,30,40,12,1,LHW,G1_649
T008,车型1,G5_303,G5,oriented,0,0,0,40,40,60,18,0,LWH,
T008,车型1,G5_304,G5,oriented,0,0,60,40,40,60,18,0,LWH,G5_303
T008,车型1,G5_305,G5,oriented,0,0,120,40,40,60,18,0,LWH,G5_304
T008,车型1,G5_306,G5,oriented,0,40,0,40,40,60,18,0,LWH,
T008,车型1,G5_307,G5,oriented,0,40,60,40,40,60,18,0,LWH,G5_306
T008,车型1,G5_308,G5,oriented,0,40,120,40,40,60,18,0,LWH,G5_307
T008,车型1,G5_309,G5,oriented,0,80,0,40,40,60,18,0,LWH,
T008,车型1,G5_310,G5,oriented,0,80,60,40,40,60,18,0,LWH,G5_309
T008,车型1,G5_311,G5,oriented,0,80,120,40,40,60,18,0,LWH,G5_310
T008,车型1,G5_312,G5,oriented,0,120,0,40,40,60,18,0,LWH,
T008,车型1,G5_313,G5,oriented,0,120,60,40,40,60,18,0,LWH,G5_312
T008,车型1,G5_314,G5,oriented,0,120,120,40,40,60,18,0,LWH,G5_313
T008,车型1,G5_315,G5,oriented,0,160,0,40,40,60,18,0,LWH,
T008,车型1,G5_316,G5,oriented,0,160,60,40,40,60,18,0,LWH,G5_315
T008,车型1,G5_317,G5,oriented,0,160,120,40,40,60,18,0,LWH,G5_316
T008,车型1,G5_318,G5,oriented,40,0,0,40,40,60,18,0,LWH,
T008,车型1,G5_319,G5,oriented,40,0,60,40,40,60,18,0,LWH,G5_318
T008,车型1,G5_320,G5,oriented,40,0,120,40,40,60,18,0,LWH,G5_319
T008,车型1,G5_321,G5,oriented,40,40,0,40,40,60,18,0,LWH,
T008,车型1,G5_322,G5,oriented,40,40,60,40,40,60,18,0,LWH,G5_321
T008,车型1,G5_323,G5,oriented,40,40,120,40,40,60,18,0,LWH,G5_322
T008,车型1,G5_324,G5,oriented,40,80,0,40,40,60,18,0,LWH,
T008,车型1,G5_325,G5,oriented,40,80,60,40,40,60,18,0,LWH,G5_324
T008,车型1,G5_326,G5,oriented,40,80,120,40,40,60,18,0,LWH,G5_325
T008,车型1,G5_327,G5,oriented,40,120,0,40,40,60,18,0,LWH,
T008,车型1,G5_328,G5,oriented,40,120,60,40,40,60,18,0,LWH,G5_327
T008,车型1,G5_329,G5,oriented,40,120,120,40,40,60,18,0,LWH,G5_328
T008,车型1,G5_330,G5,oriented,40,160,0,40,40,60,18,0,LWH,
T008,车型1,G5_331,G5,oriented,40,160,60,40,40,60,18,0,LWH,G5_330
T008,车型1,G5_332,G5,oriented,40,160,120,40,40,60,18,0,LWH,G5_331
T008,车型1,G5_333,G5,oriented,80,0,0,40,40,60,18,0,LWH,
T008,车型1,G5_334,G5,oriented,80,0,60,40,40,60,18,0,LWH,G5_333
T008,车型1,G5_335,G5,oriented,80,0,120,40,40,60,18,0,LWH,G5_334
T008,车型1,G5_336,G5,oriented,80,40,0,40,40,60,18,0,LWH,
T008,车型1,G5_337,G5,oriented,80,40,60,40,40,60,18,0,LWH,G5_336
T008,车型1,G5_338,G5,oriented,80,40,120,40,40,60,18,0,LWH,G5_337
T008,车型1,G5_339,G5,oriented,80,80,0,40,40,60,18,0,LWH,
T008,车型1,G5_340,G5,oriented,80,80,60,40,40,60,18,0,LWH,G5_339
T008,车型1,G5_341,G5,oriented,80,80,120,40,40,60,18,0,LWH,G5_340
T008,车型1,G5_342,G5,oriented,80,120,0,40,40,60,18,0,LWH,
T008,车型1,G5_343,G5,oriented,80,120,60,40,40,60,18,0,LWH,G5_342
T008,车型1,G5_344,G5,oriented,80,120,120,40,40,60,18,0,LWH,G5_343
T008,车型1,G5_345,G5,oriented,80,160,0,40,40,60,18,0,LWH,
T008,车型1,G5_346,G5,oriented,80,160,60,40,40,60,18,0,LWH,G5_345
T008,车型1,G5_347,G5,oriented,80,160,120,40,40,60,18,0,LWH,G5_346
T008,车型1,G5_348,G5,oriented,120,0,0,40,40,60,18,0,LWH,
T008,车型1,G5_349,G5,oriented,120,0,60,40,40,60,18,0,LWH,G5_348
T008,车型1,G5_350,G5,oriented,120,0,120,40,40,60,18,0,LWH,G5_349
T008,车型1,G5_351,G5,oriented,120,40,0,40,40,60,18,0,LWH,
T008,车型1,G5_352,G5,oriented,120,40,60,40,40,60,18,0,LWH,G5_351
T008,车型1,G5_353,G5,oriented,120,40,120,40,40,60,18,0,LWH,G5_352
T008,车型1,G5_354,G5,oriented,120,80,0,40,40,60,18,0,LWH,
T008,车型1,G5_355,G5,oriented,120,80,60,40,40,60,18,0,LWH,G5_354
T008,车型1,G5_356,G5,oriented,120,80,120,40,40,60,18,0,LWH,G5_355
T008,车型1,G5_357,G5,oriented,120,120,0,40,40,60,18,0,LWH,
T008,车型1,G5_358,G5,oriented,120,120,60,40,40,60,18,0,LWH,G5_357
T008,车型1,G5_359,G5,oriented,120,120,120,40,40,60,18,0,LWH,G5_358
T008,车型1,G5_360,G5,oriented,120,160,0,40,40,60,18,0,LWH,
T008,车型1,G5_361,G5,oriented,120,160,60,40,40,60,18,0,LWH,G5_360
T008,车型1,G5_362,G5,oriented,120,160,120,40,40,60,18,0,LWH,G5_361
T008,车型1,G5_363,G5,oriented,160,0,0,40,40,60,18,0,LWH,
T008,车型1,G5_364,G5,oriented,160,0,60,40,40,60,18,0,LWH,G5_363
T008,车型1,G5_365,G5,oriented,160,0,120,40,40,60,18,0,LWH,G5_364
T008,车型1,G5_366,G5,oriented,160,40,0,40,40,60,18,0,LWH,
T008,车型1,G5_367,G5,oriented,160,40,60,40,40,60,18,0,LWH,G5_366
T008,车型1,G5_368,G5,oriented,160,40,120,40,40,60,18,0,LWH,G5_367
T008,车型1,G5_369,G5,oriented,160,80,0,40,40,60,18,0,LWH,
T008,车型1,G5_370,G5,oriented,160,80,60,40,40,60,18,0,LWH,G5_369
T008,车型1,G5_371,G5,oriented,160,80,120,40,40,60,18,0,LWH,G5_370
T008,车型1,G5_372,G5,oriented,160,120,0,40,40,60,18,0,LWH,
T008,车型1,G5_373,G5,oriented,160,120,60,40,40,60,18,0,LWH,G5_372
T008,车型1,G5_374,G5,oriented,160,120,120,40,40,60,18,0,LWH,G5_373
T008,车型1,G5_375,G5,oriented,160,160,0,40,40,60,18,0,LWH,
T008,车型1,G5_376,G5,oriented,160,160,60,40,40,60,18,0,LWH,G5_375
T008,车型1,G5_377,G5,oriented,160,160,120,40,40,60,18,0,LWH,G5_376
T008,车型1,G5_378,G5,oriented,200,0,0,40,40,60,18,0,LWH,
T008,车型1,G5_379,G5,oriented,200,0,60,40,40,60,18,0,LWH,G5_378
T008,车型1,G5_380,G5,oriented,200,0,120,40,40,60,18,0,LWH,G5_379
T008,车型1,G5_381,G5,oriented,200,40,0,40,40,60,18,0,LWH,
T008,车型1,G5_382,G5,oriented,200,40,60,40,40,60,18,0,LWH,G5_381
T008,车型1,G5_383,G5,oriented,200,40,120,40,40,60,18,0,LWH,G5_382
T008,车型1,G5_384,G5,oriented,200,80,0,40,40,60,18,0,LWH,
T008,车型1,G5_385,G5,oriented,200,80,60,40,40,60,18,0,LWH,G5_384
T008,车型1,G5_386,G5,oriented,200,80,120,40,40,60,18,0,LWH,G5_385
T008,车型1,G5_387,G5,oriented,200,120,0,40,40,60,18,0,LWH,
T008,车型1,G5_388,G5,oriented,200,120,60,40,40,60,18,0,LWH,G5_387
T008,车型1,G5_389,G5,oriented,200,120,120,40,40,60,18,0,LWH,G5_388
T008,车型1,G5_390,G5,oriented,200,160,0,40,40,60,18,0,LWH,
T008,车型1,G5_391,G5,oriented,200,160,60,40,40,60,18,0,LWH,G5_390
T008,车型1,G5_392,G5,oriented,200,160,120,40,40,60,18,0,LWH,G5_391
T008,车型1,G5_393,G5,oriented,240,0,0,40,40,60,18,0,LWH,
T008,车型1,G5_394,G5,oriented,240,0,60,40,40,60,18,0,LWH,G5_393
T008,车型1,G5_395,G5,oriented,240,0,120,40,40,60,18,0,LWH,G5_394
T008,车型1,G5_396,G5,oriented,240,40,0,40,40,60,18,0,LWH,
T008,车型1,G5_397,G5,oriented,240,40,60,40,40,60,18,0,LWH,G5_396
T008,车型1,G5_398,G5,oriented,240,40,120,40,40,60,18,0,LWH,G5_397
T008,车型1,G5_399,G5,oriented,240,80,0,40,40,60,18,0,LWH,
T008,车型1,G5_400,G5,oriented,240,80,60,40,40,60,18,0,LWH,G5_399
T008,车型1,G5_401,G5,oriented,240,80,120,40,40,60,18,0,LWH,G5_400
T008,车型1,G5_402,G5,oriented,240,120,0,40,40,60,18,0,LWH,
T008,车型1,G5_403,G5,oriented,240,120,60,40,40,60,18,0,LWH,G5_402
T008,车型1,G5_404,G5,oriented,240,120,120,40,40,60,18,0,LWH,G5_403
T008,车型1,G5_405,G5,oriented,240,160,0,40,40,60,18,0,LWH,
T008,车型1,G5_406,G5,oriented,240,160,60,40,40,60,18,0,LWH,G5_405
T008,车型1,G5_407,G5,oriented,240,160,120,40,40,60,18,0,LWH,G5_406
T008,车型1,G5_408,G5,oriented,280,0,0,40,40,60,18,0,LWH,
T008,车型1,G5_409,G5,oriented,280,0,60,40,40,60,18,0,LWH,G5_408
T008,车型1,G5_410,G5,oriented,280,0,120,40,40,60,18,0,LWH,G5_409
T008,车型1,G5_411,G5,oriented,280,40,0,40,40,60,18,0,LWH,
T008,车型1,G5_412,G5,oriented,280,40,60,40,40,60,18,0,LWH,G5_411
T008,车型1,G5_413,G5,oriented,280,40,120,40,40,60,18,0,LWH,G5_412
T008,车型1,G5_414,G5,oriented,280,80,0,40,40,60,18,0,LWH,
T008,车型1,G5_415,G5,oriented,280,80,60,40,40,60,18,0,LWH,G5_414
T008,车型1,G5_416,G5,oriented,280,80,120,40,40,60,18,0,LWH,G5_415
T008,车型1,G5_417,G5,oriented,280,120,0,40,40,60,18,0,LWH,
T008,车型1,G5_418,G5,oriented,280,120,60,40,40,60,18,0,LWH,G5_417
T008,车型1,G5_419,G5,oriented,280,120,120,40,40,60,18,0,LWH,G5_418
T008,车型1,G5_420,G5,oriented,280,160,0,40,40,60,18,0,LWH,
T008,车型1,G5_421,G5,oriented,280,160,60,40,40,60,18,0,LWH,G5_420
T008,车型1,G5_422,G5,oriented,280,160,120,40,40,60,18,0,LWH,G5_421
T008,车型1,G5_423,G5,oriented,320,0,0,40,40,60,18,0,LWH,
T008,车型1,G5_424,G5,oriented,320,0,60,40,40,60,18,0,LWH,G5_423
T008,车型1,G5_425,G5,oriented,320,0,120,40,40,60,18,0,LWH,G5_424
T008,车型1,G5_426,G5,oriented,320,40,0,40,40,60,18,0,LWH,
T008,车型1,G5_427,G5,oriented,320,40,60,40,40,60,18,0,LWH,G5_426
T008,车型1,G5_428,G5,oriented,320,40,120,40,40,60,18,0,LWH,G5_427
T008,车型1,G5_429,G5,oriented,320,80,0,40,40,60,18,0,LWH,
T008,车型1,G5_430,G5,oriented,320,80,60,40,40,60,18,0,LWH,G5_429
T008,车型1,G5_431,G5,oriented,320,80,120,40,40,60,18,0,LWH,G5_430
T008,车型1,G5_432,G5,oriented,320,120,0,40,40,60,18,0,LWH,
T008,车型1,G5_433,G5,oriented,320,120,60,40,40,60,18,0,LWH,G5_432
T008,车型1,G5_434,G5,oriented,320,120,120,40,40,60,18,0,LWH,G5_433
T008,车型1,G5_435,G5,oriented,320,160,0,40,40,60,18,0,LWH,
T008,车型1,G5_436,G5,oriented,320,160,60,40,40,60,18,0,LWH,G5_435
T008,车型1,G5_437,G5,oriented,320,160,120,40,40,60,18,0,LWH,G5_436
T008,车型1,G5_438,G5,oriented,360,0,0,40,40,60,18,0,LWH,
T008,车型1,G5_439,G5,oriented,360,0,60,40,40,60,18,0,LWH,G5_438
T008,车型1,G5_440,G5,oriented,360,0,120,40,40,60,18,0,LWH,G5_439
T008,车型1,G5_441,G5,oriented,360,40,0,40,40,60,18,0,LWH,
T008,车型1,G5_442,G5,oriented,360,40,60,40,40,60,18,0,LWH,G5_441
T008,车型1,G5_443,G5,oriented,360,40,120,40,40,60,18,0,LWH,G5_442
T008,车型1,G5_444,G5,oriented,360,80,0,40,40,60,18,0,LWH,
T008,车型1,G5_445,G5,oriented,360,80,60,40,40,60,18,0,LWH,G5_444
T008,车型1,G5_446,G5,oriented,360,80,120,40,40,60,18,0,LWH,G5_445
T008,车型1,G5_447,G5,oriented,360,120,0,40,40,60,18,0,LWH,
T008,车型1,G5_448,G5,oriented,360,120,60,40,40,60,18,0,LWH,G5_447
T008,车型1,G5_449,G5,oriented,360,120,120,40,40,60,18,0,LWH,G5_448
T008,车型1,G5_450,G5,oriented,360,160,0,40,40,60,18,0,LWH,
T008,车型1,G5_451,G5,oriented,360,160,60,40,40,60,18,0,LWH,G5_450
T008,车型1,G5_452,G5,oriented,360,160,120,40,40,60,18,0,LWH,G5_451
T009,车型1,G5_153,G5,oriented,0,0,0,40,40,60,18,0,LWH,
T009,车型1,G5_154,G5,oriented,0,0,60,40,40,60,18,0,LWH,G5_153
T009,车型1,G5_155,G5,oriented,0,0,120,40,40,60,18,0,LWH,G5_154
T009,车型1,G5_156,G5,oriented,0,40,0,40,40,60,18,0,LWH,
T009,车型1,G5_157,G5,oriented,0,40,60,40,40,60,18,0,LWH,G5_156
T009,车型1,G5_158,G5,oriented,0,40,120,40,40,60,18,0,LWH,G5_157
T009,车型1,G5_159,G5,oriented,0,80,0,40,40,60,18,0,LWH,
T009,车型1,G5_160,G5,oriented,0,80,60,40,40,60,18,0,LWH,G5_159
T009,车型1,G5_161,G5,oriented,0,80,120,40,40,60,18,0,LWH,G5_160
T009,车型1,G5_162,G5,oriented,0,120,0,40,40,60,18,0,LWH,
T009,车型1,G5_163,G5,oriented,0,120,60,40,40,60,18,0,LWH,G5_162
T009,车型1,G5_164,G5,oriented,0,120,120,40,40,60,18,0,LWH,G5_163
T009,车型1,G5_165,G5,oriented,0,160,0,40,40,60,18,0,LWH,
T009,车型1,G5_166,G5,oriented,0,160,60,40,40,60,18,0,LWH,G5_165
T009,车型1,G5_167,G5,oriented,0,160,120,40,40,60,18,0,LWH,G5_166
T009,车型1,G5_168,G5,oriented,40,0,0,40,40,60,18,0,LWH,
T009,车型1,G5_169,G5,oriented,40,0,60,40,40,60,18,0,LWH,G5_168
T009,车型1,G5_170,G5,oriented,40,0,120,40,40,60,18,0,LWH,G5_169
T009,车型1,G5_171,G5,oriented,40,40,0,40,40,60,18,0,LWH,
T009,车型1,G5_172,G5,oriented,40,40,60,40,40,60,18,0,LWH,G5_171
T009,车型1,G5_173,G5,oriented,40,40,120,40,40,60,18,0,LWH,G5_172
T009,车型1,G5_174,G5,oriented,40,80,0,40,40,60,18,0,LWH,
T009,车型1,G5_175,G5,oriented,40,80,60,40,40,60,18,0,LWH,G5_174
T009,车型1,G5_176,G5,oriented,40,80,120,40,40,60,18,0,LWH,G5_175
T009,车型1,G5_177,G5,oriented,40,120,0,40,40,60,18,0,LWH,
T009,车型1,G5_178,G5,oriented,40,120,60,40,40,60,18,0,LWH,G5_177
T009,车型1,G5_179,G5,oriented,40,120,120,40,40,60,18,0,LWH,G5_178
T009,车型1,G5_180,G5,oriented,40,160,0,40,40,60,18,0,LWH,
T009,车型1,G5_181,G5,oriented,40,160,60,40,40,60,18,0,LWH,G5_180
T009,车型1,G5_182,G5,oriented,40,160,120,40,40,60,18,0,LWH,G5_181
T009,车型1,G5_183,G5,oriented,80,0,0,40,40,60,18,0,LWH,
T009,车型1,G5_184,G5,oriented,80,0,60,40,40,60,18,0,LWH,G5_183
T009,车型1,G5_185,G5,oriented,80,0,120,40,40,60,18,0,LWH,G5_184
T009,车型1,G5_186,G5,oriented,80,40,0,40,40,60,18,0,LWH,
T009,车型1,G5_187,G5,oriented,80,40,60,40,40,60,18,0,LWH,G5_186
T009,车型1,G5_188,G5,oriented,80,40,120,40,40,60,18,0,LWH,G5_187
T009,车型1,G5_189,G5,oriented,80,80,0,40,40,60,18,0,LWH,
T009,车型1,G5_190,G5,oriented,80,80,60,40,40,60,18,0,LWH,G5_189
T009,车型1,G5_191,G5,oriented,80,80,120,40,40,60,18,0,LWH,G5_190
T009,车型1,G5_192,G5,oriented,80,120,0,40,40,60,18,0,LWH,
T009,车型1,G5_193,G5,oriented,80,120,60,40,40,60,18,0,LWH,G5_192
T009,车型1,G5_194,G5,oriented,80,120,120,40,40,60,18,0,LWH,G5_193
T009,车型1,G5_195,G5,oriented,80,160,0,40,40,60,18,0,LWH,
T009,车型1,G5_196,G5,oriented,80,160,60,40,40,60,18,0,LWH,G5_195
T009,车型1,G5_197,G5,oriented,80,160,120,40,40,60,18,0,LWH,G5_196
T009,车型1,G5_198,G5,oriented,120,0,0,40,40,60,18,0,LWH,
T009,车型1,G5_199,G5,oriented,120,0,60,40,40,60,18,0,LWH,G5_198
T009,车型1,G5_200,G5,oriented,120,0,120,40,40,60,18,0,LWH,G5_199
T009,车型1,G5_201,G5,oriented,120,40,0,40,40,60,18,0,LWH,
T009,车型1,G5_202,G5,oriented,120,40,60,40,40,60,18,0,LWH,G5_201
T009,车型1,G5_203,G5,oriented,120,40,120,40,40,60,18,0,LWH,G5_202
T009,车型1,G5_204,G5,oriented,120,80,0,40,40,60,18,0,LWH,
T009,车型1,G5_205,G5,oriented,120,80,60,40,40,60,18,0,LWH,G5_204
T009,车型1,G5_206,G5,oriented,120,80,120,40,40,60,18,0,LWH,G5_205
T009,车型1,G5_207,G5,oriented,120,120,0,40,40,60,18,0,LWH,
T009,车型1,G5_208,G5,oriented,120,120,60,40,40,60,18,0,LWH,G5_207
T009,车型1,G5_209,G5,oriented,120,120,120,40,40,60,18,0,LWH,G5_208
T009,车型1,G5_210,G5,oriented,120,160,0,40,40,60,18,0,LWH,
T009,车型1,G5_211,G5,oriented,120,160,60,40,40,60,18,0,LWH,G5_210
T009,车型1,G5_212,G5,oriented,120,160,120,40,40,60,18,0,LWH,G5_211
T009,车型1,G5_213,G5,oriented,160,0,0,40,40,60,18,0,LWH,
T009,车型1,G5_214,G5,oriented,160,0,60,40,40,60,18,0,LWH,G5_213
T009,车型1,G5_215,G5,oriented,160,0,120,40,40,60,18,0,LWH,G5_214
T009,车型1,G5_216,G5,oriented,160,40,0,40,40,60,18,0,LWH,
T009,车型1,G5_217,G5,oriented,160,40,60,40,40,60,18,0,LWH,G5_216
T009,车型1,G5_218,G5,oriented,160,40,120,40,40,60,18,0,LWH,G5_217
T009,车型1,G5_219,G5,oriented,160,80,0,40,40,60,18,0,LWH,
T009,车型1,G5_220,G5,oriented,160,80,60,40,40,60,18,0,LWH,G5_219
T009,车型1,G5_221,G5,oriented,160,80,120,40,40,60,18,0,LWH,G5_220
T009,车型1,G5_222,G5,oriented,160,120,0,40,40,60,18,0,LWH,
T009,车型1,G5_223,G5,oriented,160,120,60,40,40,60,18,0,LWH,G5_222
T009,车型1,G5_224,G5,oriented,160,120,120,40,40,60,18,0,LWH,G5_223
T009,车型1,G5_225,G5,oriented,160,160,0,40,40,60,18,0,LWH,
T009,车型1,G5_226,G5,oriented,160,160,60,40,40,60,18,0,LWH,G5_225
T009,车型1,G5_227,G5,oriented,160,160,120,40,40,60,18,0,LWH,G5_226
T009,车型1,G5_228,G5,oriented,200,0,0,40,40,60,18,0,LWH,
T009,车型1,G5_229,G5,oriented,200,0,60,40,40,60,18,0,LWH,G5_228
T009,车型1,G5_230,G5,oriented,200,0,120,40,40,60,18,0,LWH,G5_229
T009,车型1,G5_231,G5,oriented,200,40,0,40,40,60,18,0,LWH,
T009,车型1,G5_232,G5,oriented,200,40,60,40,40,60,18,0,LWH,G5_231
T009,车型1,G5_233,G5,oriented,200,40,120,40,40,60,18,0,LWH,G5_232
T009,车型1,G5_234,G5,oriented,200,80,0,40,40,60,18,0,LWH,
T009,车型1,G5_235,G5,oriented,200,80,60,40,40,60,18,0,LWH,G5_234
T009,车型1,G5_236,G5,oriented,200,80,120,40,40,60,18,0,LWH,G5_235
T009,车型1,G5_237,G5,oriented,200,120,0,40,40,60,18,0,LWH,
T009,车型1,G5_238,G5,oriented,200,120,60,40,40,60,18,0,LWH,G5_237
T009,车型1,G5_239,G5,oriented,200,120,120,40,40,60,18,0,LWH,G5_238
T009,车型1,G5_240,G5,oriented,200,160,0,40,40,60,18,0,LWH,
T009,车型1,G5_241,G5,oriented,200,160,60,40,40,60,18,0,LWH,G5_240
T009,车型1,G5_242,G5,oriented,200,160,120,40,40,60,18,0,LWH,G5_241
T009,车型1,G5_243,G5,oriented,240,0,0,40,40,60,18,0,LWH,
T009,车型1,G5_244,G5,oriented,240,0,60,40,40,60,18,0,LWH,G5_243
T009,车型1,G5_245,G5,oriented,240,0,120,40,40,60,18,0,LWH,G5_244
T009,车型1,G5_246,G5,oriented,240,40,0,40,40,60,18,0,LWH,
T009,车型1,G5_247,G5,oriented,240,40,60,40,40,60,18,0,LWH,G5_246
T009,车型1,G5_248,G5,oriented,240,40,120,40,40,60,18,0,LWH,G5_247
T009,车型1,G5_249,G5,oriented,240,80,0,40,40,60,18,0,LWH,
T009,车型1,G5_250,G5,oriented,240,80,60,40,40,60,18,0,LWH,G5_249
T009,车型1,G5_251,G5,oriented,240,80,120,40,40,60,18,0,LWH,G5_250
T009,车型1,G5_252,G5,oriented,240,120,0,40,40,60,18,0,LWH,
T009,车型1,G5_253,G5,oriented,240,120,60,40,40,60,18,0,LWH,G5_252
T009,车型1,G5_254,G5,oriented,240,120,120,40,40,60,18,0,LWH,G5_253
T009,车型1,G5_255,G5,oriented,240,160,0,40,40,60,18,0,LWH,
T009,车型1,G5_256,G5,oriented,240,160,60,40,40,60,18,0,LWH,G5_255
T009,车型1,G5_257,G5,oriented,240,160,120,40,40,60,18,0,LWH,G5_256
T009,车型1,G5_258,G5,oriented,280,0,0,40,40,60,18,0,LWH,
T009,车型1,G5_259,G5,oriented,280,0,60,40,40,60,18,0,LWH,G5_258
T009,车型1,G5_260,G5,oriented,280,0,120,40,40,60,18,0,LWH,G5_259
T009,车型1,G5_261,G5,oriented,280,40,0,40,40,60,18,0,LWH,
T009,车型1,G5_262,G5,oriented,280,40,60,40,40,60,18,0,LWH,G5_261
T009,车型1,G5_263,G5,oriented,280,40,120,40,40,60,18,0,LWH,G5_262
T009,车型1,G5_264,G5,oriented,280,80,0,40,40,60,18,0,LWH,
T009,车型1,G5_265,G5,oriented,280,80,60,40,40,60,18,0,LWH,G5_264
T009,车型1,G5_266,G5,oriented,280,80,120,40,40,60,18,0,LWH,G5_265
T009,车型1,G5_267,G5,oriented,280,120,0,40,40,60,18,0,LWH,
T009,车型1,G5_268,G5,oriented,280,120,60,40,40,60,18,0,LWH,G5_267
T009,车型1,G5_269,G5,oriented,280,120,120,40,40,60,18,0,LWH,G5_268
T009,车型1,G5_270,G5,oriented,280,160,0,40,40,60,18,0,LWH,
T009,车型1,G5_271,G5,oriented,280,160,60,40,40,60,18,0,LWH,G5_270
T009,车型1,G5_272,G5,oriented,280,160,120,40,40,60,18,0,LWH,G5_271
T009,车型1,G5_273,G5,oriented,320,0,0,40,40,60,18,0,LWH,
T009,车型1,G5_274,G5,oriented,320,0,60,40,40,60,18,0,LWH,G5_273
T009,车型1,G5_275,G5,oriented,320,0,120,40,40,60,18,0,LWH,G5_274
T009,车型1,G5_276,G5,oriented,320,40,0,40,40,60,18,0,LWH,
T009,车型1,G5_277,G5,oriented,320,40,60,40,40,60,18,0,LWH,G5_276
T009,车型1,G5_278,G5,oriented,320,40,120,40,40,60,18,0,LWH,G5_277
T009,车型1,G5_279,G5,oriented,320,80,0,40,40,60,18,0,LWH,
T009,车型1,G5_280,G5,oriented,320,80,60,40,40,60,18,0,LWH,G5_279
T009,车型1,G5_281,G5,oriented,320,80,120,40,40,60,18,0,LWH,G5_280
T009,车型1,G5_282,G5,oriented,320,120,0,40,40,60,18,0,LWH,
T009,车型1,G5_283,G5,oriented,320,120,60,40,40,60,18,0,LWH,G5_282
T009,车型1,G5_284,G5,oriented,320,120,120,40,40,60,18,0,LWH,G5_283
T009,车型1,G5_285,G5,oriented,320,160,0,40,40,60,18,0,LWH,
T009,车型1,G5_286,G5,oriented,320,160,60,40,40,60,18,0,LWH,G5_285
T009,车型1,G5_287,G5,oriented,320,160,120,40,40,60,18,0,LWH,G5_286
T009,车型1,G5_288,G5,oriented,360,0,0,40,40,60,18,0,LWH,
T009,车型1,G5_289,G5,oriented,360,0,60,40,40,60,18,0,LWH,G5_288
T009,车型1,G5_290,G5,oriented,360,0,120,40,40,60,18,0,LWH,G5_289
T009,车型1,G5_291,G5,oriented,360,40,0,40,40,60,18,0,LWH,
T009,车型1,G5_292,G5,oriented,360,40,60,40,40,60,18,0,LWH,G5_291
T009,车型1,G5_293,G5,oriented,360,40,120,40,40,60,18,0,LWH,G5_292
T009,车型1,G5_294,G5,oriented,360,80,0,40,40,60,18,0,LWH,
T009,车型1,G5_295,G5,oriented,360,80,60,40,40,60,18,0,LWH,G5_294
T009,车型1,G5_296,G5,oriented,360,80,120,40,40,60,18,0,LWH,G5_295
T009,车型1,G5_297,G5,oriented,360,120,0,40,40,60,18,0,LWH,
T009,车型1,G5_298,G5,oriented,360,120,60,40,40,60,18,0,LWH,G5_297
T009,车型1,G5_299,G5,oriented,360,120,120,40,40,60,18,0,LWH,G5_298
T009,车型1,G5_300,G5,oriented,360,160,0,40,40,60,18,0,LWH,
T009,车型1,G5_301,G5,oriented,360,160,60,40,40,60,18,0,LWH,G5_300
T009,车型1,G5_302,G5,oriented,360,160,120,40,40,60,18,0,LWH,G5_301
T010,车型1,G5_003,G5,oriented,0,0,0,40,40,60,18,0,LWH,
T010,车型1,G5_004,G5,oriented,0,0,60,40,40,60,18,0,LWH,G5_003
T010,车型1,G5_005,G5,oriented,0,0,120,40,40,60,18,0,LWH,G5_004
T010,车型1,G5_006,G5,oriented,0,40,0,40,40,60,18,0,LWH,
T010,车型1,G5_007,G5,oriented,0,40,60,40,40,60,18,0,LWH,G5_006
T010,车型1,G5_008,G5,oriented,0,40,120,40,40,60,18,0,LWH,G5_007
T010,车型1,G5_009,G5,oriented,0,80,0,40,40,60,18,0,LWH,
T010,车型1,G5_010,G5,oriented,0,80,60,40,40,60,18,0,LWH,G5_009
T010,车型1,G5_011,G5,oriented,0,80,120,40,40,60,18,0,LWH,G5_010
T010,车型1,G5_012,G5,oriented,0,120,0,40,40,60,18,0,LWH,
T010,车型1,G5_013,G5,oriented,0,120,60,40,40,60,18,0,LWH,G5_012
T010,车型1,G5_014,G5,oriented,0,120,120,40,40,60,18,0,LWH,G5_013
T010,车型1,G5_015,G5,oriented,0,160,0,40,40,60,18,0,LWH,
T010,车型1,G5_016,G5,oriented,0,160,60,40,40,60,18,0,LWH,G5_015
T010,车型1,G5_017,G5,oriented,0,160,120,40,40,60,18,0,LWH,G5_016
T010,车型1,G5_018,G5,oriented,40,0,0,40,40,60,18,0,LWH,
T010,车型1,G5_019,G5,oriented,40,0,60,40,40,60,18,0,LWH,G5_018
T010,车型1,G5_020,G5,oriented,40,0,120,40,40,60,18,0,LWH,G5_019
T010,车型1,G5_021,G5,oriented,40,40,0,40,40,60,18,0,LWH,
T010,车型1,G5_022,G5,oriented,40,40,60,40,40,60,18,0,LWH,G5_021
T010,车型1,G5_023,G5,oriented,40,40,120,40,40,60,18,0,LWH,G5_022
T010,车型1,G5_024,G5,oriented,40,80,0,40,40,60,18,0,LWH,
T010,车型1,G5_025,G5,oriented,40,80,60,40,40,60,18,0,LWH,G5_024
T010,车型1,G5_026,G5,oriented,40,80,120,40,40,60,18,0,LWH,G5_025
T010,车型1,G5_027,G5,oriented,40,120,0,40,40,60,18,0,LWH,
T010,车型1,G5_028,G5,oriented,40,120,60,40,40,60,18,0,LWH,G5_027
T010,车型1,G5_029,G5,oriented,40,120,120,40,40,60,18,0,LWH,G5_028
T010,车型1,G5_030,G5,oriented,40,160,0,40,40,60,18,0,LWH,
T010,车型1,G5_031,G5,oriented,40,160,60,40,40,60,18,0,LWH,G5_030
T010,车型1,G5_032,G5,oriented,40,160,120,40,40,60,18,0,LWH,G5_031
T010,车型1,G5_033,G5,oriented,80,0,0,40,40,60,18,0,LWH,
T010,车型1,G5_034,G5,oriented,80,0,60,40,40,60,18,0,LWH,G5_033
T010,车型1,G5_035,G5,oriented,80,0,120,40,40,60,18,0,LWH,G5_034
T010,车型1,G5_036,G5,oriented,80,40,0,40,40,60,18,0,LWH,
T010,车型1,G5_037,G5,oriented,80,40,60,40,40,60,18,0,LWH,G5_036
T010,车型1,G5_038,G5,oriented,80,40,120,40,40,60,18,0,LWH,G5_037
T010,车型1,G5_039,G5,oriented,80,80,0,40,40,60,18,0,LWH,
T010,车型1,G5_040,G5,oriented,80,80,60,40,40,60,18,0,LWH,G5_039
T010,车型1,G5_041,G5,oriented,80,80,120,40,40,60,18,0,LWH,G5_040
T010,车型1,G5_042,G5,oriented,80,120,0,40,40,60,18,0,LWH,
T010,车型1,G5_043,G5,oriented,80,120,60,40,40,60,18,0,LWH,G5_042
T010,车型1,G5_044,G5,oriented,80,120,120,40,40,60,18,0,LWH,G5_043
T010,车型1,G5_045,G5,oriented,80,160,0,40,40,60,18,0,LWH,
T010,车型1,G5_046,G5,oriented,80,160,60,40,40,60,18,0,LWH,G5_045
T010,车型1,G5_047,G5,oriented,80,160,120,40,40,60,18,0,LWH,G5_046
T010,车型1,G5_048,G5,oriented,120,0,0,40,40,60,18,0,LWH,
T010,车型1,G5_049,G5,oriented,120,0,60,40,40,60,18,0,LWH,G5_048
T010,车型1,G5_050,G5,oriented,120,0,120,40,40,60,18,0,LWH,G5_049
T010,车型1,G5_051,G5,oriented,120,40,0,40,40,60,18,0,LWH,
T010,车型1,G5_052,G5,oriented,120,40,60,40,40,60,18,0,LWH,G5_051
T010,车型1,G5_053,G5,oriented,120,40,120,40,40,60,18,0,LWH,G5_052
T010,车型1,G5_054,G5,oriented,120,80,0,40,40,60,18,0,LWH,
T010,车型1,G5_055,G5,oriented,120,80,60,40,40,60,18,0,LWH,G5_054
T010,车型1,G5_056,G5,oriented,120,80,120,40,40,60,18,0,LWH,G5_055
T010,车型1,G5_057,G5,oriented,120,120,0,40,40,60,18,0,LWH,
T010,车型1,G5_058,G5,oriented,120,120,60,40,40,60,18,0,LWH,G5_057
T010,车型1,G5_059,G5,oriented,120,120,120,40,40,60,18,0,LWH,G5_058
T010,车型1,G5_060,G5,oriented,120,160,0,40,40,60,18,0,LWH,
T010,车型1,G5_061,G5,oriented,120,160,60,40,40,60,18,0,LWH,G5_060
T010,车型1,G5_062,G5,oriented,120,160,120,40,40,60,18,0,LWH,G5_061
T010,车型1,G5_063,G5,oriented,160,0,0,40,40,60,18,0,LWH,
T010,车型1,G5_064,G5,oriented,160,0,60,40,40,60,18,0,LWH,G5_063
T010,车型1,G5_065,G5,oriented,160,0,120,40,40,60,18,0,LWH,G5_064
T010,车型1,G5_066,G5,oriented,160,40,0,40,40,60,18,0,LWH,
T010,车型1,G5_067,G5,oriented,160,40,60,40,40,60,18,0,LWH,G5_066
T010,车型1,G5_068,G5,oriented,160,40,120,40,40,60,18,0,LWH,G5_067
T010,车型1,G5_069,G5,oriented,160,80,0,40,40,60,18,0,LWH,
T010,车型1,G5_070,G5,oriented,160,80,60,40,40,60,18,0,LWH,G5_069
T010,车型1,G5_071,G5,oriented,160,80,120,40,40,60,18,0,LWH,G5_070
T010,车型1,G5_072,G5,oriented,160,120,0,40,40,60,18,0,LWH,
T010,车型1,G5_073,G5,oriented,160,120,60,40,40,60,18,0,LWH,G5_072
T010,车型1,G5_074,G5,oriented,160,120,120,40,40,60,18,0,LWH,G5_073
T010,车型1,G5_075,G5,oriented,160,160,0,40,40,60,18,0,LWH,
T010,车型1,G5_076,G5,oriented,160,160,60,40,40,60,18,0,LWH,G5_075
T010,车型1,G5_077,G5,oriented,160,160,120,40,40,60,18,0,LWH,G5_076
T010,车型1,G5_078,G5,oriented,200,0,0,40,40,60,18,0,LWH,
T010,车型1,G5_079,G5,oriented,200,0,60,40,40,60,18,0,LWH,G5_078
T010,车型1,G5_080,G5,oriented,200,0,120,40,40,60,18,0,LWH,G5_079
T010,车型1,G5_081,G5,oriented,200,40,0,40,40,60,18,0,LWH,
T010,车型1,G5_082,G5,oriented,200,40,60,40,40,60,18,0,LWH,G5_081
T010,车型1,G5_083,G5,oriented,200,40,120,40,40,60,18,0,LWH,G5_082
T010,车型1,G5_084,G5,oriented,200,80,0,40,40,60,18,0,LWH,
T010,车型1,G5_085,G5,oriented,200,80,60,40,40,60,18,0,LWH,G5_084
T010,车型1,G5_086,G5,oriented,200,80,120,40,40,60,18,0,LWH,G5_085
T010,车型1,G5_087,G5,oriented,200,120,0,40,40,60,18,0,LWH,
T010,车型1,G5_088,G5,oriented,200,120,60,40,40,60,18,0,LWH,G5_087
T010,车型1,G5_089,G5,oriented,200,120,120,40,40,60,18,0,LWH,G5_088
T010,车型1,G5_090,G5,oriented,200,160,0,40,40,60,18,0,LWH,
T010,车型1,G5_091,G5,oriented,200,160,60,40,40,60,18,0,LWH,G5_090
T010,车型1,G5_092,G5,oriented,200,160,120,40,40,60,18,0,LWH,G5_091
T010,车型1,G5_093,G5,oriented,240,0,0,40,40,60,18,0,LWH,
T010,车型1,G5_094,G5,oriented,240,0,60,40,40,60,18,0,LWH,G5_093
T010,车型1,G5_095,G5,oriented,240,0,120,40,40,60,18,0,LWH,G5_094
T010,车型1,G5_096,G5,oriented,240,40,0,40,40,60,18,0,LWH,
T010,车型1,G5_097,G5,oriented,240,40,60,40,40,60,18,0,LWH,G5_096
T010,车型1,G5_098,G5,oriented,240,40,120,40,40,60,18,0,LWH,G5_097
T010,车型1,G5_099,G5,oriented,240,80,0,40,40,60,18,0,LWH,
T010,车型1,G5_100,G5,oriented,240,80,60,40,40,60,18,0,LWH,G5_099
T010,车型1,G5_101,G5,oriented,240,80,120,40,40,60,18,0,LWH,G5_100
T010,车型1,G5_102,G5,oriented,240,120,0,40,40,60,18,0,LWH,
T010,车型1,G5_103,G5,oriented,240,120,60,40,40,60,18,0,LWH,G5_102
T010,车型1,G5_104,G5,oriented,240,120,120,40,40,60,18,0,LWH,G5_103
T010,车型1,G5_105,G5,oriented,240,160,0,40,40,60,18,0,LWH,
T010,车型1,G5_106,G5,oriented,240,160,60,40,40,60,18,0,LWH,G5_105
T010,车型1,G5_107,G5,oriented,240,160,120,40,40,60,18,0,LWH,G5_106
T010,车型1,G5_108,G5,oriented,280,0,0,40,40,60,18,0,LWH,
T010,车型1,G5_109,G5,oriented,280,0,60,40,40,60,18,0,LWH,G5_108
T010,车型1,G5_110,G5,oriented,280,0,120,40,40,60,18,0,LWH,G5_109
T010,车型1,G5_111,G5,oriented,280,40,0,40,40,60,18,0,LWH,
T010,车型1,G5_112,G5,oriented,280,40,60,40,40,60,18,0,LWH,G5_111
T010,车型1,G5_113,G5,oriented,280,40,120,40,40,60,18,0,LWH,G5_112
T010,车型1,G5_114,G5,oriented,280,80,0,40,40,60,18,0,LWH,
T010,车型1,G5_115,G5,oriented,280,80,60,40,40,60,18,0,LWH,G5_114
T010,车型1,G5_116,G5,oriented,280,80,120,40,40,60,18,0,LWH,G5_115
T010,车型1,G5_117,G5,oriented,280,120,0,40,40,60,18,0,LWH,
T010,车型1,G5_118,G5,oriented,280,120,60,40,40,60,18,0,LWH,G5_117
T010,车型1,G5_119,G5,oriented,280,120,120,40,40,60,18,0,LWH,G5_118
T010,车型1,G5_120,G5,oriented,280,160,0,40,40,60,18,0,LWH,
T010,车型1,G5_121,G5,oriented,280,160,60,40,40,60,18,0,LWH,G5_120
T010,车型1,G5_122,G5,oriented,280,160,120,40,40,60,18,0,LWH,G5_121
T010,车型1,G5_123,G5,oriented,320,0,0,40,40,60,18,0,LWH,
T010,车型1,G5_124,G5,oriented,320,0,60,40,40,60,18,0,LWH,G5_123
T010,车型1,G5_125,G5,oriented,320,0,120,40,40,60,18,0,LWH,G5_124
T010,车型1,G5_126,G5,oriented,320,40,0,40,40,60,18,0,LWH,
T010,车型1,G5_127,G5,oriented,320,40,60,40,40,60,18,0,LWH,G5_126
T010,车型1,G5_128,G5,oriented,320,40,120,40,40,60,18,0,LWH,G5_127
T010,车型1,G5_129,G5,oriented,320,80,0,40,40,60,18,0,LWH,
T010,车型1,G5_130,G5,oriented,320,80,60,40,40,60,18,0,LWH,G5_129
T010,车型1,G5_131,G5,oriented,320,80,120,40,40,60,18,0,LWH,G5_130
T010,车型1,G5_132,G5,oriented,320,120,0,40,40,60,18,0,LWH,
T010,车型1,G5_133,G5,oriented,320,120,60,40,40,60,18,0,LWH,G5_132
T010,车型1,G5_134,G5,oriented,320,120,120,40,40,60,18,0,LWH,G5_133
T010,车型1,G5_135,G5,oriented,320,160,0,40,40,60,18,0,LWH,
T010,车型1,G5_136,G5,oriented,320,160,60,40,40,60,18,0,LWH,G5_135
T010,车型1,G5_137,G5,oriented,320,160,120,40,40,60,18,0,LWH,G5_136
T010,车型1,G5_138,G5,oriented,360,0,0,40,40,60,18,0,LWH,
T010,车型1,G5_139,G5,oriented,360,0,60,40,40,60,18,0,LWH,G5_138
T010,车型1,G5_140,G5,oriented,360,0,120,40,40,60,18,0,LWH,G5_139
T010,车型1,G5_141,G5,oriented,360,40,0,40,40,60,18,0,LWH,
T010,车型1,G5_142,G5,oriented,360,40,60,40,40,60,18,0,LWH,G5_141
T010,车型1,G5_143,G5,oriented,360,40,120,40,40,60,18,0,LWH,G5_142
T010,车型1,G5_144,G5,oriented,360,80,0,40,40,60,18,0,LWH,
T010,车型1,G5_145,G5,oriented,360,80,60,40,40,60,18,0,LWH,G5_144
T010,车型1,G5_146,G5,oriented,360,80,120,40,40,60,18,0,LWH,G5_145
T010,车型1,G5_147,G5,oriented,360,120,0,40,40,60,18,0,LWH,
T010,车型1,G5_148,G5,oriented,360,120,60,40,40,60,18,0,LWH,G5_147
T010,车型1,G5_149,G5,oriented,360,120,120,40,40,60,18,0,LWH,G5_148
T010,车型1,G5_150,G5,oriented,360,160,0,40,40,60,18,0,LWH,
T010,车型1,G5_151,G5,oriented,360,160,60,40,40,60,18,0,LWH,G5_150
T010,车型1,G5_152,G5,oriented,360,160,120,40,40,60,18,0,LWH,G5_151
T011,车型1,G3_278,G3,fragile,0,0,0,70,50,40,15,0,LWH,
T011,车型1,G3_279,G3,fragile,0,50,0,70,50,40,15,0,LWH,
T011,车型1,G3_280,G3,fragile,0,100,0,70,50,40,15,0,LWH,
T011,车型1,G3_281,G3,fragile,0,150,0,70,50,40,15,0,LWH,
T011,车型1,G3_282,G3,fragile,70,0,0,70,50,40,15,0,LWH,
T011,车型1,G3_283,G3,fragile,70,50,0,70,50,40,15,0,LWH,
T011,车型1,G3_284,G3,fragile,70,100,0,70,50,40,15,0,LWH,
T011,车型1,G3_285,G3,fragile,70,150,0,70,50,40,15,0,LWH,
T011,车型1,G3_286,G3,fragile,140,0,0,70,50,40,15,0,LWH,
T011,车型1,G3_287,G3,fragile,140,50,0,70,50,40,15,0,LWH,
T011,车型1,G3_288,G3,fragile,140,100,0,70,50,40,15,0,LWH,
T011,车型1,G3_289,G3,fragile,140,150,0,70,50,40,15,0,LWH,
T011,车型1,G3_290,G3,fragile,210,0,0,70,50,40,15,0,LWH,
T011,车型1,G3_291,G3,fragile,210,50,0,70,50,40,15,0,LWH,
T011,车型1,G3_292,G3,fragile,210,100,0,70,50,40,15,0,LWH,
T011,车型1,G3_293,G3,fragile,210,150,0,70,50,40,15,0,LWH,
T011,车型1,G3_294,G3,fragile,280,0,0,70,50,40,15,0,LWH,
T011,车型1,G3_295,G3,fragile,280,50,0,70,50,40,15,0,LWH,
T011,车型1,G3_296,G3,fragile,280,100,0,70,50,40,15,0,LWH,
T011,车型1,G3_297,G3,fragile,280,150,0,70,50,40,15,0,LWH,
T011,车型1,G3_298,G3,fragile,350,0,0,70,50,40,15,0,LWH,
T011,车型1,G3_299,G3,fragile,350,50,0,70,50,40,15,0,LWH,
T011,车型1,G3_300,G3,fragile,350,100,0,70,50,40,15,0,LWH,
T011,车型1,G5_001,G5,oriented,350,150,0,40,40,60,18,0,LWH,
T011,车型1,G5_002,G5,oriented,350,150,60,40,40,60,18,0,LWH,G5_001
T012,车型1,G3_254,G3,fragile,0,0,0,70,50,40,15,0,LWH,
T012,车型1,G3_255,G3,fragile,0,50,0,70,50,40,15,0,LWH,
T012,车型1,G3_256,G3,fragile,0,100,0,70,50,40,15,0,LWH,
T012,车型1,G3_257,G3,fragile,0,150,0,70,50,40,15,0,LWH,
T012,车型1,G3_258,G3,fragile,70,0,0,70,50,40,15,0,LWH,
T012,车型1,G3_259,G3,fragile,70,50,0,70,50,40,15,0,LWH,
T012,车型1,G3_260,G3,fragile,70,100,0,70,50,40,15,0,LWH,
T012,车型1,G3_261,G3,fragile,70,150,0,70,50,40,15,0,LWH,
T012,车型1,G3_262,G3,fragile,140,0,0,70,50,40,15,0,LWH,
T012,车型1,G3_263,G3,fragile,140,50,0,70,50,40,15,0,LWH,
T012,车型1,G3_264,G3,fragile,140,100,0,70,50,40,15,0,LWH,
T012,车型1,G3_265,G3,fragile,140,150,0,70,50,40,15,0,LWH,
T012,车型1,G3_266,G3,fragile,210,0,0,70,50,40,15,0,LWH,
T012,车型1,G3_267,G3,fragile,210,50,0,70,50,40,15,0,LWH,
T012,车型1,G3_268,G3,fragile,210,100,0,70,50,40,15,0,LWH,
T012,车型1,G3_269,G3,fragile,210,150,0,70,50,40,15,0,LWH,
T012,车型1,G3_270,G3,fragile,280,0,0,70,50,40,15,0,LWH,
T012,车型1,G3_271,G3,fragile,280,50,0,70,50,40,15,0,LWH,
T012,车型1,G3_272,G3,fragile,280,100,0,70,50,40,15,0,LWH,
T012,车型1,G3_273,G3,fragile,280,150,0,70,50,40,15,0,LWH,
T012,车型1,G3_274,G3,fragile,350,0,0,70,50,40,15,0,LWH,
T012,车型1,G3_275,G3,fragile,350,50,0,70,50,40,15,0,LWH,
T012,车型1,G3_276,G3,fragile,350,100,0,70,50,40,15,0,LWH,
T012,车型1,G3_277,G3,fragile,350,150,0,70,50,40,15,0,LWH,
T013,车型1,G3_230,G3,fragile,0,0,0,70,50,40,15,0,LWH,
T013,车型1,G3_231,G3,fragile,0,50,0,70,50,40,15,0,LWH,
T013,车型1,G3_232,G3,fragile,0,100,0,70,50,40,15,0,LWH,
T013,车型1,G3_233,G3,fragile,0,150,0,70,50,40,15,0,LWH,
T013,车型1,G3_234,G3,fragile,70,0,0,70,50,40,15,0,LWH,
T013,车型1,G3_235,G3,fragile,70,50,0,70,50,40,15,0,LWH,
T013,车型1,G3_236,G3,fragile,70,100,0,70,50,40,15,0,LWH,
T013,车型1,G3_237,G3,fragile,70,150,0,70,50,40,15,0,LWH,
T013,车型1,G3_238,G3,fragile,140,0,0,70,50,40,15,0,LWH,
T013,车型1,G3_239,G3,fragile,140,50,0,70,50,40,15,0,LWH,
T013,车型1,G3_240,G3,fragile,140,100,0,70,50,40,15,0,LWH,
T013,车型1,G3_241,G3,fragile,140,150,0,70,50,40,15,0,LWH,
T013,车型1,G3_242,G3,fragile,210,0,0,70,50,40,15,0,LWH,
T013,车型1,G3_243,G3,fragile,210,50,0,70,50,40,15,0,LWH,
T013,车型1,G3_244,G3,fragile,210,100,0,70,50,40,15,0,LWH,
T013,车型1,G3_245,G3,fragile,210,150,0,70,50,40,15,0,LWH,
T013,车型1,G3_246,G3,fragile,280,0,0,70,50,40,15,0,LWH,
T013,车型1,G3_247,G3,fragile,280,50,0,70,50,40,15,0,LWH,
T013,车型1,G3_248,G3,fragile,280,100,0,70,50,40,15,0,LWH,
T013,车型1,G3_249,G3,fragile,280,150,0,70,50,40,15,0,LWH,
T013,车型1,G3_250,G3,fragile,350,0,0,70,50,40,15,0,LWH,
T013,车型1,G3_251,G3,fragile,350,50,0,70,50,40,15,0,LWH,
T013,车型1,G3_252,G3,fragile,350,100,0,70,50,40,15,0,LWH,
T013,车型1,G3_253,G3,fragile,350,150,0,70,50,40,15,0,LWH,
T014,车型1,G3_206,G3,fragile,0,0,0,70,50,40,15,0,LWH,
T014,车型1,G3_207,G3,fragile,0,50,0,70,50,40,15,0,LWH,
T014,车型1,G3_208,G3,fragile,0,100,0,70,50,40,15,0,LWH,
T014,车型1,G3_209,G3,fragile,0,150,0,70,50,40,15,0,LWH,
T014,车型1,G3_210,G3,fragile,70,0,0,70,50,40,15,0,LWH,
T014,车型1,G3_211,G3,fragile,70,50,0,70,50,40,15,0,LWH,
T014,车型1,G3_212,G3,fragile,70,100,0,70,50,40,15,0,LWH,
T014,车型1,G3_213,G3,fragile,70,150,0,70,50,40,15,0,LWH,
T014,车型1,G3_214,G3,fragile,140,0,0,70,50,40,15,0,LWH,
T014,车型1,G3_215,G3,fragile,140,50,0,70,50,40,15,0,LWH,
T014,车型1,G3_216,G3,fragile,140,100,0,70,50,40,15,0,LWH,
T014,车型1,G3_217,G3,fragile,140,150,0,70,50,40,15,0,LWH,
T014,车型1,G3_218,G3,fragile,210,0,0,70,50,40,15,0,LWH,
T014,车型1,G3_219,G3,fragile,210,50,0,70,50,40,15,0,LWH,
T014,车型1,G3_220,G3,fragile,210,100,0,70,50,40,15,0,LWH,
T014,车型1,G3_221,G3,fragile,210,150,0,70,50,40,15,0,LWH,
T014,车型1,G3_222,G3,fragile,280,0,0,70,50,40,15,0,LWH,
T014,车型1,G3_223,G3,fragile,280,50,0,70,50,40,15,0,LWH,
T014,车型1,G3_224,G3,fragile,280,100,0,70,50,40,15,0,LWH,
T014,车型1,G3_225,G3,fragile,280,150,0,70,50,40,15,0,LWH,
T014,车型1,G3_226,G3,fragile,350,0,0,70,50,40,15,0,LWH,
T014,车型1,G3_227,G3,fragile,350,50,0,70,50,40,15,0,LWH,
T014,车型1,G3_228,G3,fragile,350,100,0,70,50,40,15,0,LWH,
T014,车型1,G3_229,G3,fragile,350,150,0,70,50,40,15,0,LWH,
T015,车型1,G3_182,G3,fragile,0,0,0,70,50,40,15,0,LWH,
T015,车型1,G3_183,G3,fragile,0,50,0,70,50,40,15,0,LWH,
T015,车型1,G3_184,G3,fragile,0,100,0,70,50,40,15,0,LWH,
T015,车型1,G3_185,G3,fragile,0,150,0,70,50,40,15,0,LWH,
T015,车型1,G3_186,G3,fragile,70,0,0,70,50,40,15,0,LWH,
T015,车型1,G3_187,G3,fragile,70,50,0,70,50,40,15,0,LWH,
T015,车型1,G3_188,G3,fragile,70,100,0,70,50,40,15,0,LWH,
T015,车型1,G3_189,G3,fragile,70,150,0,70,50,40,15,0,LWH,
T015,车型1,G3_190,G3,fragile,140,0,0,70,50,40,15,0,LWH,
T015,车型1,G3_191,G3,fragile,140,50,0,70,50,40,15,0,LWH,
T015,车型1,G3_192,G3,fragile,140,100,0,70,50,40,15,0,LWH,
T015,车型1,G3_193,G3,fragile,140,150,0,70,50,40,15,0,LWH,
T015,车型1,G3_194,G3,fragile,210,0,0,70,50,40,15,0,LWH,
T015,车型1,G3_195,G3,fragile,210,50,0,70,50,40,15,0,LWH,
T015,车型1,G3_196,G3,fragile,210,100,0,70,50,40,15,0,LWH,
T015,车型1,G3_197,G3,fragile,210,150,0,70,50,40,15,0,LWH,
T015,车型1,G3_198,G3,fragile,280,0,0,70,50,40,15,0,LWH,
T015,车型1,G3_199,G3,fragile,280,50,0,70,50,40,15,0,LWH,
T015,车型1,G3_200,G3,fragile,280,100,0,70,50,40,15,0,LWH,
T015,车型1,G3_201,G3,fragile,280,150,0,70,50,40,15,0,LWH,
T015,车型1,G3_202,G3,fragile,350,0,0,70,50,40,15,0,LWH,
T015,车型1,G3_203,G3,fragile,350,50,0,70,50,40,15,0,LWH,
T015,车型1,G3_204,G3,fragile,350,100,0,70,50,40,15,0,LWH,
T015,车型1,G3_205,G3,fragile,350,150,0,70,50,40,15,0,LWH,
T016,车型1,G3_158,G3,fragile,0,0,0,70,50,40,15,0,LWH,
T016,车型1,G3_159,G3,fragile,0,50,0,70,50,40,15,0,LWH,
T016,车型1,G3_160,G3,fragile,0,100,0,70,50,40,15,0,LWH,
T016,车型1,G3_161,G3,fragile,0,150,0,70,50,40,15,0,LWH,
T016,车型1,G3_162,G3,fragile,70,0,0,70,50,40,15,0,LWH,
T016,车型1,G3_163,G3,fragile,70,50,0,70,50,40,15,0,LWH,
T016,车型1,G3_164,G3,fragile,70,100,0,70,50,40,15,0,LWH,
T016,车型1,G3_165,G3,fragile,70,150,0,70,50,40,15,0,LWH,
T016,车型1,G3_166,G3,fragile,140,0,0,70,50,40,15,0,LWH,
T016,车型1,G3_167,G3,fragile,140,50,0,70,50,40,15,0,LWH,
T016,车型1,G3_168,G3,fragile,140,100,0,70,50,40,15,0,LWH,
T016,车型1,G3_169,G3,fragile,140,150,0,70,50,40,15,0,LWH,
T016,车型1,G3_170,G3,fragile,210,0,0,70,50,40,15,0,LWH,
T016,车型1,G3_171,G3,fragile,210,50,0,70,50,40,15,0,LWH,
T016,车型1,G3_172,G3,fragile,210,100,0,70,50,40,15,0,LWH,
T016,车型1,G3_173,G3,fragile,210,150,0,70,50,40,15,0,LWH,
T016,车型1,G3_174,G3,fragile,280,0,0,70,50,40,15,0,LWH,
T016,车型1,G3_175,G3,fragile,280,50,0,70,50,40,15,0,LWH,
T016,车型1,G3_176,G3,fragile,280,100,0,70,50,40,15,0,LWH,
T016,车型1,G3_177,G3,fragile,280,150,0,70,50,40,15,0,LWH,
T016,车型1,G3_178,G3,fragile,350,0,0,70,50,40,15,0,LWH,
T016,车型1,G3_179,G3,fragile,350,50,0,70,50,40,15,0,LWH,
T016,车型1,G3_180,G3,fragile,350,100,0,70,50,40,15,0,LWH,
T016,车型1,G3_181,G3,fragile,350,150,0,70,50,40,15,0,LWH,
T017,车型1,G3_134,G3,fragile,0,0,0,70,50,40,15,0,LWH,
T017,车型1,G3_135,G3,fragile,0,50,0,70,50,40,15,0,LWH,
T017,车型1,G3_136,G3,fragile,0,100,0,70,50,40,15,0,LWH,
T017,车型1,G3_137,G3,fragile,0,150,0,70,50,40,15,0,LWH,
T017,车型1,G3_138,G3,fragile,70,0,0,70,50,40,15,0,LWH,
T017,车型1,G3_139,G3,fragile,70,50,0,70,50,40,15,0,LWH,
T017,车型1,G3_140,G3,fragile,70,100,0,70,50,40,15,0,LWH,
T017,车型1,G3_141,G3,fragile,70,150,0,70,50,40,15,0,LWH,
T017,车型1,G3_142,G3,fragile,140,0,0,70,50,40,15,0,LWH,
T017,车型1,G3_143,G3,fragile,140,50,0,70,50,40,15,0,LWH,
T017,车型1,G3_144,G3,fragile,140,100,0,70,50,40,15,0,LWH,
T017,车型1,G3_145,G3,fragile,140,150,0,70,50,40,15,0,LWH,
T017,车型1,G3_146,G3,fragile,210,0,0,70,50,40,15,0,LWH,
T017,车型1,G3_147,G3,fragile,210,50,0,70,50,40,15,0,LWH,
T017,车型1,G3_148,G3,fragile,210,100,0,70,50,40,15,0,LWH,
T017,车型1,G3_149,G3,fragile,210,150,0,70,50,40,15,0,LWH,
T017,车型1,G3_150,G3,fragile,280,0,0,70,50,40,15,0,LWH,
T017,车型1,G3_151,G3,fragile,280,50,0,70,50,40,15,0,LWH,
T017,车型1,G3_152,G3,fragile,280,100,0,70,50,40,15,0,LWH,
T017,车型1,G3_153,G3,fragile,280,150,0,70,50,40,15,0,LWH,
T017,车型1,G3_154,G3,fragile,350,0,0,70,50,40,15,0,LWH,
T017,车型1,G3_155,G3,fragile,350,50,0,70,50,40,15,0,LWH,
T017,车型1,G3_156,G3,fragile,350,100,0,70,50,40,15,0,LWH,
T017,车型1,G3_157,G3,fragile,350,150,0,70,50,40,15,0,LWH,
T018,车型1,G3_110,G3,fragile,0,0,0,70,50,40,15,0,LWH,
T018,车型1,G3_111,G3,fragile,0,50,0,70,50,40,15,0,LWH,
T018,车型1,G3_112,G3,fragile,0,100,0,70,50,40,15,0,LWH,
T018,车型1,G3_113,G3,fragile,0,150,0,70,50,40,15,0,LWH,
T018,车型1,G3_114,G3,fragile,70,0,0,70,50,40,15,0,LWH,
T018,车型1,G3_115,G3,fragile,70,50,0,70,50,40,15,0,LWH,
T018,车型1,G3_116,G3,fragile,70,100,0,70,50,40,15,0,LWH,
T018,车型1,G3_117,G3,fragile,70,150,0,70,50,40,15,0,LWH,
T018,车型1,G3_118,G3,fragile,140,0,0,70,50,40,15,0,LWH,
T018,车型1,G3_119,G3,fragile,140,50,0,70,50,40,15,0,LWH,
T018,车型1,G3_120,G3,fragile,140,100,0,70,50,40,15,0,LWH,
T018,车型1,G3_121,G3,fragile,140,150,0,70,50,40,15,0,LWH,
T018,车型1,G3_122,G3,fragile,210,0,0,70,50,40,15,0,LWH,
T018,车型1,G3_123,G3,fragile,210,50,0,70,50,40,15,0,LWH,
T018,车型1,G3_124,G3,fragile,210,100,0,70,50,40,15,0,LWH,
T018,车型1,G3_125,G3,fragile,210,150,0,70,50,40,15,0,LWH,
T018,车型1,G3_126,G3,fragile,280,0,0,70,50,40,15,0,LWH,
T018,车型1,G3_127,G3,fragile,280,50,0,70,50,40,15,0,LWH,
T018,车型1,G3_128,G3,fragile,280,100,0,70,50,40,15,0,LWH,
T018,车型1,G3_129,G3,fragile,280,150,0,70,50,40,15,0,LWH,
T018,车型1,G3_130,G3,fragile,350,0,0,70,50,40,15,0,LWH,
T018,车型1,G3_131,G3,fragile,350,50,0,70,50,40,15,0,LWH,
T018,车型1,G3_132,G3,fragile,350,100,0,70,50,40,15,0,LWH,
T018,车型1,G3_133,G3,fragile,350,150,0,70,50,40,15,0,LWH,
T019,车型1,G3_086,G3,fragile,0,0,0,70,50,40,15,0,LWH,
T019,车型1,G3_087,G3,fragile,0,50,0,70,50,40,15,0,LWH,
T019,车型1,G3_088,G3,fragile,0,100,0,70,50,40,15,0,LWH,
T019,车型1,G3_089,G3,fragile,0,150,0,70,50,40,15,0,LWH,
T019,车型1,G3_090,G3,fragile,70,0,0,70,50,40,15,0,LWH,
T019,车型1,G3_091,G3,fragile,70,50,0,70,50,40,15,0,LWH,
T019,车型1,G3_092,G3,fragile,70,100,0,70,50,40,15,0,LWH,
T019,车型1,G3_093,G3,fragile,70,150,0,70,50,40,15,0,LWH,
T019,车型1,G3_094,G3,fragile,140,0,0,70,50,40,15,0,LWH,
T019,车型1,G3_095,G3,fragile,140,50,0,70,50,40,15,0,LWH,
T019,车型1,G3_096,G3,fragile,140,100,0,70,50,40,15,0,LWH,
T019,车型1,G3_097,G3,fragile,140,150,0,70,50,40,15,0,LWH,
T019,车型1,G3_098,G3,fragile,210,0,0,70,50,40,15,0,LWH,
T019,车型1,G3_099,G3,fragile,210,50,0,70,50,40,15,0,LWH,
T019,车型1,G3_100,G3,fragile,210,100,0,70,50,40,15,0,LWH,
T019,车型1,G3_101,G3,fragile,210,150,0,70,50,40,15,0,LWH,
T019,车型1,G3_102,G3,fragile,280,0,0,70,50,40,15,0,LWH,
T019,车型1,G3_103,G3,fragile,280,50,0,70,50,40,15,0,LWH,
T019,车型1,G3_104,G3,fragile,280,100,0,70,50,40,15,0,LWH,
T019,车型1,G3_105,G3,fragile,280,150,0,70,50,40,15,0,LWH,
T019,车型1,G3_106,G3,fragile,350,0,0,70,50,40,15,0,LWH,
T019,车型1,G3_107,G3,fragile,350,50,0,70,50,40,15,0,LWH,
T019,车型1,G3_108,G3,fragile,350,100,0,70,50,40,15,0,LWH,
T019,车型1,G3_109,G3,fragile,350,150,0,70,50,40,15,0,LWH,
T020,车型1,G3_062,G3,fragile,0,0,0,70,50,40,15,0,LWH,
T020,车型1,G3_063,G3,fragile,0,50,0,70,50,40,15,0,LWH,
T020,车型1,G3_064,G3,fragile,0,100,0,70,50,40,15,0,LWH,
T020,车型1,G3_065,G3,fragile,0,150,0,70,50,40,15,0,LWH,
T020,车型1,G3_066,G3,fragile,70,0,0,70,50,40,15,0,LWH,
T020,车型1,G3_067,G3,fragile,70,50,0,70,50,40,15,0,LWH,
T020,车型1,G3_068,G3,fragile,70,100,0,70,50,40,15,0,LWH,
T020,车型1,G3_069,G3,fragile,70,150,0,70,50,40,15,0,LWH,
T020,车型1,G3_070,G3,fragile,140,0,0,70,50,40,15,0,LWH,
T020,车型1,G3_071,G3,fragile,140,50,0,70,50,40,15,0,LWH,
T020,车型1,G3_072,G3,fragile,140,100,0,70,50,40,15,0,LWH,
T020,车型1,G3_073,G3,fragile,140,150,0,70,50,40,15,0,LWH,
T020,车型1,G3_074,G3,fragile,210,0,0,70,50,40,15,0,LWH,
T020,车型1,G3_075,G3,fragile,210,50,0,70,50,40,15,0,LWH,
T020,车型1,G3_076,G3,fragile,210,100,0,70,50,40,15,0,LWH,
T020,车型1,G3_077,G3,fragile,210,150,0,70,50,40,15,0,LWH,
T020,车型1,G3_078,G3,fragile,280,0,0,70,50,40,15,0,LWH,
T020,车型1,G3_079,G3,fragile,280,50,0,70,50,40,15,0,LWH,
T020,车型1,G3_080,G3,fragile,280,100,0,70,50,40,15,0,LWH,
T020,车型1,G3_081,G3,fragile,280,150,0,70,50,40,15,0,LWH,
T020,车型1,G3_082,G3,fragile,350,0,0,70,50,40,15,0,LWH,
T020,车型1,G3_083,G3,fragile,350,50,0,70,50,40,15,0,LWH,
T020,车型1,G3_084,G3,fragile,350,100,0,70,50,40,15,0,LWH,
T020,车型1,G3_085,G3,fragile,350,150,0,70,50,40,15,0,LWH,
T021,车型1,G3_038,G3,fragile,0,0,0,70,50,40,15,0,LWH,
T021,车型1,G3_039,G3,fragile,0,50,0,70,50,40,15,0,LWH,
T021,车型1,G3_040,G3,fragile,0,100,0,70,50,40,15,0,LWH,
T021,车型1,G3_041,G3,fragile,0,150,0,70,50,40,15,0,LWH,
T021,车型1,G3_042,G3,fragile,70,0,0,70,50,40,15,0,LWH,
T021,车型1,G3_043,G3,fragile,70,50,0,70,50,40,15,0,LWH,
T021,车型1,G3_044,G3,fragile,70,100,0,70,50,40,15,0,LWH,
T021,车型1,G3_045,G3,fragile,70,150,0,70,50,40,15,0,LWH,
T021,车型1,G3_046,G3,fragile,140,0,0,70,50,40,15,0,LWH,
T021,车型1,G3_047,G3,fragile,140,50,0,70,50,40,15,0,LWH,
T021,车型1,G3_048,G3,fragile,140,100,0,70,50,40,15,0,LWH,
T021,车型1,G3_049,G3,fragile,140,150,0,70,50,40,15,0,LWH,
T021,车型1,G3_050,G3,fragile,210,0,0,70,50,40,15,0,LWH,
T021,车型1,G3_051,G3,fragile,210,50,0,70,50,40,15,0,LWH,
T021,车型1,G3_052,G3,fragile,210,100,0,70,50,40,15,0,LWH,
T021,车型1,G3_053,G3,fragile,210,150,0,70,50,40,15,0,LWH,
T021,车型1,G3_054,G3,fragile,280,0,0,70,50,40,15,0,LWH,
T021,车型1,G3_055,G3,fragile,280,50,0,70,50,40,15,0,LWH,
T021,车型1,G3_056,G3,fragile,280,100,0,70,50,40,15,0,LWH,
T021,车型1,G3_057,G3,fragile,280,150,0,70,50,40,15,0,LWH,
T021,车型1,G3_058,G3,fragile,350,0,0,70,50,40,15,0,LWH,
T021,车型1,G3_059,G3,fragile,350,50,0,70,50,40,15,0,LWH,
T021,车型1,G3_060,G3,fragile,350,100,0,70,50,40,15,0,LWH,
T021,车型1,G3_061,G3,fragile,350,150,0,70,50,40,15,0,LWH,
T022,车型1,G3_014,G3,fragile,0,0,0,70,50,40,15,0,LWH,
T022,车型1,G3_015,G3,fragile,0,50,0,70,50,40,15,0,LWH,
T022,车型1,G3_016,G3,fragile,0,100,0,70,50,40,15,0,LWH,
T022,车型1,G3_017,G3,fragile,0,150,0,70,50,40,15,0,LWH,
T022,车型1,G3_018,G3,fragile,70,0,0,70,50,40,15,0,LWH,
T022,车型1,G3_019,G3,fragile,70,50,0,70,50,40,15,0,LWH,
T022,车型1,G3_020,G3,fragile,70,100,0,70,50,40,15,0,LWH,
T022,车型1,G3_021,G3,fragile,70,150,0,70,50,40,15,0,LWH,
T022,车型1,G3_022,G3,fragile,140,0,0,70,50,40,15,0,LWH,
T022,车型1,G3_023,G3,fragile,140,50,0,70,50,40,15,0,LWH,
T022,车型1,G3_024,G3,fragile,140,100,0,70,50,40,15,0,LWH,
T022,车型1,G3_025,G3,fragile,140,150,0,70,50,40,15,0,LWH,
T022,车型1,G3_026,G3,fragile,210,0,0,70,50,40,15,0,LWH,
T022,车型1,G3_027,G3,fragile,210,50,0,70,50,40,15,0,LWH,
T022,车型1,G3_028,G3,fragile,210,100,0,70,50,40,15,0,LWH,
T022,车型1,G3_029,G3,fragile,210,150,0,70,50,40,15,0,LWH,
T022,车型1,G3_030,G3,fragile,280,0,0,70,50,40,15,0,LWH,
T022,车型1,G3_031,G3,fragile,280,50,0,70,50,40,15,0,LWH,
T022,车型1,G3_032,G3,fragile,280,100,0,70,50,40,15,0,LWH,
T022,车型1,G3_033,G3,fragile,280,150,0,70,50,40,15,0,LWH,
T022,车型1,G3_034,G3,fragile,350,0,0,70,50,40,15,0,LWH,
T022,车型1,G3_035,G3,fragile,350,50,0,70,50,40,15,0,LWH,
T022,车型1,G3_036,G3,fragile,350,100,0,70,50,40,15,0,LWH,
T022,车型1,G3_037,G3,fragile,350,150,0,70,50,40,15,0,LWH,
T023,车型1,G3_001,G3,fragile,0,0,0,70,50,40,15,0,LWH,
T023,车型1,G3_002,G3,fragile,0,50,0,70,50,40,15,0,LWH,
T023,车型1,G3_003,G3,fragile,0,100,0,70,50,40,15,0,LWH,
T023,车型1,G3_004,G3,fragile,0,150,0,70,50,40,15,0,LWH,
T023,车型1,G3_005,G3,fragile,70,0,0,70,50,40,15,0,LWH,
T023,车型1,G3_006,G3,fragile,70,50,0,70,50,40,15,0,LWH,
T023,车型1,G3_007,G3,fragile,70,100,0,70,50,40,15,0,LWH,
T023,车型1,G3_008,G3,fragile,70,150,0,70,50,40,15,0,LWH,
T023,车型1,G3_009,G3,fragile,140,0,0,70,50,40,15,0,LWH,
T023,车型1,G3_010,G3,fragile,140,50,0,50,70,40,15,1,WLH,
T023,车型1,G3_011,G3,fragile,140,120,0,50,70,40,15,1,WLH,
T023,车型1,G1_537,G1,standard,210,0,0,60,40,30,12,0,LWH,
T023,车型1,G1_538,G1,standard,210,0,30,60,40,30,12,0,LWH,G1_537
T023,车型1,G1_539,G1,standard,210,0,60,60,40,30,12,0,LWH,G1_538
T023,车型1,G1_540,G1,standard,210,0,90,60,40,30,12,0,LWH,G1_539
T023,车型1,G1_541,G1,standard,210,0,120,60,40,30,12,0,LWH,G1_540
T023,车型1,G1_542,G1,standard,210,0,150,60,40,30,12,0,LWH,G1_541
T023,车型1,G1_543,G1,standard,210,0,180,60,40,30,12,0,LWH,G1_542
T023,车型1,G1_544,G1,standard,210,40,0,60,40,30,12,0,LWH,
T023,车型1,G1_545,G1,standard,210,40,30,60,40,30,12,0,LWH,G1_544
T023,车型1,G1_546,G1,standard,210,40,60,60,40,30,12,0,LWH,G1_545
T023,车型1,G1_547,G1,standard,210,40,90,60,40,30,12,0,LWH,G1_546
T023,车型1,G1_548,G1,standard,210,40,120,60,40,30,12,0,LWH,G1_547
T023,车型1,G1_549,G1,standard,210,40,150,60,40,30,12,0,LWH,G1_548
T023,车型1,G1_550,G1,standard,210,40,180,60,40,30,12,0,LWH,G1_549
T023,车型1,G1_551,G1,standard,210,80,0,60,40,30,12,0,LWH,
T023,车型1,G1_552,G1,standard,210,80,30,60,40,30,12,0,LWH,G1_551
T023,车型1,G1_553,G1,standard,210,80,60,60,40,30,12,0,LWH,G1_552
T023,车型1,G1_554,G1,standard,210,80,90,60,40,30,12,0,LWH,G1_553
T023,车型1,G1_555,G1,standard,210,80,120,60,40,30,12,0,LWH,G1_554
T023,车型1,G1_556,G1,standard,210,80,150,60,40,30,12,0,LWH,G1_555
T023,车型1,G1_557,G1,standard,210,80,180,60,40,30,12,0,LWH,G1_556
T023,车型1,G1_558,G1,standard,210,120,0,60,40,30,12,0,LWH,
T023,车型1,G1_559,G1,standard,210,120,30,60,40,30,12,0,LWH,G1_558
T023,车型1,G1_560,G1,standard,210,120,60,60,40,30,12,0,LWH,G1_559
T023,车型1,G1_561,G1,standard,210,120,90,60,40,30,12,0,LWH,G1_560
T023,车型1,G1_562,G1,standard,210,120,120,60,40,30,12,0,LWH,G1_561
T023,车型1,G1_563,G1,standard,210,120,150,60,40,30,12,0,LWH,G1_562
T023,车型1,G1_564,G1,standard,210,120,180,60,40,30,12,0,LWH,G1_563
T023,车型1,G1_565,G1,standard,210,160,0,60,40,30,12,0,LWH,
T023,车型1,G1_566,G1,standard,210,160,30,60,40,30,12,0,LWH,G1_565
T023,车型1,G1_567,G1,standard,210,160,60,60,40,30,12,0,LWH,G1_566
T023,车型1,G1_568,G1,standard,210,160,90,60,40,30,12,0,LWH,G1_567
T023,车型1,G1_569,G1,standard,210,160,120,60,40,30,12,0,LWH,G1_568
T023,车型1,G1_570,G1,standard,210,160,150,60,40,30,12,0,LWH,G1_569
T023,车型1,G1_571,G1,standard,210,160,180,60,40,30,12,0,LWH,G1_570
T023,车型1,G1_572,G1,standard,270,0,0,60,40,30,12,0,LWH,
T023,车型1,G1_573,G1,standard,270,0,30,60,40,30,12,0,LWH,G1_572
T023,车型1,G1_574,G1,standard,270,0,60,60,40,30,12,0,LWH,G1_573
T023,车型1,G1_575,G1,standard,270,0,90,60,40,30,12,0,LWH,G1_574
T023,车型1,G1_576,G1,standard,270,0,120,60,40,30,12,0,LWH,G1_575
T023,车型1,G1_577,G1,standard,270,0,150,60,40,30,12,0,LWH,G1_576
T023,车型1,G1_578,G1,standard,270,0,180,60,40,30,12,0,LWH,G1_577
T023,车型1,G1_579,G1,standard,270,40,0,60,40,30,12,0,LWH,
T023,车型1,G1_580,G1,standard,270,40,30,60,40,30,12,0,LWH,G1_579
T023,车型1,G1_581,G1,standard,270,40,60,60,40,30,12,0,LWH,G1_580
T023,车型1,G1_582,G1,standard,270,40,90,60,40,30,12,0,LWH,G1_581
T023,车型1,G1_583,G1,standard,270,40,120,60,40,30,12,0,LWH,G1_582
T023,车型1,G1_584,G1,standard,270,40,150,60,40,30,12,0,LWH,G1_583
T023,车型1,G1_585,G1,standard,270,40,180,60,40,30,12,0,LWH,G1_584
T023,车型1,G1_586,G1,standard,270,80,0,60,40,30,12,0,LWH,
T023,车型1,G1_587,G1,standard,270,80,30,60,40,30,12,0,LWH,G1_586
T023,车型1,G1_588,G1,standard,270,80,60,60,40,30,12,0,LWH,G1_587
T023,车型1,G1_589,G1,standard,270,80,90,60,40,30,12,0,LWH,G1_588
T023,车型1,G1_590,G1,standard,270,80,120,60,40,30,12,0,LWH,G1_589
T023,车型1,G1_591,G1,standard,270,80,150,60,40,30,12,0,LWH,G1_590
T023,车型1,G1_592,G1,standard,270,80,180,60,40,30,12,0,LWH,G1_591
T023,车型1,G1_593,G1,standard,270,120,0,60,40,30,12,0,LWH,
T023,车型1,G1_594,G1,standard,270,120,30,60,40,30,12,0,LWH,G1_593
T023,车型1,G1_595,G1,standard,270,120,60,60,40,30,12,0,LWH,G1_594
T023,车型1,G1_596,G1,standard,270,120,90,60,40,30,12,0,LWH,G1_595
T023,车型1,G1_597,G1,standard,270,120,120,60,40,30,12,0,LWH,G1_596
T023,车型1,G1_598,G1,standard,270,120,150,60,40,30,12,0,LWH,G1_597
T023,车型1,G1_599,G1,standard,270,120,180,60,40,30,12,0,LWH,G1_598
T023,车型1,G1_600,G1,standard,270,160,0,60,40,30,12,0,LWH,
T023,车型1,G1_601,G1,standard,270,160,30,60,40,30,12,0,LWH,G1_600
T023,车型1,G1_602,G1,standard,270,160,60,60,40,30,12,0,LWH,G1_601
T023,车型1,G1_603,G1,standard,270,160,90,60,40,30,12,0,LWH,G1_602
T023,车型1,G1_604,G1,standard,270,160,120,60,40,30,12,0,LWH,G1_603
T023,车型1,G1_605,G1,standard,270,160,150,60,40,30,12,0,LWH,G1_604
T023,车型1,G1_606,G1,standard,270,160,180,60,40,30,12,0,LWH,G1_605
T023,车型1,G1_607,G1,standard,330,0,0,60,40,30,12,0,LWH,
T023,车型1,G1_608,G1,standard,330,0,30,60,40,30,12,0,LWH,G1_607
T023,车型1,G1_609,G1,standard,330,0,60,60,40,30,12,0,LWH,G1_608
T023,车型1,G1_610,G1,standard,330,0,90,60,40,30,12,0,LWH,G1_609
T023,车型1,G1_611,G1,standard,330,0,120,60,40,30,12,0,LWH,G1_610
T023,车型1,G1_612,G1,standard,330,0,150,60,40,30,12,0,LWH,G1_611
T023,车型1,G1_613,G1,standard,330,0,180,60,40,30,12,0,LWH,G1_612
T023,车型1,G1_614,G1,standard,390,0,0,30,60,40,12,4,HLW,
T023,车型1,G1_615,G1,standard,390,0,40,30,60,40,12,4,HLW,G1_614
T023,车型1,G1_616,G1,standard,390,0,80,30,60,40,12,4,HLW,G1_615
T023,车型1,G1_617,G1,standard,390,0,120,30,60,40,12,4,HLW,G1_616
T023,车型1,G1_618,G1,standard,390,0,160,30,60,40,12,4,HLW,G1_617
T023,车型1,G1_619,G1,standard,390,60,0,30,60,40,12,4,HLW,
T023,车型1,G1_620,G1,standard,390,60,40,30,60,40,12,4,HLW,G1_619
T023,车型1,G1_621,G1,standard,390,60,80,30,60,40,12,4,HLW,G1_620
T023,车型1,G1_622,G1,standard,390,60,120,30,60,40,12,4,HLW,G1_621
T023,车型1,G1_623,G1,standard,390,60,160,30,60,40,12,4,HLW,G1_622
T023,车型1,G1_624,G1,standard,390,120,0,30,60,40,12,4,HLW,
T023,车型1,G1_625,G1,standard,390,120,40,30,60,40,12,4,HLW,G1_624
T023,车型1,G1_626,G1,standard,390,120,80,30,60,40,12,4,HLW,G1_625
T023,车型1,G1_627,G1,standard,390,120,120,30,60,40,12,4,HLW,G1_626
T023,车型1,G1_628,G1,standard,390,120,160,30,60,40,12,4,HLW,G1_627
T023,车型1,G1_629,G1,standard,330,40,0,60,30,40,12,1,LHW,
T023,车型1,G3_012,G3,fragile,330,70,0,50,70,40,15,1,WLH,
T023,车型1,G3_013,G3,fragile,330,140,0,50,70,40,15,1,WLH,
T024,车型1,G1_292,G1,standard,0,0,0,60,40,30,12,0,LWH,
T024,车型1,G1_293,G1,standard,0,0,30,60,40,30,12,0,LWH,G1_292
T024,车型1,G1_294,G1,standard,0,0,60,60,40,30,12,0,LWH,G1_293
T024,车型1,G1_295,G1,standard,0,0,90,60,40,30,12,0,LWH,G1_294
T024,车型1,G1_296,G1,standard,0,0,120,60,40,30,12,0,LWH,G1_295
T024,车型1,G1_297,G1,standard,0,0,150,60,40,30,12,0,LWH,G1_296
T024,车型1,G1_298,G1,standard,0,0,180,60,40,30,12,0,LWH,G1_297
T024,车型1,G1_299,G1,standard,0,40,0,60,40,30,12,0,LWH,
T024,车型1,G1_300,G1,standard,0,40,30,60,40,30,12,0,LWH,G1_299
T024,车型1,G1_301,G1,standard,0,40,60,60,40,30,12,0,LWH,G1_300
T024,车型1,G1_302,G1,standard,0,40,90,60,40,30,12,0,LWH,G1_301
T024,车型1,G1_303,G1,standard,0,40,120,60,40,30,12,0,LWH,G1_302
T024,车型1,G1_304,G1,standard,0,40,150,60,40,30,12,0,LWH,G1_303
T024,车型1,G1_305,G1,standard,0,40,180,60,40,30,12,0,LWH,G1_304
T024,车型1,G1_306,G1,standard,0,80,0,60,40,30,12,0,LWH,
T024,车型1,G1_307,G1,standard,0,80,30,60,40,30,12,0,LWH,G1_306
T024,车型1,G1_308,G1,standard,0,80,60,60,40,30,12,0,LWH,G1_307
T024,车型1,G1_309,G1,standard,0,80,90,60,40,30,12,0,LWH,G1_308
T024,车型1,G1_310,G1,standard,0,80,120,60,40,30,12,0,LWH,G1_309
T024,车型1,G1_311,G1,standard,0,80,150,60,40,30,12,0,LWH,G1_310
T024,车型1,G1_312,G1,standard,0,80,180,60,40,30,12,0,LWH,G1_311
T024,车型1,G1_313,G1,standard,0,120,0,60,40,30,12,0,LWH,
T024,车型1,G1_314,G1,standard,0,120,30,60,40,30,12,0,LWH,G1_313
T024,车型1,G1_315,G1,standard,0,120,60,60,40,30,12,0,LWH,G1_314
T024,车型1,G1_316,G1,standard,0,120,90,60,40,30,12,0,LWH,G1_315
T024,车型1,G1_317,G1,standard,0,120,120,60,40,30,12,0,LWH,G1_316
T024,车型1,G1_318,G1,standard,0,120,150,60,40,30,12,0,LWH,G1_317
T024,车型1,G1_319,G1,standard,0,120,180,60,40,30,12,0,LWH,G1_318
T024,车型1,G1_320,G1,standard,0,160,0,60,40,30,12,0,LWH,
T024,车型1,G1_321,G1,standard,0,160,30,60,40,30,12,0,LWH,G1_320
T024,车型1,G1_322,G1,standard,0,160,60,60,40,30,12,0,LWH,G1_321
T024,车型1,G1_323,G1,standard,0,160,90,60,40,30,12,0,LWH,G1_322
T024,车型1,G1_324,G1,standard,0,160,120,60,40,30,12,0,LWH,G1_323
T024,车型1,G1_325,G1,standard,0,160,150,60,40,30,12,0,LWH,G1_324
T024,车型1,G1_326,G1,standard,0,160,180,60,40,30,12,0,LWH,G1_325
T024,车型1,G1_327,G1,standard,60,0,0,60,40,30,12,0,LWH,
T024,车型1,G1_328,G1,standard,60,0,30,60,40,30,12,0,LWH,G1_327
T024,车型1,G1_329,G1,standard,60,0,60,60,40,30,12,0,LWH,G1_328
T024,车型1,G1_330,G1,standard,60,0,90,60,40,30,12,0,LWH,G1_329
T024,车型1,G1_331,G1,standard,60,0,120,60,40,30,12,0,LWH,G1_330
T024,车型1,G1_332,G1,standard,60,0,150,60,40,30,12,0,LWH,G1_331
T024,车型1,G1_333,G1,standard,60,0,180,60,40,30,12,0,LWH,G1_332
T024,车型1,G1_334,G1,standard,60,40,0,60,40,30,12,0,LWH,
T024,车型1,G1_335,G1,standard,60,40,30,60,40,30,12,0,LWH,G1_334
T024,车型1,G1_336,G1,standard,60,40,60,60,40,30,12,0,LWH,G1_335
T024,车型1,G1_337,G1,standard,60,40,90,60,40,30,12,0,LWH,G1_336
T024,车型1,G1_338,G1,standard,60,40,120,60,40,30,12,0,LWH,G1_337
T024,车型1,G1_339,G1,standard,60,40,150,60,40,30,12,0,LWH,G1_338
T024,车型1,G1_340,G1,standard,60,40,180,60,40,30,12,0,LWH,G1_339
T024,车型1,G1_341,G1,standard,60,80,0,60,40,30,12,0,LWH,
T024,车型1,G1_342,G1,standard,60,80,30,60,40,30,12,0,LWH,G1_341
T024,车型1,G1_343,G1,standard,60,80,60,60,40,30,12,0,LWH,G1_342
T024,车型1,G1_344,G1,standard,60,80,90,60,40,30,12,0,LWH,G1_343
T024,车型1,G1_345,G1,standard,60,80,120,60,40,30,12,0,LWH,G1_344
T024,车型1,G1_346,G1,standard,60,80,150,60,40,30,12,0,LWH,G1_345
T024,车型1,G1_347,G1,standard,60,80,180,60,40,30,12,0,LWH,G1_346
T024,车型1,G1_348,G1,standard,60,120,0,60,40,30,12,0,LWH,
T024,车型1,G1_349,G1,standard,60,120,30,60,40,30,12,0,LWH,G1_348
T024,车型1,G1_350,G1,standard,60,120,60,60,40,30,12,0,LWH,G1_349
T024,车型1,G1_351,G1,standard,60,120,90,60,40,30,12,0,LWH,G1_350
T024,车型1,G1_352,G1,standard,60,120,120,60,40,30,12,0,LWH,G1_351
T024,车型1,G1_353,G1,standard,60,120,150,60,40,30,12,0,LWH,G1_352
T024,车型1,G1_354,G1,standard,60,120,180,60,40,30,12,0,LWH,G1_353
T024,车型1,G1_355,G1,standard,60,160,0,60,40,30,12,0,LWH,
T024,车型1,G1_356,G1,standard,60,160,30,60,40,30,12,0,LWH,G1_355
T024,车型1,G1_357,G1,standard,60,160,60,60,40,30,12,0,LWH,G1_356
T024,车型1,G1_358,G1,standard,60,160,90,60,40,30,12,0,LWH,G1_357
T024,车型1,G1_359,G1,standard,60,160,120,60,40,30,12,0,LWH,G1_358
T024,车型1,G1_360,G1,standard,60,160,150,60,40,30,12,0,LWH,G1_359
T024,车型1,G1_361,G1,standard,60,160,180,60,40,30,12,0,LWH,G1_360
T024,车型1,G1_362,G1,standard,120,0,0,60,40,30,12,0,LWH,
T024,车型1,G1_363,G1,standard,120,0,30,60,40,30,12,0,LWH,G1_362
T024,车型1,G1_364,G1,standard,120,0,60,60,40,30,12,0,LWH,G1_363
T024,车型1,G1_365,G1,standard,120,0,90,60,40,30,12,0,LWH,G1_364
T024,车型1,G1_366,G1,standard,120,0,120,60,40,30,12,0,LWH,G1_365
T024,车型1,G1_367,G1,standard,120,0,150,60,40,30,12,0,LWH,G1_366
T024,车型1,G1_368,G1,standard,120,0,180,60,40,30,12,0,LWH,G1_367
T024,车型1,G1_369,G1,standard,120,40,0,60,40,30,12,0,LWH,
T024,车型1,G1_370,G1,standard,120,40,30,60,40,30,12,0,LWH,G1_369
T024,车型1,G1_371,G1,standard,120,40,60,60,40,30,12,0,LWH,G1_370
T024,车型1,G1_372,G1,standard,120,40,90,60,40,30,12,0,LWH,G1_371
T024,车型1,G1_373,G1,standard,120,40,120,60,40,30,12,0,LWH,G1_372
T024,车型1,G1_374,G1,standard,120,40,150,60,40,30,12,0,LWH,G1_373
T024,车型1,G1_375,G1,standard,120,40,180,60,40,30,12,0,LWH,G1_374
T024,车型1,G1_376,G1,standard,120,80,0,60,40,30,12,0,LWH,
T024,车型1,G1_377,G1,standard,120,80,30,60,40,30,12,0,LWH,G1_376
T024,车型1,G1_378,G1,standard,120,80,60,60,40,30,12,0,LWH,G1_377
T024,车型1,G1_379,G1,standard,120,80,90,60,40,30,12,0,LWH,G1_378
T024,车型1,G1_380,G1,standard,120,80,120,60,40,30,12,0,LWH,G1_379
T024,车型1,G1_381,G1,standard,120,80,150,60,40,30,12,0,LWH,G1_380
T024,车型1,G1_382,G1,standard,120,80,180,60,40,30,12,0,LWH,G1_381
T024,车型1,G1_383,G1,standard,120,120,0,60,40,30,12,0,LWH,
T024,车型1,G1_384,G1,standard,120,120,30,60,40,30,12,0,LWH,G1_383
T024,车型1,G1_385,G1,standard,120,120,60,60,40,30,12,0,LWH,G1_384
T024,车型1,G1_386,G1,standard,120,120,90,60,40,30,12,0,LWH,G1_385
T024,车型1,G1_387,G1,standard,120,120,120,60,40,30,12,0,LWH,G1_386
T024,车型1,G1_388,G1,standard,120,120,150,60,40,30,12,0,LWH,G1_387
T024,车型1,G1_389,G1,standard,120,120,180,60,40,30,12,0,LWH,G1_388
T024,车型1,G1_390,G1,standard,120,160,0,60,40,30,12,0,LWH,
T024,车型1,G1_391,G1,standard,120,160,30,60,40,30,12,0,LWH,G1_390
T024,车型1,G1_392,G1,standard,120,160,60,60,40,30,12,0,LWH,G1_391
T024,车型1,G1_393,G1,standard,120,160,90,60,40,30,12,0,LWH,G1_392
T024,车型1,G1_394,G1,standard,120,160,120,60,40,30,12,0,LWH,G1_393
T024,车型1,G1_395,G1,standard,120,160,150,60,40,30,12,0,LWH,G1_394
T024,车型1,G1_396,G1,standard,120,160,180,60,40,30,12,0,LWH,G1_395
T024,车型1,G1_397,G1,standard,180,0,0,60,40,30,12,0,LWH,
T024,车型1,G1_398,G1,standard,180,0,30,60,40,30,12,0,LWH,G1_397
T024,车型1,G1_399,G1,standard,180,0,60,60,40,30,12,0,LWH,G1_398
T024,车型1,G1_400,G1,standard,180,0,90,60,40,30,12,0,LWH,G1_399
T024,车型1,G1_401,G1,standard,180,0,120,60,40,30,12,0,LWH,G1_400
T024,车型1,G1_402,G1,standard,180,0,150,60,40,30,12,0,LWH,G1_401
T024,车型1,G1_403,G1,standard,180,0,180,60,40,30,12,0,LWH,G1_402
T024,车型1,G1_404,G1,standard,180,40,0,60,40,30,12,0,LWH,
T024,车型1,G1_405,G1,standard,180,40,30,60,40,30,12,0,LWH,G1_404
T024,车型1,G1_406,G1,standard,180,40,60,60,40,30,12,0,LWH,G1_405
T024,车型1,G1_407,G1,standard,180,40,90,60,40,30,12,0,LWH,G1_406
T024,车型1,G1_408,G1,standard,180,40,120,60,40,30,12,0,LWH,G1_407
T024,车型1,G1_409,G1,standard,180,40,150,60,40,30,12,0,LWH,G1_408
T024,车型1,G1_410,G1,standard,180,40,180,60,40,30,12,0,LWH,G1_409
T024,车型1,G1_411,G1,standard,180,80,0,60,40,30,12,0,LWH,
T024,车型1,G1_412,G1,standard,180,80,30,60,40,30,12,0,LWH,G1_411
T024,车型1,G1_413,G1,standard,180,80,60,60,40,30,12,0,LWH,G1_412
T024,车型1,G1_414,G1,standard,180,80,90,60,40,30,12,0,LWH,G1_413
T024,车型1,G1_415,G1,standard,180,80,120,60,40,30,12,0,LWH,G1_414
T024,车型1,G1_416,G1,standard,180,80,150,60,40,30,12,0,LWH,G1_415
T024,车型1,G1_417,G1,standard,180,80,180,60,40,30,12,0,LWH,G1_416
T024,车型1,G1_418,G1,standard,180,120,0,60,40,30,12,0,LWH,
T024,车型1,G1_419,G1,standard,180,120,30,60,40,30,12,0,LWH,G1_418
T024,车型1,G1_420,G1,standard,180,120,60,60,40,30,12,0,LWH,G1_419
T024,车型1,G1_421,G1,standard,180,120,90,60,40,30,12,0,LWH,G1_420
T024,车型1,G1_422,G1,standard,180,120,120,60,40,30,12,0,LWH,G1_421
T024,车型1,G1_423,G1,standard,180,120,150,60,40,30,12,0,LWH,G1_422
T024,车型1,G1_424,G1,standard,180,120,180,60,40,30,12,0,LWH,G1_423
T024,车型1,G1_425,G1,standard,180,160,0,60,40,30,12,0,LWH,
T024,车型1,G1_426,G1,standard,180,160,30,60,40,30,12,0,LWH,G1_425
T024,车型1,G1_427,G1,standard,180,160,60,60,40,30,12,0,LWH,G1_426
T024,车型1,G1_428,G1,standard,180,160,90,60,40,30,12,0,LWH,G1_427
T024,车型1,G1_429,G1,standard,180,160,120,60,40,30,12,0,LWH,G1_428
T024,车型1,G1_430,G1,standard,180,160,150,60,40,30,12,0,LWH,G1_429
T024,车型1,G1_431,G1,standard,180,160,180,60,40,30,12,0,LWH,G1_430
T024,车型1,G1_432,G1,standard,240,0,0,60,40,30,12,0,LWH,
T024,车型1,G1_433,G1,standard,240,0,30,60,40,30,12,0,LWH,G1_432
T024,车型1,G1_434,G1,standard,240,0,60,60,40,30,12,0,LWH,G1_433
T024,车型1,G1_435,G1,standard,240,0,90,60,40,30,12,0,LWH,G1_434
T024,车型1,G1_436,G1,standard,240,0,120,60,40,30,12,0,LWH,G1_435
T024,车型1,G1_437,G1,standard,240,0,150,60,40,30,12,0,LWH,G1_436
T024,车型1,G1_438,G1,standard,240,0,180,60,40,30,12,0,LWH,G1_437
T024,车型1,G1_439,G1,standard,240,40,0,60,40,30,12,0,LWH,
T024,车型1,G1_440,G1,standard,240,40,30,60,40,30,12,0,LWH,G1_439
T024,车型1,G1_441,G1,standard,240,40,60,60,40,30,12,0,LWH,G1_440
T024,车型1,G1_442,G1,standard,240,40,90,60,40,30,12,0,LWH,G1_441
T024,车型1,G1_443,G1,standard,240,40,120,60,40,30,12,0,LWH,G1_442
T024,车型1,G1_444,G1,standard,240,40,150,60,40,30,12,0,LWH,G1_443
T024,车型1,G1_445,G1,standard,240,40,180,60,40,30,12,0,LWH,G1_444
T024,车型1,G1_446,G1,standard,240,80,0,60,40,30,12,0,LWH,
T024,车型1,G1_447,G1,standard,240,80,30,60,40,30,12,0,LWH,G1_446
T024,车型1,G1_448,G1,standard,240,80,60,60,40,30,12,0,LWH,G1_447
T024,车型1,G1_449,G1,standard,240,80,90,60,40,30,12,0,LWH,G1_448
T024,车型1,G1_450,G1,standard,240,80,120,60,40,30,12,0,LWH,G1_449
T024,车型1,G1_451,G1,standard,240,80,150,60,40,30,12,0,LWH,G1_450
T024,车型1,G1_452,G1,standard,240,80,180,60,40,30,12,0,LWH,G1_451
T024,车型1,G1_453,G1,standard,240,120,0,60,40,30,12,0,LWH,
T024,车型1,G1_454,G1,standard,240,120,30,60,40,30,12,0,LWH,G1_453
T024,车型1,G1_455,G1,standard,240,120,60,60,40,30,12,0,LWH,G1_454
T024,车型1,G1_456,G1,standard,240,120,90,60,40,30,12,0,LWH,G1_455
T024,车型1,G1_457,G1,standard,240,120,120,60,40,30,12,0,LWH,G1_456
T024,车型1,G1_458,G1,standard,240,120,150,60,40,30,12,0,LWH,G1_457
T024,车型1,G1_459,G1,standard,240,120,180,60,40,30,12,0,LWH,G1_458
T024,车型1,G1_460,G1,standard,240,160,0,60,40,30,12,0,LWH,
T024,车型1,G1_461,G1,standard,240,160,30,60,40,30,12,0,LWH,G1_460
T024,车型1,G1_462,G1,standard,240,160,60,60,40,30,12,0,LWH,G1_461
T024,车型1,G1_463,G1,standard,240,160,90,60,40,30,12,0,LWH,G1_462
T024,车型1,G1_464,G1,standard,240,160,120,60,40,30,12,0,LWH,G1_463
T024,车型1,G1_465,G1,standard,240,160,150,60,40,30,12,0,LWH,G1_464
T024,车型1,G1_466,G1,standard,240,160,180,60,40,30,12,0,LWH,G1_465
T024,车型1,G1_467,G1,standard,300,0,0,60,40,30,12,0,LWH,
T024,车型1,G1_468,G1,standard,300,0,30,60,40,30,12,0,LWH,G1_467
T024,车型1,G1_469,G1,standard,300,0,60,60,40,30,12,0,LWH,G1_468
T024,车型1,G1_470,G1,standard,300,0,90,60,40,30,12,0,LWH,G1_469
T024,车型1,G1_471,G1,standard,300,0,120,60,40,30,12,0,LWH,G1_470
T024,车型1,G1_472,G1,standard,300,0,150,60,40,30,12,0,LWH,G1_471
T024,车型1,G1_473,G1,standard,300,0,180,60,40,30,12,0,LWH,G1_472
T024,车型1,G1_474,G1,standard,300,40,0,60,40,30,12,0,LWH,
T024,车型1,G1_475,G1,standard,300,40,30,60,40,30,12,0,LWH,G1_474
T024,车型1,G1_476,G1,standard,300,40,60,60,40,30,12,0,LWH,G1_475
T024,车型1,G1_477,G1,standard,300,40,90,60,40,30,12,0,LWH,G1_476
T024,车型1,G1_478,G1,standard,300,40,120,60,40,30,12,0,LWH,G1_477
T024,车型1,G1_479,G1,standard,300,40,150,60,40,30,12,0,LWH,G1_478
T024,车型1,G1_480,G1,standard,300,40,180,60,40,30,12,0,LWH,G1_479
T024,车型1,G1_481,G1,standard,300,80,0,60,40,30,12,0,LWH,
T024,车型1,G1_482,G1,standard,300,80,30,60,40,30,12,0,LWH,G1_481
T024,车型1,G1_483,G1,standard,300,80,60,60,40,30,12,0,LWH,G1_482
T024,车型1,G1_484,G1,standard,300,80,90,60,40,30,12,0,LWH,G1_483
T024,车型1,G1_485,G1,standard,300,80,120,60,40,30,12,0,LWH,G1_484
T024,车型1,G1_486,G1,standard,300,80,150,60,40,30,12,0,LWH,G1_485
T024,车型1,G1_487,G1,standard,300,80,180,60,40,30,12,0,LWH,G1_486
T024,车型1,G1_488,G1,standard,300,120,0,60,40,30,12,0,LWH,
T024,车型1,G1_489,G1,standard,300,120,30,60,40,30,12,0,LWH,G1_488
T024,车型1,G1_490,G1,standard,300,120,60,60,40,30,12,0,LWH,G1_489
T024,车型1,G1_491,G1,standard,300,120,90,60,40,30,12,0,LWH,G1_490
T024,车型1,G1_492,G1,standard,300,120,120,60,40,30,12,0,LWH,G1_491
T024,车型1,G1_493,G1,standard,300,120,150,60,40,30,12,0,LWH,G1_492
T024,车型1,G1_494,G1,standard,300,120,180,60,40,30,12,0,LWH,G1_493
T024,车型1,G1_495,G1,standard,300,160,0,60,40,30,12,0,LWH,
T024,车型1,G1_496,G1,standard,300,160,30,60,40,30,12,0,LWH,G1_495
T024,车型1,G1_497,G1,standard,300,160,60,60,40,30,12,0,LWH,G1_496
T024,车型1,G1_498,G1,standard,300,160,90,60,40,30,12,0,LWH,G1_497
T024,车型1,G1_499,G1,standard,300,160,120,60,40,30,12,0,LWH,G1_498
T024,车型1,G1_500,G1,standard,300,160,150,60,40,30,12,0,LWH,G1_499
T024,车型1,G1_501,G1,standard,300,160,180,60,40,30,12,0,LWH,G1_500
T024,车型1,G1_502,G1,standard,360,0,0,60,40,30,12,0,LWH,
T024,车型1,G1_503,G1,standard,360,0,30,60,40,30,12,0,LWH,G1_502
T024,车型1,G1_504,G1,standard,360,0,60,60,40,30,12,0,LWH,G1_503
T024,车型1,G1_505,G1,standard,360,0,90,60,40,30,12,0,LWH,G1_504
T024,车型1,G1_506,G1,standard,360,0,120,60,40,30,12,0,LWH,G1_505
T024,车型1,G1_507,G1,standard,360,0,150,60,40,30,12,0,LWH,G1_506
T024,车型1,G1_508,G1,standard,360,0,180,60,40,30,12,0,LWH,G1_507
T024,车型1,G1_509,G1,standard,360,40,0,60,40,30,12,0,LWH,
T024,车型1,G1_510,G1,standard,360,40,30,60,40,30,12,0,LWH,G1_509
T024,车型1,G1_511,G1,standard,360,40,60,60,40,30,12,0,LWH,G1_510
T024,车型1,G1_512,G1,standard,360,40,90,60,40,30,12,0,LWH,G1_511
T024,车型1,G1_513,G1,standard,360,40,120,60,40,30,12,0,LWH,G1_512
T024,车型1,G1_514,G1,standard,360,40,150,60,40,30,12,0,LWH,G1_513
T024,车型1,G1_515,G1,standard,360,40,180,60,40,30,12,0,LWH,G1_514
T024,车型1,G1_516,G1,standard,360,80,0,60,40,30,12,0,LWH,
T024,车型1,G1_517,G1,standard,360,80,30,60,40,30,12,0,LWH,G1_516
T024,车型1,G1_518,G1,standard,360,80,60,60,40,30,12,0,LWH,G1_517
T024,车型1,G1_519,G1,standard,360,80,90,60,40,30,12,0,LWH,G1_518
T024,车型1,G1_520,G1,standard,360,80,120,60,40,30,12,0,LWH,G1_519
T024,车型1,G1_521,G1,standard,360,80,150,60,40,30,12,0,LWH,G1_520
T024,车型1,G1_522,G1,standard,360,80,180,60,40,30,12,0,LWH,G1_521
T024,车型1,G1_523,G1,standard,360,120,0,60,40,30,12,0,LWH,
T024,车型1,G1_524,G1,standard,360,120,30,60,40,30,12,0,LWH,G1_523
T024,车型1,G1_525,G1,standard,360,120,60,60,40,30,12,0,LWH,G1_524
T024,车型1,G1_526,G1,standard,360,120,90,60,40,30,12,0,LWH,G1_525
T024,车型1,G1_527,G1,standard,360,120,120,60,40,30,12,0,LWH,G1_526
T024,车型1,G1_528,G1,standard,360,120,150,60,40,30,12,0,LWH,G1_527
T024,车型1,G1_529,G1,standard,360,120,180,60,40,30,12,0,LWH,G1_528
T024,车型1,G1_530,G1,standard,360,160,0,60,40,30,12,0,LWH,
T024,车型1,G1_531,G1,standard,360,160,30,60,40,30,12,0,LWH,G1_530
T024,车型1,G1_532,G1,standard,360,160,60,60,40,30,12,0,LWH,G1_531
T024,车型1,G1_533,G1,standard,360,160,90,60,40,30,12,0,LWH,G1_532
T024,车型1,G1_534,G1,standard,360,160,120,60,40,30,12,0,LWH,G1_533
T024,车型1,G1_535,G1,standard,360,160,150,60,40,30,12,0,LWH,G1_534
T024,车型1,G1_536,G1,standard,360,160,180,60,40,30,12,0,LWH,G1_535
T025,车型1,G1_047,G1,standard,0,0,0,60,40,30,12,0,LWH,
T025,车型1,G1_048,G1,standard,0,0,30,60,40,30,12,0,LWH,G1_047
T025,车型1,G1_049,G1,standard,0,0,60,60,40,30,12,0,LWH,G1_048
T025,车型1,G1_050,G1,standard,0,0,90,60,40,30,12,0,LWH,G1_049
T025,车型1,G1_051,G1,standard,0,0,120,60,40,30,12,0,LWH,G1_050
T025,车型1,G1_052,G1,standard,0,0,150,60,40,30,12,0,LWH,G1_051
T025,车型1,G1_053,G1,standard,0,0,180,60,40,30,12,0,LWH,G1_052
T025,车型1,G1_054,G1,standard,0,40,0,60,40,30,12,0,LWH,
T025,车型1,G1_055,G1,standard,0,40,30,60,40,30,12,0,LWH,G1_054
T025,车型1,G1_056,G1,standard,0,40,60,60,40,30,12,0,LWH,G1_055
T025,车型1,G1_057,G1,standard,0,40,90,60,40,30,12,0,LWH,G1_056
T025,车型1,G1_058,G1,standard,0,40,120,60,40,30,12,0,LWH,G1_057
T025,车型1,G1_059,G1,standard,0,40,150,60,40,30,12,0,LWH,G1_058
T025,车型1,G1_060,G1,standard,0,40,180,60,40,30,12,0,LWH,G1_059
T025,车型1,G1_061,G1,standard,0,80,0,60,40,30,12,0,LWH,
T025,车型1,G1_062,G1,standard,0,80,30,60,40,30,12,0,LWH,G1_061
T025,车型1,G1_063,G1,standard,0,80,60,60,40,30,12,0,LWH,G1_062
T025,车型1,G1_064,G1,standard,0,80,90,60,40,30,12,0,LWH,G1_063
T025,车型1,G1_065,G1,standard,0,80,120,60,40,30,12,0,LWH,G1_064
T025,车型1,G1_066,G1,standard,0,80,150,60,40,30,12,0,LWH,G1_065
T025,车型1,G1_067,G1,standard,0,80,180,60,40,30,12,0,LWH,G1_066
T025,车型1,G1_068,G1,standard,0,120,0,60,40,30,12,0,LWH,
T025,车型1,G1_069,G1,standard,0,120,30,60,40,30,12,0,LWH,G1_068
T025,车型1,G1_070,G1,standard,0,120,60,60,40,30,12,0,LWH,G1_069
T025,车型1,G1_071,G1,standard,0,120,90,60,40,30,12,0,LWH,G1_070
T025,车型1,G1_072,G1,standard,0,120,120,60,40,30,12,0,LWH,G1_071
T025,车型1,G1_073,G1,standard,0,120,150,60,40,30,12,0,LWH,G1_072
T025,车型1,G1_074,G1,standard,0,120,180,60,40,30,12,0,LWH,G1_073
T025,车型1,G1_075,G1,standard,0,160,0,60,40,30,12,0,LWH,
T025,车型1,G1_076,G1,standard,0,160,30,60,40,30,12,0,LWH,G1_075
T025,车型1,G1_077,G1,standard,0,160,60,60,40,30,12,0,LWH,G1_076
T025,车型1,G1_078,G1,standard,0,160,90,60,40,30,12,0,LWH,G1_077
T025,车型1,G1_079,G1,standard,0,160,120,60,40,30,12,0,LWH,G1_078
T025,车型1,G1_080,G1,standard,0,160,150,60,40,30,12,0,LWH,G1_079
T025,车型1,G1_081,G1,standard,0,160,180,60,40,30,12,0,LWH,G1_080
T025,车型1,G1_082,G1,standard,60,0,0,60,40,30,12,0,LWH,
T025,车型1,G1_083,G1,standard,60,0,30,60,40,30,12,0,LWH,G1_082
T025,车型1,G1_084,G1,standard,60,0,60,60,40,30,12,0,LWH,G1_083
T025,车型1,G1_085,G1,standard,60,0,90,60,40,30,12,0,LWH,G1_084
T025,车型1,G1_086,G1,standard,60,0,120,60,40,30,12,0,LWH,G1_085
T025,车型1,G1_087,G1,standard,60,0,150,60,40,30,12,0,LWH,G1_086
T025,车型1,G1_088,G1,standard,60,0,180,60,40,30,12,0,LWH,G1_087
T025,车型1,G1_089,G1,standard,60,40,0,60,40,30,12,0,LWH,
T025,车型1,G1_090,G1,standard,60,40,30,60,40,30,12,0,LWH,G1_089
T025,车型1,G1_091,G1,standard,60,40,60,60,40,30,12,0,LWH,G1_090
T025,车型1,G1_092,G1,standard,60,40,90,60,40,30,12,0,LWH,G1_091
T025,车型1,G1_093,G1,standard,60,40,120,60,40,30,12,0,LWH,G1_092
T025,车型1,G1_094,G1,standard,60,40,150,60,40,30,12,0,LWH,G1_093
T025,车型1,G1_095,G1,standard,60,40,180,60,40,30,12,0,LWH,G1_094
T025,车型1,G1_096,G1,standard,60,80,0,60,40,30,12,0,LWH,
T025,车型1,G1_097,G1,standard,60,80,30,60,40,30,12,0,LWH,G1_096
T025,车型1,G1_098,G1,standard,60,80,60,60,40,30,12,0,LWH,G1_097
T025,车型1,G1_099,G1,standard,60,80,90,60,40,30,12,0,LWH,G1_098
T025,车型1,G1_100,G1,standard,60,80,120,60,40,30,12,0,LWH,G1_099
T025,车型1,G1_101,G1,standard,60,80,150,60,40,30,12,0,LWH,G1_100
T025,车型1,G1_102,G1,standard,60,80,180,60,40,30,12,0,LWH,G1_101
T025,车型1,G1_103,G1,standard,60,120,0,60,40,30,12,0,LWH,
T025,车型1,G1_104,G1,standard,60,120,30,60,40,30,12,0,LWH,G1_103
T025,车型1,G1_105,G1,standard,60,120,60,60,40,30,12,0,LWH,G1_104
T025,车型1,G1_106,G1,standard,60,120,90,60,40,30,12,0,LWH,G1_105
T025,车型1,G1_107,G1,standard,60,120,120,60,40,30,12,0,LWH,G1_106
T025,车型1,G1_108,G1,standard,60,120,150,60,40,30,12,0,LWH,G1_107
T025,车型1,G1_109,G1,standard,60,120,180,60,40,30,12,0,LWH,G1_108
T025,车型1,G1_110,G1,standard,60,160,0,60,40,30,12,0,LWH,
T025,车型1,G1_111,G1,standard,60,160,30,60,40,30,12,0,LWH,G1_110
T025,车型1,G1_112,G1,standard,60,160,60,60,40,30,12,0,LWH,G1_111
T025,车型1,G1_113,G1,standard,60,160,90,60,40,30,12,0,LWH,G1_112
T025,车型1,G1_114,G1,standard,60,160,120,60,40,30,12,0,LWH,G1_113
T025,车型1,G1_115,G1,standard,60,160,150,60,40,30,12,0,LWH,G1_114
T025,车型1,G1_116,G1,standard,60,160,180,60,40,30,12,0,LWH,G1_115
T025,车型1,G1_117,G1,standard,120,0,0,60,40,30,12,0,LWH,
T025,车型1,G1_118,G1,standard,120,0,30,60,40,30,12,0,LWH,G1_117
T025,车型1,G1_119,G1,standard,120,0,60,60,40,30,12,0,LWH,G1_118
T025,车型1,G1_120,G1,standard,120,0,90,60,40,30,12,0,LWH,G1_119
T025,车型1,G1_121,G1,standard,120,0,120,60,40,30,12,0,LWH,G1_120
T025,车型1,G1_122,G1,standard,120,0,150,60,40,30,12,0,LWH,G1_121
T025,车型1,G1_123,G1,standard,120,0,180,60,40,30,12,0,LWH,G1_122
T025,车型1,G1_124,G1,standard,120,40,0,60,40,30,12,0,LWH,
T025,车型1,G1_125,G1,standard,120,40,30,60,40,30,12,0,LWH,G1_124
T025,车型1,G1_126,G1,standard,120,40,60,60,40,30,12,0,LWH,G1_125
T025,车型1,G1_127,G1,standard,120,40,90,60,40,30,12,0,LWH,G1_126
T025,车型1,G1_128,G1,standard,120,40,120,60,40,30,12,0,LWH,G1_127
T025,车型1,G1_129,G1,standard,120,40,150,60,40,30,12,0,LWH,G1_128
T025,车型1,G1_130,G1,standard,120,40,180,60,40,30,12,0,LWH,G1_129
T025,车型1,G1_131,G1,standard,120,80,0,60,40,30,12,0,LWH,
T025,车型1,G1_132,G1,standard,120,80,30,60,40,30,12,0,LWH,G1_131
T025,车型1,G1_133,G1,standard,120,80,60,60,40,30,12,0,LWH,G1_132
T025,车型1,G1_134,G1,standard,120,80,90,60,40,30,12,0,LWH,G1_133
T025,车型1,G1_135,G1,standard,120,80,120,60,40,30,12,0,LWH,G1_134
T025,车型1,G1_136,G1,standard,120,80,150,60,40,30,12,0,LWH,G1_135
T025,车型1,G1_137,G1,standard,120,80,180,60,40,30,12,0,LWH,G1_136
T025,车型1,G1_138,G1,standard,120,120,0,60,40,30,12,0,LWH,
T025,车型1,G1_139,G1,standard,120,120,30,60,40,30,12,0,LWH,G1_138
T025,车型1,G1_140,G1,standard,120,120,60,60,40,30,12,0,LWH,G1_139
T025,车型1,G1_141,G1,standard,120,120,90,60,40,30,12,0,LWH,G1_140
T025,车型1,G1_142,G1,standard,120,120,120,60,40,30,12,0,LWH,G1_141
T025,车型1,G1_143,G1,standard,120,120,150,60,40,30,12,0,LWH,G1_142
T025,车型1,G1_144,G1,standard,120,120,180,60,40,30,12,0,LWH,G1_143
T025,车型1,G1_145,G1,standard,120,160,0,60,40,30,12,0,LWH,
T025,车型1,G1_146,G1,standard,120,160,30,60,40,30,12,0,LWH,G1_145
T025,车型1,G1_147,G1,standard,120,160,60,60,40,30,12,0,LWH,G1_146
T025,车型1,G1_148,G1,standard,120,160,90,60,40,30,12,0,LWH,G1_147
T025,车型1,G1_149,G1,standard,120,160,120,60,40,30,12,0,LWH,G1_148
T025,车型1,G1_150,G1,standard,120,160,150,60,40,30,12,0,LWH,G1_149
T025,车型1,G1_151,G1,standard,120,160,180,60,40,30,12,0,LWH,G1_150
T025,车型1,G1_152,G1,standard,180,0,0,60,40,30,12,0,LWH,
T025,车型1,G1_153,G1,standard,180,0,30,60,40,30,12,0,LWH,G1_152
T025,车型1,G1_154,G1,standard,180,0,60,60,40,30,12,0,LWH,G1_153
T025,车型1,G1_155,G1,standard,180,0,90,60,40,30,12,0,LWH,G1_154
T025,车型1,G1_156,G1,standard,180,0,120,60,40,30,12,0,LWH,G1_155
T025,车型1,G1_157,G1,standard,180,0,150,60,40,30,12,0,LWH,G1_156
T025,车型1,G1_158,G1,standard,180,0,180,60,40,30,12,0,LWH,G1_157
T025,车型1,G1_159,G1,standard,180,40,0,60,40,30,12,0,LWH,
T025,车型1,G1_160,G1,standard,180,40,30,60,40,30,12,0,LWH,G1_159
T025,车型1,G1_161,G1,standard,180,40,60,60,40,30,12,0,LWH,G1_160
T025,车型1,G1_162,G1,standard,180,40,90,60,40,30,12,0,LWH,G1_161
T025,车型1,G1_163,G1,standard,180,40,120,60,40,30,12,0,LWH,G1_162
T025,车型1,G1_164,G1,standard,180,40,150,60,40,30,12,0,LWH,G1_163
T025,车型1,G1_165,G1,standard,180,40,180,60,40,30,12,0,LWH,G1_164
T025,车型1,G1_166,G1,standard,180,80,0,60,40,30,12,0,LWH,
T025,车型1,G1_167,G1,standard,180,80,30,60,40,30,12,0,LWH,G1_166
T025,车型1,G1_168,G1,standard,180,80,60,60,40,30,12,0,LWH,G1_167
T025,车型1,G1_169,G1,standard,180,80,90,60,40,30,12,0,LWH,G1_168
T025,车型1,G1_170,G1,standard,180,80,120,60,40,30,12,0,LWH,G1_169
T025,车型1,G1_171,G1,standard,180,80,150,60,40,30,12,0,LWH,G1_170
T025,车型1,G1_172,G1,standard,180,80,180,60,40,30,12,0,LWH,G1_171
T025,车型1,G1_173,G1,standard,180,120,0,60,40,30,12,0,LWH,
T025,车型1,G1_174,G1,standard,180,120,30,60,40,30,12,0,LWH,G1_173
T025,车型1,G1_175,G1,standard,180,120,60,60,40,30,12,0,LWH,G1_174
T025,车型1,G1_176,G1,standard,180,120,90,60,40,30,12,0,LWH,G1_175
T025,车型1,G1_177,G1,standard,180,120,120,60,40,30,12,0,LWH,G1_176
T025,车型1,G1_178,G1,standard,180,120,150,60,40,30,12,0,LWH,G1_177
T025,车型1,G1_179,G1,standard,180,120,180,60,40,30,12,0,LWH,G1_178
T025,车型1,G1_180,G1,standard,180,160,0,60,40,30,12,0,LWH,
T025,车型1,G1_181,G1,standard,180,160,30,60,40,30,12,0,LWH,G1_180
T025,车型1,G1_182,G1,standard,180,160,60,60,40,30,12,0,LWH,G1_181
T025,车型1,G1_183,G1,standard,180,160,90,60,40,30,12,0,LWH,G1_182
T025,车型1,G1_184,G1,standard,180,160,120,60,40,30,12,0,LWH,G1_183
T025,车型1,G1_185,G1,standard,180,160,150,60,40,30,12,0,LWH,G1_184
T025,车型1,G1_186,G1,standard,180,160,180,60,40,30,12,0,LWH,G1_185
T025,车型1,G1_187,G1,standard,240,0,0,60,40,30,12,0,LWH,
T025,车型1,G1_188,G1,standard,240,0,30,60,40,30,12,0,LWH,G1_187
T025,车型1,G1_189,G1,standard,240,0,60,60,40,30,12,0,LWH,G1_188
T025,车型1,G1_190,G1,standard,240,0,90,60,40,30,12,0,LWH,G1_189
T025,车型1,G1_191,G1,standard,240,0,120,60,40,30,12,0,LWH,G1_190
T025,车型1,G1_192,G1,standard,240,0,150,60,40,30,12,0,LWH,G1_191
T025,车型1,G1_193,G1,standard,240,0,180,60,40,30,12,0,LWH,G1_192
T025,车型1,G1_194,G1,standard,240,40,0,60,40,30,12,0,LWH,
T025,车型1,G1_195,G1,standard,240,40,30,60,40,30,12,0,LWH,G1_194
T025,车型1,G1_196,G1,standard,240,40,60,60,40,30,12,0,LWH,G1_195
T025,车型1,G1_197,G1,standard,240,40,90,60,40,30,12,0,LWH,G1_196
T025,车型1,G1_198,G1,standard,240,40,120,60,40,30,12,0,LWH,G1_197
T025,车型1,G1_199,G1,standard,240,40,150,60,40,30,12,0,LWH,G1_198
T025,车型1,G1_200,G1,standard,240,40,180,60,40,30,12,0,LWH,G1_199
T025,车型1,G1_201,G1,standard,240,80,0,60,40,30,12,0,LWH,
T025,车型1,G1_202,G1,standard,240,80,30,60,40,30,12,0,LWH,G1_201
T025,车型1,G1_203,G1,standard,240,80,60,60,40,30,12,0,LWH,G1_202
T025,车型1,G1_204,G1,standard,240,80,90,60,40,30,12,0,LWH,G1_203
T025,车型1,G1_205,G1,standard,240,80,120,60,40,30,12,0,LWH,G1_204
T025,车型1,G1_206,G1,standard,240,80,150,60,40,30,12,0,LWH,G1_205
T025,车型1,G1_207,G1,standard,240,80,180,60,40,30,12,0,LWH,G1_206
T025,车型1,G1_208,G1,standard,240,120,0,60,40,30,12,0,LWH,
T025,车型1,G1_209,G1,standard,240,120,30,60,40,30,12,0,LWH,G1_208
T025,车型1,G1_210,G1,standard,240,120,60,60,40,30,12,0,LWH,G1_209
T025,车型1,G1_211,G1,standard,240,120,90,60,40,30,12,0,LWH,G1_210
T025,车型1,G1_212,G1,standard,240,120,120,60,40,30,12,0,LWH,G1_211
T025,车型1,G1_213,G1,standard,240,120,150,60,40,30,12,0,LWH,G1_212
T025,车型1,G1_214,G1,standard,240,120,180,60,40,30,12,0,LWH,G1_213
T025,车型1,G1_215,G1,standard,240,160,0,60,40,30,12,0,LWH,
T025,车型1,G1_216,G1,standard,240,160,30,60,40,30,12,0,LWH,G1_215
T025,车型1,G1_217,G1,standard,240,160,60,60,40,30,12,0,LWH,G1_216
T025,车型1,G1_218,G1,standard,240,160,90,60,40,30,12,0,LWH,G1_217
T025,车型1,G1_219,G1,standard,240,160,120,60,40,30,12,0,LWH,G1_218
T025,车型1,G1_220,G1,standard,240,160,150,60,40,30,12,0,LWH,G1_219
T025,车型1,G1_221,G1,standard,240,160,180,60,40,30,12,0,LWH,G1_220
T025,车型1,G1_222,G1,standard,300,0,0,60,40,30,12,0,LWH,
T025,车型1,G1_223,G1,standard,300,0,30,60,40,30,12,0,LWH,G1_222
T025,车型1,G1_224,G1,standard,300,0,60,60,40,30,12,0,LWH,G1_223
T025,车型1,G1_225,G1,standard,300,0,90,60,40,30,12,0,LWH,G1_224
T025,车型1,G1_226,G1,standard,300,0,120,60,40,30,12,0,LWH,G1_225
T025,车型1,G1_227,G1,standard,300,0,150,60,40,30,12,0,LWH,G1_226
T025,车型1,G1_228,G1,standard,300,0,180,60,40,30,12,0,LWH,G1_227
T025,车型1,G1_229,G1,standard,300,40,0,60,40,30,12,0,LWH,
T025,车型1,G1_230,G1,standard,300,40,30,60,40,30,12,0,LWH,G1_229
T025,车型1,G1_231,G1,standard,300,40,60,60,40,30,12,0,LWH,G1_230
T025,车型1,G1_232,G1,standard,300,40,90,60,40,30,12,0,LWH,G1_231
T025,车型1,G1_233,G1,standard,300,40,120,60,40,30,12,0,LWH,G1_232
T025,车型1,G1_234,G1,standard,300,40,150,60,40,30,12,0,LWH,G1_233
T025,车型1,G1_235,G1,standard,300,40,180,60,40,30,12,0,LWH,G1_234
T025,车型1,G1_236,G1,standard,300,80,0,60,40,30,12,0,LWH,
T025,车型1,G1_237,G1,standard,300,80,30,60,40,30,12,0,LWH,G1_236
T025,车型1,G1_238,G1,standard,300,80,60,60,40,30,12,0,LWH,G1_237
T025,车型1,G1_239,G1,standard,300,80,90,60,40,30,12,0,LWH,G1_238
T025,车型1,G1_240,G1,standard,300,80,120,60,40,30,12,0,LWH,G1_239
T025,车型1,G1_241,G1,standard,300,80,150,60,40,30,12,0,LWH,G1_240
T025,车型1,G1_242,G1,standard,300,80,180,60,40,30,12,0,LWH,G1_241
T025,车型1,G1_243,G1,standard,300,120,0,60,40,30,12,0,LWH,
T025,车型1,G1_244,G1,standard,300,120,30,60,40,30,12,0,LWH,G1_243
T025,车型1,G1_245,G1,standard,300,120,60,60,40,30,12,0,LWH,G1_244
T025,车型1,G1_246,G1,standard,300,120,90,60,40,30,12,0,LWH,G1_245
T025,车型1,G1_247,G1,standard,300,120,120,60,40,30,12,0,LWH,G1_246
T025,车型1,G1_248,G1,standard,300,120,150,60,40,30,12,0,LWH,G1_247
T025,车型1,G1_249,G1,standard,300,120,180,60,40,30,12,0,LWH,G1_248
T025,车型1,G1_250,G1,standard,300,160,0,60,40,30,12,0,LWH,
T025,车型1,G1_251,G1,standard,300,160,30,60,40,30,12,0,LWH,G1_250
T025,车型1,G1_252,G1,standard,300,160,60,60,40,30,12,0,LWH,G1_251
T025,车型1,G1_253,G1,standard,300,160,90,60,40,30,12,0,LWH,G1_252
T025,车型1,G1_254,G1,standard,300,160,120,60,40,30,12,0,LWH,G1_253
T025,车型1,G1_255,G1,standard,300,160,150,60,40,30,12,0,LWH,G1_254
T025,车型1,G1_256,G1,standard,300,160,180,60,40,30,12,0,LWH,G1_255
T025,车型1,G1_257,G1,standard,360,0,0,60,40,30,12,0,LWH,
T025,车型1,G1_258,G1,standard,360,0,30,60,40,30,12,0,LWH,G1_257
T025,车型1,G1_259,G1,standard,360,0,60,60,40,30,12,0,LWH,G1_258
T025,车型1,G1_260,G1,standard,360,0,90,60,40,30,12,0,LWH,G1_259
T025,车型1,G1_261,G1,standard,360,0,120,60,40,30,12,0,LWH,G1_260
T025,车型1,G1_262,G1,standard,360,0,150,60,40,30,12,0,LWH,G1_261
T025,车型1,G1_263,G1,standard,360,0,180,60,40,30,12,0,LWH,G1_262
T025,车型1,G1_264,G1,standard,360,40,0,60,40,30,12,0,LWH,
T025,车型1,G1_265,G1,standard,360,40,30,60,40,30,12,0,LWH,G1_264
T025,车型1,G1_266,G1,standard,360,40,60,60,40,30,12,0,LWH,G1_265
T025,车型1,G1_267,G1,standard,360,40,90,60,40,30,12,0,LWH,G1_266
T025,车型1,G1_268,G1,standard,360,40,120,60,40,30,12,0,LWH,G1_267
T025,车型1,G1_269,G1,standard,360,40,150,60,40,30,12,0,LWH,G1_268
T025,车型1,G1_270,G1,standard,360,40,180,60,40,30,12,0,LWH,G1_269
T025,车型1,G1_271,G1,standard,360,80,0,60,40,30,12,0,LWH,
T025,车型1,G1_272,G1,standard,360,80,30,60,40,30,12,0,LWH,G1_271
T025,车型1,G1_273,G1,standard,360,80,60,60,40,30,12,0,LWH,G1_272
T025,车型1,G1_274,G1,standard,360,80,90,60,40,30,12,0,LWH,G1_273
T025,车型1,G1_275,G1,standard,360,80,120,60,40,30,12,0,LWH,G1_274
T025,车型1,G1_276,G1,standard,360,80,150,60,40,30,12,0,LWH,G1_275
T025,车型1,G1_277,G1,standard,360,80,180,60,40,30,12,0,LWH,G1_276
T025,车型1,G1_278,G1,standard,360,120,0,60,40,30,12,0,LWH,
T025,车型1,G1_279,G1,standard,360,120,30,60,40,30,12,0,LWH,G1_278
T025,车型1,G1_280,G1,standard,360,120,60,60,40,30,12,0,LWH,G1_279
T025,车型1,G1_281,G1,standard,360,120,90,60,40,30,12,0,LWH,G1_280
T025,车型1,G1_282,G1,standard,360,120,120,60,40,30,12,0,LWH,G1_281
T025,车型1,G1_283,G1,standard,360,120,150,60,40,30,12,0,LWH,G1_282
T025,车型1,G1_284,G1,standard,360,120,180,60,40,30,12,0,LWH,G1_283
T025,车型1,G1_285,G1,standard,360,160,0,60,40,30,12,0,LWH,
T025,车型1,G1_286,G1,standard,360,160,30,60,40,30,12,0,LWH,G1_285
T025,车型1,G1_287,G1,standard,360,160,60,60,40,30,12,0,LWH,G1_286
T025,车型1,G1_288,G1,standard,360,160,90,60,40,30,12,0,LWH,G1_287
T025,车型1,G1_289,G1,standard,360,160,120,60,40,30,12,0,LWH,G1_288
T025,车型1,G1_290,G1,standard,360,160,150,60,40,30,12,0,LWH,G1_289
T025,车型1,G1_291,G1,standard,360,160,180,60,40,30,12,0,LWH,G1_290
T026,车型1,G1_001,G1,standard,0,0,0,60,40,30,12,0,LWH,
T026,车型1,G1_002,G1,standard,0,0,30,60,40,30,12,0,LWH,G1_001
T026,车型1,G1_003,G1,standard,0,0,60,60,40,30,12,0,LWH,G1_002
T026,车型1,G1_004,G1,standard,0,0,90,60,40,30,12,0,LWH,G1_003
T026,车型1,G1_005,G1,standard,0,0,120,60,40,30,12,0,LWH,G1_004
T026,车型1,G1_006,G1,standard,0,0,150,60,40,30,12,0,LWH,G1_005
T026,车型1,G1_007,G1,standard,0,0,180,60,40,30,12,0,LWH,G1_006
T026,车型1,G1_008,G1,standard,0,40,0,60,40,30,12,0,LWH,
T026,车型1,G1_009,G1,standard,0,40,30,60,40,30,12,0,LWH,G1_008
T026,车型1,G1_010,G1,standard,0,40,60,60,40,30,12,0,LWH,G1_009
T026,车型1,G1_011,G1,standard,0,40,90,60,40,30,12,0,LWH,G1_010
T026,车型1,G1_012,G1,standard,0,40,120,60,40,30,12,0,LWH,G1_011
T026,车型1,G1_013,G1,standard,0,40,150,60,40,30,12,0,LWH,G1_012
T026,车型1,G1_014,G1,standard,0,40,180,60,40,30,12,0,LWH,G1_013
T026,车型1,G1_015,G1,standard,0,80,0,60,40,30,12,0,LWH,
T026,车型1,G1_016,G1,standard,0,80,30,60,40,30,12,0,LWH,G1_015
T026,车型1,G1_017,G1,standard,0,80,60,60,40,30,12,0,LWH,G1_016
T026,车型1,G1_018,G1,standard,0,80,90,60,40,30,12,0,LWH,G1_017
T026,车型1,G1_019,G1,standard,0,80,120,60,40,30,12,0,LWH,G1_018
T026,车型1,G1_020,G1,standard,0,80,150,60,40,30,12,0,LWH,G1_019
T026,车型1,G1_021,G1,standard,0,80,180,60,40,30,12,0,LWH,G1_020
T026,车型1,G1_022,G1,standard,0,120,0,60,40,30,12,0,LWH,
T026,车型1,G1_023,G1,standard,0,120,30,60,40,30,12,0,LWH,G1_022
T026,车型1,G1_024,G1,standard,0,120,60,60,40,30,12,0,LWH,G1_023
T026,车型1,G1_025,G1,standard,0,120,90,60,40,30,12,0,LWH,G1_024
T026,车型1,G1_026,G1,standard,0,120,120,60,40,30,12,0,LWH,G1_025
T026,车型1,G1_027,G1,standard,0,120,150,60,40,30,12,0,LWH,G1_026
T026,车型1,G1_028,G1,standard,0,120,180,60,40,30,12,0,LWH,G1_027
T026,车型1,G1_029,G1,standard,0,160,0,60,40,30,12,0,LWH,
T026,车型1,G1_030,G1,standard,0,160,30,60,40,30,12,0,LWH,G1_029
T026,车型1,G1_031,G1,standard,0,160,60,60,40,30,12,0,LWH,G1_030
T026,车型1,G1_032,G1,standard,0,160,90,60,40,30,12,0,LWH,G1_031
T026,车型1,G1_033,G1,standard,0,160,120,60,40,30,12,0,LWH,G1_032
T026,车型1,G1_034,G1,standard,0,160,150,60,40,30,12,0,LWH,G1_033
T026,车型1,G1_035,G1,standard,0,160,180,60,40,30,12,0,LWH,G1_034
T026,车型1,G1_036,G1,standard,60,0,0,60,40,30,12,0,LWH,
T026,车型1,G1_037,G1,standard,60,0,30,60,40,30,12,0,LWH,G1_036
T026,车型1,G1_038,G1,standard,60,0,60,60,40,30,12,0,LWH,G1_037
T026,车型1,G1_039,G1,standard,60,0,90,60,40,30,12,0,LWH,G1_038
T026,车型1,G1_040,G1,standard,60,0,120,60,40,30,12,0,LWH,G1_039
T026,车型1,G1_041,G1,standard,60,0,150,60,40,30,12,0,LWH,G1_040
T026,车型1,G1_042,G1,standard,60,0,180,60,40,30,12,0,LWH,G1_041
T026,车型1,G1_043,G1,standard,60,40,0,60,40,30,12,0,LWH,
T026,车型1,G1_044,G1,standard,60,40,30,60,40,30,12,0,LWH,G1_043
T026,车型1,G1_045,G1,standard,60,40,60,60,40,30,12,0,LWH,G1_044
T026,车型1,G1_046,G1,standard,60,40,90,60,40,30,12,0,LWH,G1_045
T026,车型1,G2_679,G2,standard,60,40,120,50,35,25,8,0,LWH,G1_046
T026,车型1,G2_680,G2,standard,60,40,145,50,35,25,8,0,LWH,G2_679
T026,车型1,G2_681,G2,standard,60,40,170,50,35,25,8,0,LWH,G2_680
T026,车型1,G2_682,G2,standard,60,80,0,50,35,25,8,0,LWH,
T026,车型1,G2_683,G2,standard,60,80,25,50,35,25,8,0,LWH,G2_682
T026,车型1,G2_684,G2,standard,60,80,50,50,35,25,8,0,LWH,G2_683
T026,车型1,G2_685,G2,standard,60,80,75,50,35,25,8,0,LWH,G2_684
T026,车型1,G2_686,G2,standard,60,80,100,50,35,25,8,0,LWH,G2_685
T026,车型1,G2_687,G2,standard,60,80,125,50,35,25,8,0,LWH,G2_686
T026,车型1,G2_688,G2,standard,60,80,150,50,35,25,8,0,LWH,G2_687
T026,车型1,G2_689,G2,standard,60,80,175,50,35,25,8,0,LWH,G2_688
T026,车型1,G2_690,G2,standard,60,115,0,50,35,25,8,0,LWH,
T026,车型1,G2_691,G2,standard,60,115,25,50,35,25,8,0,LWH,G2_690
T026,车型1,G2_692,G2,standard,60,115,50,50,35,25,8,0,LWH,G2_691
T026,车型1,G2_693,G2,standard,60,115,75,50,35,25,8,0,LWH,G2_692
T026,车型1,G2_694,G2,standard,60,115,100,50,35,25,8,0,LWH,G2_693
T026,车型1,G2_695,G2,standard,60,115,125,50,35,25,8,0,LWH,G2_694
T026,车型1,G2_696,G2,standard,60,115,150,50,35,25,8,0,LWH,G2_695
T026,车型1,G2_697,G2,standard,60,115,175,50,35,25,8,0,LWH,G2_696
T026,车型1,G2_698,G2,standard,60,150,0,50,35,25,8,0,LWH,
T026,车型1,G2_699,G2,standard,60,150,25,50,35,25,8,0,LWH,G2_698
T026,车型1,G2_700,G2,standard,60,150,50,50,35,25,8,0,LWH,G2_699
T026,车型1,G2_701,G2,standard,60,150,75,50,35,25,8,0,LWH,G2_700
T026,车型1,G2_702,G2,standard,60,150,100,50,35,25,8,0,LWH,G2_701
T026,车型1,G2_703,G2,standard,60,150,125,50,35,25,8,0,LWH,G2_702
T026,车型1,G2_704,G2,standard,60,150,150,50,35,25,8,0,LWH,G2_703
T026,车型1,G2_705,G2,standard,60,150,175,50,35,25,8,0,LWH,G2_704
T026,车型1,G2_706,G2,standard,60,185,0,50,25,35,8,1,LHW,
T026,车型1,G2_707,G2,standard,60,185,35,50,25,35,8,1,LHW,G2_706
T026,车型1,G2_708,G2,standard,60,185,70,50,25,35,8,1,LHW,G2_707
T026,车型1,G2_709,G2,standard,60,185,105,50,25,35,8,1,LHW,G2_708
T026,车型1,G2_710,G2,standard,60,185,140,50,25,35,8,1,LHW,G2_709
T026,车型1,G2_711,G2,standard,60,185,175,50,25,35,8,1,LHW,G2_710
T026,车型1,G2_712,G2,standard,120,0,0,50,35,25,8,0,LWH,
T026,车型1,G2_713,G2,standard,120,0,25,50,35,25,8,0,LWH,G2_712
T026,车型1,G2_714,G2,standard,120,0,50,50,35,25,8,0,LWH,G2_713
T026,车型1,G2_715,G2,standard,120,0,75,50,35,25,8,0,LWH,G2_714
T026,车型1,G2_716,G2,standard,120,0,100,50,35,25,8,0,LWH,G2_715
T026,车型1,G2_717,G2,standard,120,0,125,50,35,25,8,0,LWH,G2_716
T026,车型1,G2_718,G2,standard,120,0,150,50,35,25,8,0,LWH,G2_717
T026,车型1,G2_719,G2,standard,120,0,175,50,35,25,8,0,LWH,G2_718
T026,车型1,G2_720,G2,standard,120,35,0,50,35,25,8,0,LWH,
T026,车型1,G2_721,G2,standard,120,35,25,50,35,25,8,0,LWH,G2_720
T026,车型1,G2_722,G2,standard,120,35,50,50,35,25,8,0,LWH,G2_721
T026,车型1,G2_723,G2,standard,120,35,75,50,35,25,8,0,LWH,G2_722
T026,车型1,G2_724,G2,standard,120,35,100,50,35,25,8,0,LWH,G2_723
T026,车型1,G2_725,G2,standard,120,35,125,50,35,25,8,0,LWH,G2_724
T026,车型1,G2_726,G2,standard,120,35,150,50,35,25,8,0,LWH,G2_725
T026,车型1,G2_727,G2,standard,120,35,175,50,35,25,8,0,LWH,G2_726
T026,车型1,G2_728,G2,standard,120,70,0,50,35,25,8,0,LWH,
T026,车型1,G2_729,G2,standard,120,70,25,50,35,25,8,0,LWH,G2_728
T026,车型1,G2_730,G2,standard,120,70,50,50,35,25,8,0,LWH,G2_729
T026,车型1,G2_731,G2,standard,120,70,75,50,35,25,8,0,LWH,G2_730
T026,车型1,G2_732,G2,standard,120,70,100,50,35,25,8,0,LWH,G2_731
T026,车型1,G2_733,G2,standard,120,70,125,50,35,25,8,0,LWH,G2_732
T026,车型1,G2_734,G2,standard,120,70,150,50,35,25,8,0,LWH,G2_733
T026,车型1,G2_735,G2,standard,120,70,175,50,35,25,8,0,LWH,G2_734
T026,车型1,G2_736,G2,standard,120,105,0,50,35,25,8,0,LWH,
T026,车型1,G2_737,G2,standard,120,105,25,50,35,25,8,0,LWH,G2_736
T026,车型1,G2_738,G2,standard,120,105,50,50,35,25,8,0,LWH,G2_737
T026,车型1,G2_739,G2,standard,120,105,75,50,35,25,8,0,LWH,G2_738
T026,车型1,G2_740,G2,standard,120,105,100,50,35,25,8,0,LWH,G2_739
T026,车型1,G2_741,G2,standard,120,105,125,50,35,25,8,0,LWH,G2_740
T026,车型1,G2_742,G2,standard,120,105,150,50,35,25,8,0,LWH,G2_741
T026,车型1,G2_743,G2,standard,120,105,175,50,35,25,8,0,LWH,G2_742
T026,车型1,G2_744,G2,standard,120,140,0,50,35,25,8,0,LWH,
T026,车型1,G2_745,G2,standard,120,140,25,50,35,25,8,0,LWH,G2_744
T026,车型1,G2_746,G2,standard,120,140,50,50,35,25,8,0,LWH,G2_745
T026,车型1,G2_747,G2,standard,120,140,75,50,35,25,8,0,LWH,G2_746
T026,车型1,G2_748,G2,standard,120,140,100,50,35,25,8,0,LWH,G2_747
T026,车型1,G2_749,G2,standard,120,140,125,50,35,25,8,0,LWH,G2_748
T026,车型1,G2_750,G2,standard,120,140,150,50,35,25,8,0,LWH,G2_749
T026,车型1,G2_751,G2,standard,120,140,175,50,35,25,8,0,LWH,G2_750
T026,车型1,G2_752,G2,standard,120,175,0,50,35,25,8,0,LWH,
T026,车型1,G2_753,G2,standard,120,175,25,50,35,25,8,0,LWH,G2_752
T026,车型1,G2_754,G2,standard,120,175,50,50,35,25,8,0,LWH,G2_753
T026,车型1,G2_755,G2,standard,120,175,75,50,35,25,8,0,LWH,G2_754
T026,车型1,G2_756,G2,standard,120,175,100,50,35,25,8,0,LWH,G2_755
T026,车型1,G2_757,G2,standard,120,175,125,50,35,25,8,0,LWH,G2_756
T026,车型1,G2_758,G2,standard,120,175,150,50,35,25,8,0,LWH,G2_757
T026,车型1,G2_759,G2,standard,120,175,175,50,35,25,8,0,LWH,G2_758
T026,车型1,G2_760,G2,standard,170,0,0,50,35,25,8,0,LWH,
T026,车型1,G2_761,G2,standard,170,0,25,50,35,25,8,0,LWH,G2_760
T026,车型1,G2_762,G2,standard,170,0,50,50,35,25,8,0,LWH,G2_761
T026,车型1,G2_763,G2,standard,170,0,75,50,35,25,8,0,LWH,G2_762
T026,车型1,G2_764,G2,standard,170,0,100,50,35,25,8,0,LWH,G2_763
T026,车型1,G2_765,G2,standard,170,0,125,50,35,25,8,0,LWH,G2_764
T026,车型1,G2_766,G2,standard,170,0,150,50,35,25,8,0,LWH,G2_765
T026,车型1,G2_767,G2,standard,170,0,175,50,35,25,8,0,LWH,G2_766
T026,车型1,G2_768,G2,standard,170,35,0,50,35,25,8,0,LWH,
T026,车型1,G2_769,G2,standard,170,35,25,50,35,25,8,0,LWH,G2_768
T026,车型1,G2_770,G2,standard,170,35,50,50,35,25,8,0,LWH,G2_769
T026,车型1,G2_771,G2,standard,170,35,75,50,35,25,8,0,LWH,G2_770
T026,车型1,G2_772,G2,standard,170,35,100,50,35,25,8,0,LWH,G2_771
T026,车型1,G2_773,G2,standard,170,35,125,50,35,25,8,0,LWH,G2_772
T026,车型1,G2_774,G2,standard,170,35,150,50,35,25,8,0,LWH,G2_773
T026,车型1,G2_775,G2,standard,170,35,175,50,35,25,8,0,LWH,G2_774
T026,车型1,G2_776,G2,standard,170,70,0,50,35,25,8,0,LWH,
T026,车型1,G2_777,G2,standard,170,70,25,50,35,25,8,0,LWH,G2_776
T026,车型1,G2_778,G2,standard,170,70,50,50,35,25,8,0,LWH,G2_777
T026,车型1,G2_779,G2,standard,170,70,75,50,35,25,8,0,LWH,G2_778
T026,车型1,G2_780,G2,standard,170,70,100,50,35,25,8,0,LWH,G2_779
T026,车型1,G2_781,G2,standard,170,70,125,50,35,25,8,0,LWH,G2_780
T026,车型1,G2_782,G2,standard,170,70,150,50,35,25,8,0,LWH,G2_781
T026,车型1,G2_783,G2,standard,170,70,175,50,35,25,8,0,LWH,G2_782
T026,车型1,G2_784,G2,standard,170,105,0,50,35,25,8,0,LWH,
T026,车型1,G2_785,G2,standard,170,105,25,50,35,25,8,0,LWH,G2_784
T026,车型1,G2_786,G2,standard,170,105,50,50,35,25,8,0,LWH,G2_785
T026,车型1,G2_787,G2,standard,170,105,75,50,35,25,8,0,LWH,G2_786
T026,车型1,G2_788,G2,standard,170,105,100,50,35,25,8,0,LWH,G2_787
T026,车型1,G2_789,G2,standard,170,105,125,50,35,25,8,0,LWH,G2_788
T026,车型1,G2_790,G2,standard,170,105,150,50,35,25,8,0,LWH,G2_789
T026,车型1,G2_791,G2,standard,170,105,175,50,35,25,8,0,LWH,G2_790
T026,车型1,G2_792,G2,standard,170,140,0,50,35,25,8,0,LWH,
T026,车型1,G2_793,G2,standard,170,140,25,50,35,25,8,0,LWH,G2_792
T026,车型1,G2_794,G2,standard,170,140,50,50,35,25,8,0,LWH,G2_793
T026,车型1,G2_795,G2,standard,170,140,75,50,35,25,8,0,LWH,G2_794
T026,车型1,G2_796,G2,standard,170,140,100,50,35,25,8,0,LWH,G2_795
T026,车型1,G2_797,G2,standard,170,140,125,50,35,25,8,0,LWH,G2_796
T026,车型1,G2_798,G2,standard,170,140,150,50,35,25,8,0,LWH,G2_797
T026,车型1,G2_799,G2,standard,170,140,175,50,35,25,8,0,LWH,G2_798
T026,车型1,G2_800,G2,standard,170,175,0,50,35,25,8,0,LWH,
T026,车型1,G2_801,G2,standard,170,175,25,50,35,25,8,0,LWH,G2_800
T026,车型1,G2_802,G2,standard,170,175,50,50,35,25,8,0,LWH,G2_801
T026,车型1,G2_803,G2,standard,170,175,75,50,35,25,8,0,LWH,G2_802
T026,车型1,G2_804,G2,standard,170,175,100,50,35,25,8,0,LWH,G2_803
T026,车型1,G2_805,G2,standard,170,175,125,50,35,25,8,0,LWH,G2_804
T026,车型1,G2_806,G2,standard,170,175,150,50,35,25,8,0,LWH,G2_805
T026,车型1,G2_807,G2,standard,170,175,175,50,35,25,8,0,LWH,G2_806
T026,车型1,G2_808,G2,standard,220,0,0,50,35,25,8,0,LWH,
T026,车型1,G2_809,G2,standard,220,0,25,50,35,25,8,0,LWH,G2_808
T026,车型1,G2_810,G2,standard,220,0,50,50,35,25,8,0,LWH,G2_809
T026,车型1,G2_811,G2,standard,220,0,75,50,35,25,8,0,LWH,G2_810
T026,车型1,G2_812,G2,standard,220,0,100,50,35,25,8,0,LWH,G2_811
T026,车型1,G2_813,G2,standard,220,0,125,50,35,25,8,0,LWH,G2_812
T026,车型1,G2_814,G2,standard,220,0,150,50,35,25,8,0,LWH,G2_813
T026,车型1,G2_815,G2,standard,220,0,175,50,35,25,8,0,LWH,G2_814
T026,车型1,G2_816,G2,standard,220,35,0,50,35,25,8,0,LWH,
T026,车型1,G2_817,G2,standard,220,35,25,50,35,25,8,0,LWH,G2_816
T026,车型1,G2_818,G2,standard,220,35,50,50,35,25,8,0,LWH,G2_817
T026,车型1,G2_819,G2,standard,220,35,75,50,35,25,8,0,LWH,G2_818
T026,车型1,G2_820,G2,standard,220,35,100,50,35,25,8,0,LWH,G2_819
T026,车型1,G2_821,G2,standard,220,35,125,50,35,25,8,0,LWH,G2_820
T026,车型1,G2_822,G2,standard,220,35,150,50,35,25,8,0,LWH,G2_821
T026,车型1,G2_823,G2,standard,220,35,175,50,35,25,8,0,LWH,G2_822
T026,车型1,G2_824,G2,standard,220,70,0,50,35,25,8,0,LWH,
T026,车型1,G2_825,G2,standard,220,70,25,50,35,25,8,0,LWH,G2_824
T026,车型1,G2_826,G2,standard,220,70,50,50,35,25,8,0,LWH,G2_825
T026,车型1,G2_827,G2,standard,220,70,75,50,35,25,8,0,LWH,G2_826
T026,车型1,G2_828,G2,standard,220,70,100,50,35,25,8,0,LWH,G2_827
T026,车型1,G2_829,G2,standard,220,70,125,50,35,25,8,0,LWH,G2_828
T026,车型1,G2_830,G2,standard,220,70,150,50,35,25,8,0,LWH,G2_829
T026,车型1,G2_831,G2,standard,220,70,175,50,35,25,8,0,LWH,G2_830
T026,车型1,G2_832,G2,standard,220,105,0,50,35,25,8,0,LWH,
T026,车型1,G2_833,G2,standard,220,105,25,50,35,25,8,0,LWH,G2_832
T026,车型1,G2_834,G2,standard,220,105,50,50,35,25,8,0,LWH,G2_833
T026,车型1,G2_835,G2,standard,220,105,75,50,35,25,8,0,LWH,G2_834
T026,车型1,G2_836,G2,standard,220,105,100,50,35,25,8,0,LWH,G2_835
T026,车型1,G2_837,G2,standard,220,105,125,50,35,25,8,0,LWH,G2_836
T026,车型1,G2_838,G2,standard,220,105,150,50,35,25,8,0,LWH,G2_837
T026,车型1,G2_839,G2,standard,220,105,175,50,35,25,8,0,LWH,G2_838
T026,车型1,G2_840,G2,standard,220,140,0,50,35,25,8,0,LWH,
T026,车型1,G2_841,G2,standard,220,140,25,50,35,25,8,0,LWH,G2_840
T026,车型1,G2_842,G2,standard,220,140,50,50,35,25,8,0,LWH,G2_841
T026,车型1,G2_843,G2,standard,220,140,75,50,35,25,8,0,LWH,G2_842
T026,车型1,G2_844,G2,standard,220,140,100,50,35,25,8,0,LWH,G2_843
T026,车型1,G2_845,G2,standard,220,140,125,50,35,25,8,0,LWH,G2_844
T026,车型1,G2_846,G2,standard,220,140,150,50,35,25,8,0,LWH,G2_845
T026,车型1,G2_847,G2,standard,220,140,175,50,35,25,8,0,LWH,G2_846
T026,车型1,G2_848,G2,standard,220,175,0,50,35,25,8,0,LWH,
T026,车型1,G2_849,G2,standard,220,175,25,50,35,25,8,0,LWH,G2_848
T026,车型1,G2_850,G2,standard,220,175,50,50,35,25,8,0,LWH,G2_849
T026,车型1,G2_851,G2,standard,220,175,75,50,35,25,8,0,LWH,G2_850
T026,车型1,G2_852,G2,standard,220,175,100,50,35,25,8,0,LWH,G2_851
T026,车型1,G2_853,G2,standard,220,175,125,50,35,25,8,0,LWH,G2_852
T026,车型1,G2_854,G2,standard,220,175,150,50,35,25,8,0,LWH,G2_853
T026,车型1,G2_855,G2,standard,220,175,175,50,35,25,8,0,LWH,G2_854
T026,车型1,G2_856,G2,standard,270,0,0,50,35,25,8,0,LWH,
T026,车型1,G2_857,G2,standard,270,0,25,50,35,25,8,0,LWH,G2_856
T026,车型1,G2_858,G2,standard,270,0,50,50,35,25,8,0,LWH,G2_857
T026,车型1,G2_859,G2,standard,270,0,75,50,35,25,8,0,LWH,G2_858
T026,车型1,G2_860,G2,standard,270,0,100,50,35,25,8,0,LWH,G2_859
T026,车型1,G2_861,G2,standard,270,0,125,50,35,25,8,0,LWH,G2_860
T026,车型1,G2_862,G2,standard,270,0,150,50,35,25,8,0,LWH,G2_861
T026,车型1,G2_863,G2,standard,270,0,175,50,35,25,8,0,LWH,G2_862
T026,车型1,G2_864,G2,standard,270,35,0,50,35,25,8,0,LWH,
T026,车型1,G2_865,G2,standard,270,35,25,50,35,25,8,0,LWH,G2_864
T026,车型1,G2_866,G2,standard,270,35,50,50,35,25,8,0,LWH,G2_865
T026,车型1,G2_867,G2,standard,270,35,75,50,35,25,8,0,LWH,G2_866
T026,车型1,G2_868,G2,standard,270,35,100,50,35,25,8,0,LWH,G2_867
T026,车型1,G2_869,G2,standard,270,35,125,50,35,25,8,0,LWH,G2_868
T026,车型1,G2_870,G2,standard,270,35,150,50,35,25,8,0,LWH,G2_869
T026,车型1,G2_871,G2,standard,270,35,175,50,35,25,8,0,LWH,G2_870
T026,车型1,G2_872,G2,standard,270,70,0,50,35,25,8,0,LWH,
T026,车型1,G2_873,G2,standard,270,70,25,50,35,25,8,0,LWH,G2_872
T026,车型1,G2_874,G2,standard,270,70,50,50,35,25,8,0,LWH,G2_873
T026,车型1,G2_875,G2,standard,270,70,75,50,35,25,8,0,LWH,G2_874
T026,车型1,G2_876,G2,standard,270,70,100,50,35,25,8,0,LWH,G2_875
T026,车型1,G2_877,G2,standard,270,70,125,50,35,25,8,0,LWH,G2_876
T026,车型1,G2_878,G2,standard,270,70,150,50,35,25,8,0,LWH,G2_877
T026,车型1,G2_879,G2,standard,270,70,175,50,35,25,8,0,LWH,G2_878
T026,车型1,G2_880,G2,standard,270,105,0,50,35,25,8,0,LWH,
T026,车型1,G2_881,G2,standard,270,105,25,50,35,25,8,0,LWH,G2_880
T026,车型1,G2_882,G2,standard,270,105,50,50,35,25,8,0,LWH,G2_881
T026,车型1,G2_883,G2,standard,270,105,75,50,35,25,8,0,LWH,G2_882
T026,车型1,G2_884,G2,standard,270,105,100,50,35,25,8,0,LWH,G2_883
T026,车型1,G2_885,G2,standard,270,105,125,50,35,25,8,0,LWH,G2_884
T026,车型1,G2_886,G2,standard,270,105,150,50,35,25,8,0,LWH,G2_885
T026,车型1,G2_887,G2,standard,270,105,175,50,35,25,8,0,LWH,G2_886
T026,车型1,G2_888,G2,standard,270,140,0,50,35,25,8,0,LWH,
T026,车型1,G2_889,G2,standard,270,140,25,50,35,25,8,0,LWH,G2_888
T026,车型1,G2_890,G2,standard,270,140,50,50,35,25,8,0,LWH,G2_889
T026,车型1,G2_891,G2,standard,270,140,75,50,35,25,8,0,LWH,G2_890
T026,车型1,G2_892,G2,standard,270,140,100,50,35,25,8,0,LWH,G2_891
T026,车型1,G2_893,G2,standard,270,140,125,50,35,25,8,0,LWH,G2_892
T026,车型1,G2_894,G2,standard,270,140,150,50,35,25,8,0,LWH,G2_893
T026,车型1,G2_895,G2,standard,270,140,175,50,35,25,8,0,LWH,G2_894
T026,车型1,G2_896,G2,standard,270,175,0,50,35,25,8,0,LWH,
T026,车型1,G2_897,G2,standard,270,175,25,50,35,25,8,0,LWH,G2_896
T026,车型1,G2_898,G2,standard,270,175,50,50,35,25,8,0,LWH,G2_897
T026,车型1,G2_899,G2,standard,270,175,75,50,35,25,8,0,LWH,G2_898
T026,车型1,G2_900,G2,standard,270,175,100,50,35,25,8,0,LWH,G2_899
T026,车型1,G2_901,G2,standard,270,175,125,50,35,25,8,0,LWH,G2_900
T026,车型1,G2_902,G2,standard,270,175,150,50,35,25,8,0,LWH,G2_901
T026,车型1,G2_903,G2,standard,270,175,175,50,35,25,8,0,LWH,G2_902
T026,车型1,G2_904,G2,standard,320,0,0,50,35,25,8,0,LWH,
T026,车型1,G2_905,G2,standard,320,0,25,50,35,25,8,0,LWH,G2_904
T026,车型1,G2_906,G2,standard,320,0,50,50,35,25,8,0,LWH,G2_905
T026,车型1,G2_907,G2,standard,320,0,75,50,35,25,8,0,LWH,G2_906
T026,车型1,G2_908,G2,standard,320,0,100,50,35,25,8,0,LWH,G2_907
T026,车型1,G2_909,G2,standard,320,0,125,50,35,25,8,0,LWH,G2_908
T026,车型1,G2_910,G2,standard,320,0,150,50,35,25,8,0,LWH,G2_909
T026,车型1,G2_911,G2,standard,320,0,175,50,35,25,8,0,LWH,G2_910
T026,车型1,G2_912,G2,standard,320,35,0,50,35,25,8,0,LWH,
T026,车型1,G2_913,G2,standard,320,35,25,50,35,25,8,0,LWH,G2_912
T026,车型1,G2_914,G2,standard,320,35,50,50,35,25,8,0,LWH,G2_913
T026,车型1,G2_915,G2,standard,320,35,75,50,35,25,8,0,LWH,G2_914
T026,车型1,G2_916,G2,standard,320,35,100,50,35,25,8,0,LWH,G2_915
T026,车型1,G2_917,G2,standard,320,35,125,50,35,25,8,0,LWH,G2_916
T026,车型1,G2_918,G2,standard,320,35,150,50,35,25,8,0,LWH,G2_917
T026,车型1,G2_919,G2,standard,320,35,175,50,35,25,8,0,LWH,G2_918
T026,车型1,G2_920,G2,standard,320,70,0,50,35,25,8,0,LWH,
T026,车型1,G2_921,G2,standard,320,70,25,50,35,25,8,0,LWH,G2_920
T026,车型1,G2_922,G2,standard,320,70,50,50,35,25,8,0,LWH,G2_921
T026,车型1,G2_923,G2,standard,320,70,75,50,35,25,8,0,LWH,G2_922
T026,车型1,G2_924,G2,standard,320,70,100,50,35,25,8,0,LWH,G2_923
T026,车型1,G2_925,G2,standard,320,70,125,50,35,25,8,0,LWH,G2_924
T026,车型1,G2_926,G2,standard,320,70,150,50,35,25,8,0,LWH,G2_925
T026,车型1,G2_927,G2,standard,320,70,175,50,35,25,8,0,LWH,G2_926
T026,车型1,G2_928,G2,standard,320,105,0,50,35,25,8,0,LWH,
T026,车型1,G2_929,G2,standard,320,105,25,50,35,25,8,0,LWH,G2_928
T026,车型1,G2_930,G2,standard,320,105,50,50,35,25,8,0,LWH,G2_929
T026,车型1,G2_931,G2,standard,320,105,75,50,35,25,8,0,LWH,G2_930
T026,车型1,G2_932,G2,standard,320,105,100,50,35,25,8,0,LWH,G2_931
T026,车型1,G2_933,G2,standard,320,105,125,50,35,25,8,0,LWH,G2_932
T026,车型1,G2_934,G2,standard,320,105,150,50,35,25,8,0,LWH,G2_933
T026,车型1,G2_935,G2,standard,320,105,175,50,35,25,8,0,LWH,G2_934
T026,车型1,G2_936,G2,standard,320,140,0,50,35,25,8,0,LWH,
T026,车型1,G2_937,G2,standard,320,140,25,50,35,25,8,0,LWH,G2_936
T026,车型1,G2_938,G2,standard,320,140,50,50,35,25,8,0,LWH,G2_937
T026,车型1,G2_939,G2,standard,320,140,75,50,35,25,8,0,LWH,G2_938
T026,车型1,G2_940,G2,standard,320,140,100,50,35,25,8,0,LWH,G2_939
T026,车型1,G2_941,G2,standard,320,140,125,50,35,25,8,0,LWH,G2_940
T026,车型1,G2_942,G2,standard,320,140,150,50,35,25,8,0,LWH,G2_941
T026,车型1,G2_943,G2,standard,320,140,175,50,35,25,8,0,LWH,G2_942
T026,车型1,G2_944,G2,standard,320,175,0,50,35,25,8,0,LWH,
T026,车型1,G2_945,G2,standard,320,175,25,50,35,25,8,0,LWH,G2_944
T026,车型1,G2_946,G2,standard,320,175,50,50,35,25,8,0,LWH,G2_945
T026,车型1,G2_947,G2,standard,320,175,75,50,35,25,8,0,LWH,G2_946
T026,车型1,G2_948,G2,standard,320,175,100,50,35,25,8,0,LWH,G2_947
T026,车型1,G2_949,G2,standard,320,175,125,50,35,25,8,0,LWH,G2_948
T026,车型1,G2_950,G2,standard,320,175,150,50,35,25,8,0,LWH,G2_949
T026,车型1,G2_951,G2,standard,320,175,175,50,35,25,8,0,LWH,G2_950
T026,车型1,G2_952,G2,standard,370,0,0,50,35,25,8,0,LWH,
T026,车型1,G2_953,G2,standard,370,0,25,50,35,25,8,0,LWH,G2_952
T026,车型1,G2_954,G2,standard,370,0,50,50,35,25,8,0,LWH,G2_953
T026,车型1,G2_955,G2,standard,370,0,75,50,35,25,8,0,LWH,G2_954
T026,车型1,G2_956,G2,standard,370,0,100,50,35,25,8,0,LWH,G2_955
T026,车型1,G2_957,G2,standard,370,0,125,50,35,25,8,0,LWH,G2_956
T026,车型1,G2_958,G2,standard,370,0,150,50,35,25,8,0,LWH,G2_957
T026,车型1,G2_959,G2,standard,370,0,175,50,35,25,8,0,LWH,G2_958
T026,车型1,G2_960,G2,standard,370,35,0,50,35,25,8,0,LWH,
T026,车型1,G2_961,G2,standard,370,35,25,50,35,25,8,0,LWH,G2_960
T026,车型1,G2_962,G2,standard,370,35,50,50,35,25,8,0,LWH,G2_961
T026,车型1,G2_963,G2,standard,370,35,75,50,35,25,8,0,LWH,G2_962
T026,车型1,G2_964,G2,standard,370,35,100,50,35,25,8,0,LWH,G2_963
T026,车型1,G2_965,G2,standard,370,35,125,50,35,25,8,0,LWH,G2_964
T026,车型1,G2_966,G2,standard,370,35,150,50,35,25,8,0,LWH,G2_965
T026,车型1,G2_967,G2,standard,370,35,175,50,35,25,8,0,LWH,G2_966
T026,车型1,G2_968,G2,standard,370,70,0,50,35,25,8,0,LWH,
T026,车型1,G2_969,G2,standard,370,70,25,50,35,25,8,0,LWH,G2_968
T026,车型1,G2_970,G2,standard,370,70,50,50,35,25,8,0,LWH,G2_969
T026,车型1,G2_971,G2,standard,370,70,75,50,35,25,8,0,LWH,G2_970
T026,车型1,G2_972,G2,standard,370,70,100,50,35,25,8,0,LWH,G2_971
T026,车型1,G2_973,G2,standard,370,70,125,50,35,25,8,0,LWH,G2_972
T026,车型1,G2_974,G2,standard,370,70,150,50,35,25,8,0,LWH,G2_973
T026,车型1,G2_975,G2,standard,370,70,175,50,35,25,8,0,LWH,G2_974
T026,车型1,G2_976,G2,standard,370,105,0,50,35,25,8,0,LWH,
T026,车型1,G2_977,G2,standard,370,105,25,50,35,25,8,0,LWH,G2_976
T026,车型1,G2_978,G2,standard,370,105,50,50,35,25,8,0,LWH,G2_977
T026,车型1,G2_979,G2,standard,370,105,75,50,35,25,8,0,LWH,G2_978
T026,车型1,G2_980,G2,standard,370,105,100,50,35,25,8,0,LWH,G2_979
T026,车型1,G2_981,G2,standard,370,105,125,50,35,25,8,0,LWH,G2_980
T026,车型1,G2_982,G2,standard,370,105,150,50,35,25,8,0,LWH,G2_981
T026,车型1,G2_983,G2,standard,370,105,175,50,35,25,8,0,LWH,G2_982
T026,车型1,G2_984,G2,standard,370,140,0,50,35,25,8,0,LWH,
T026,车型1,G2_985,G2,standard,370,140,25,50,35,25,8,0,LWH,G2_984
T026,车型1,G2_986,G2,standard,370,140,50,50,35,25,8,0,LWH,G2_985
T026,车型1,G2_987,G2,standard,370,140,75,50,35,25,8,0,LWH,G2_986
T026,车型1,G2_988,G2,standard,370,140,100,50,35,25,8,0,LWH,G2_987
T026,车型1,G2_989,G2,standard,370,140,125,50,35,25,8,0,LWH,G2_988
T026,车型1,G2_990,G2,standard,370,140,150,50,35,25,8,0,LWH,G2_989
T026,车型1,G2_991,G2,standard,370,140,175,50,35,25,8,0,LWH,G2_990
T026,车型1,G2_992,G2,standard,370,175,0,50,35,25,8,0,LWH,
T026,车型1,G2_993,G2,standard,370,175,25,50,35,25,8,0,LWH,G2_992
T026,车型1,G2_994,G2,standard,370,175,50,50,35,25,8,0,LWH,G2_993
T026,车型1,G2_995,G2,standard,370,175,75,50,35,25,8,0,LWH,G2_994
T026,车型1,G2_996,G2,standard,370,175,100,50,35,25,8,0,LWH,G2_995
T026,车型1,G2_997,G2,standard,370,175,125,50,35,25,8,0,LWH,G2_996
T026,车型1,G2_998,G2,standard,370,175,150,50,35,25,8,0,LWH,G2_997
T026,车型1,G2_999,G2,standard,370,175,175,50,35,25,8,0,LWH,G2_998
T027,车型1,G2_295,G2,standard,0,0,0,50,35,25,8,0,LWH,
T027,车型1,G2_296,G2,standard,0,0,25,50,35,25,8,0,LWH,G2_295
T027,车型1,G2_297,G2,standard,0,0,50,50,35,25,8,0,LWH,G2_296
T027,车型1,G2_298,G2,standard,0,0,75,50,35,25,8,0,LWH,G2_297
T027,车型1,G2_299,G2,standard,0,0,100,50,35,25,8,0,LWH,G2_298
T027,车型1,G2_300,G2,standard,0,0,125,50,35,25,8,0,LWH,G2_299
T027,车型1,G2_301,G2,standard,0,0,150,50,35,25,8,0,LWH,G2_300
T027,车型1,G2_302,G2,standard,0,0,175,50,35,25,8,0,LWH,G2_301
T027,车型1,G2_303,G2,standard,0,35,0,50,35,25,8,0,LWH,
T027,车型1,G2_304,G2,standard,0,35,25,50,35,25,8,0,LWH,G2_303
T027,车型1,G2_305,G2,standard,0,35,50,50,35,25,8,0,LWH,G2_304
T027,车型1,G2_306,G2,standard,0,35,75,50,35,25,8,0,LWH,G2_305
T027,车型1,G2_307,G2,standard,0,35,100,50,35,25,8,0,LWH,G2_306
T027,车型1,G2_308,G2,standard,0,35,125,50,35,25,8,0,LWH,G2_307
T027,车型1,G2_309,G2,standard,0,35,150,50,35,25,8,0,LWH,G2_308
T027,车型1,G2_310,G2,standard,0,35,175,50,35,25,8,0,LWH,G2_309
T027,车型1,G2_311,G2,standard,0,70,0,50,35,25,8,0,LWH,
T027,车型1,G2_312,G2,standard,0,70,25,50,35,25,8,0,LWH,G2_311
T027,车型1,G2_313,G2,standard,0,70,50,50,35,25,8,0,LWH,G2_312
T027,车型1,G2_314,G2,standard,0,70,75,50,35,25,8,0,LWH,G2_313
T027,车型1,G2_315,G2,standard,0,70,100,50,35,25,8,0,LWH,G2_314
T027,车型1,G2_316,G2,standard,0,70,125,50,35,25,8,0,LWH,G2_315
T027,车型1,G2_317,G2,standard,0,70,150,50,35,25,8,0,LWH,G2_316
T027,车型1,G2_318,G2,standard,0,70,175,50,35,25,8,0,LWH,G2_317
T027,车型1,G2_319,G2,standard,0,105,0,50,35,25,8,0,LWH,
T027,车型1,G2_320,G2,standard,0,105,25,50,35,25,8,0,LWH,G2_319
T027,车型1,G2_321,G2,standard,0,105,50,50,35,25,8,0,LWH,G2_320
T027,车型1,G2_322,G2,standard,0,105,75,50,35,25,8,0,LWH,G2_321
T027,车型1,G2_323,G2,standard,0,105,100,50,35,25,8,0,LWH,G2_322
T027,车型1,G2_324,G2,standard,0,105,125,50,35,25,8,0,LWH,G2_323
T027,车型1,G2_325,G2,standard,0,105,150,50,35,25,8,0,LWH,G2_324
T027,车型1,G2_326,G2,standard,0,105,175,50,35,25,8,0,LWH,G2_325
T027,车型1,G2_327,G2,standard,0,140,0,50,35,25,8,0,LWH,
T027,车型1,G2_328,G2,standard,0,140,25,50,35,25,8,0,LWH,G2_327
T027,车型1,G2_329,G2,standard,0,140,50,50,35,25,8,0,LWH,G2_328
T027,车型1,G2_330,G2,standard,0,140,75,50,35,25,8,0,LWH,G2_329
T027,车型1,G2_331,G2,standard,0,140,100,50,35,25,8,0,LWH,G2_330
T027,车型1,G2_332,G2,standard,0,140,125,50,35,25,8,0,LWH,G2_331
T027,车型1,G2_333,G2,standard,0,140,150,50,35,25,8,0,LWH,G2_332
T027,车型1,G2_334,G2,standard,0,140,175,50,35,25,8,0,LWH,G2_333
T027,车型1,G2_335,G2,standard,0,175,0,50,35,25,8,0,LWH,
T027,车型1,G2_336,G2,standard,0,175,25,50,35,25,8,0,LWH,G2_335
T027,车型1,G2_337,G2,standard,0,175,50,50,35,25,8,0,LWH,G2_336
T027,车型1,G2_338,G2,standard,0,175,75,50,35,25,8,0,LWH,G2_337
T027,车型1,G2_339,G2,standard,0,175,100,50,35,25,8,0,LWH,G2_338
T027,车型1,G2_340,G2,standard,0,175,125,50,35,25,8,0,LWH,G2_339
T027,车型1,G2_341,G2,standard,0,175,150,50,35,25,8,0,LWH,G2_340
T027,车型1,G2_342,G2,standard,0,175,175,50,35,25,8,0,LWH,G2_341
T027,车型1,G2_343,G2,standard,50,0,0,50,35,25,8,0,LWH,
T027,车型1,G2_344,G2,standard,50,0,25,50,35,25,8,0,LWH,G2_343
T027,车型1,G2_345,G2,standard,50,0,50,50,35,25,8,0,LWH,G2_344
T027,车型1,G2_346,G2,standard,50,0,75,50,35,25,8,0,LWH,G2_345
T027,车型1,G2_347,G2,standard,50,0,100,50,35,25,8,0,LWH,G2_346
T027,车型1,G2_348,G2,standard,50,0,125,50,35,25,8,0,LWH,G2_347
T027,车型1,G2_349,G2,standard,50,0,150,50,35,25,8,0,LWH,G2_348
T027,车型1,G2_350,G2,standard,50,0,175,50,35,25,8,0,LWH,G2_349
T027,车型1,G2_351,G2,standard,50,35,0,50,35,25,8,0,LWH,
T027,车型1,G2_352,G2,standard,50,35,25,50,35,25,8,0,LWH,G2_351
T027,车型1,G2_353,G2,standard,50,35,50,50,35,25,8,0,LWH,G2_352
T027,车型1,G2_354,G2,standard,50,35,75,50,35,25,8,0,LWH,G2_353
T027,车型1,G2_355,G2,standard,50,35,100,50,35,25,8,0,LWH,G2_354
T027,车型1,G2_356,G2,standard,50,35,125,50,35,25,8,0,LWH,G2_355
T027,车型1,G2_357,G2,standard,50,35,150,50,35,25,8,0,LWH,G2_356
T027,车型1,G2_358,G2,standard,50,35,175,50,35,25,8,0,LWH,G2_357
T027,车型1,G2_359,G2,standard,50,70,0,50,35,25,8,0,LWH,
T027,车型1,G2_360,G2,standard,50,70,25,50,35,25,8,0,LWH,G2_359
T027,车型1,G2_361,G2,standard,50,70,50,50,35,25,8,0,LWH,G2_360
T027,车型1,G2_362,G2,standard,50,70,75,50,35,25,8,0,LWH,G2_361
T027,车型1,G2_363,G2,standard,50,70,100,50,35,25,8,0,LWH,G2_362
T027,车型1,G2_364,G2,standard,50,70,125,50,35,25,8,0,LWH,G2_363
T027,车型1,G2_365,G2,standard,50,70,150,50,35,25,8,0,LWH,G2_364
T027,车型1,G2_366,G2,standard,50,70,175,50,35,25,8,0,LWH,G2_365
T027,车型1,G2_367,G2,standard,50,105,0,50,35,25,8,0,LWH,
T027,车型1,G2_368,G2,standard,50,105,25,50,35,25,8,0,LWH,G2_367
T027,车型1,G2_369,G2,standard,50,105,50,50,35,25,8,0,LWH,G2_368
T027,车型1,G2_370,G2,standard,50,105,75,50,35,25,8,0,LWH,G2_369
T027,车型1,G2_371,G2,standard,50,105,100,50,35,25,8,0,LWH,G2_370
T027,车型1,G2_372,G2,standard,50,105,125,50,35,25,8,0,LWH,G2_371
T027,车型1,G2_373,G2,standard,50,105,150,50,35,25,8,0,LWH,G2_372
T027,车型1,G2_374,G2,standard,50,105,175,50,35,25,8,0,LWH,G2_373
T027,车型1,G2_375,G2,standard,50,140,0,50,35,25,8,0,LWH,
T027,车型1,G2_376,G2,standard,50,140,25,50,35,25,8,0,LWH,G2_375
T027,车型1,G2_377,G2,standard,50,140,50,50,35,25,8,0,LWH,G2_376
T027,车型1,G2_378,G2,standard,50,140,75,50,35,25,8,0,LWH,G2_377
T027,车型1,G2_379,G2,standard,50,140,100,50,35,25,8,0,LWH,G2_378
T027,车型1,G2_380,G2,standard,50,140,125,50,35,25,8,0,LWH,G2_379
T027,车型1,G2_381,G2,standard,50,140,150,50,35,25,8,0,LWH,G2_380
T027,车型1,G2_382,G2,standard,50,140,175,50,35,25,8,0,LWH,G2_381
T027,车型1,G2_383,G2,standard,50,175,0,50,35,25,8,0,LWH,
T027,车型1,G2_384,G2,standard,50,175,25,50,35,25,8,0,LWH,G2_383
T027,车型1,G2_385,G2,standard,50,175,50,50,35,25,8,0,LWH,G2_384
T027,车型1,G2_386,G2,standard,50,175,75,50,35,25,8,0,LWH,G2_385
T027,车型1,G2_387,G2,standard,50,175,100,50,35,25,8,0,LWH,G2_386
T027,车型1,G2_388,G2,standard,50,175,125,50,35,25,8,0,LWH,G2_387
T027,车型1,G2_389,G2,standard,50,175,150,50,35,25,8,0,LWH,G2_388
T027,车型1,G2_390,G2,standard,50,175,175,50,35,25,8,0,LWH,G2_389
T027,车型1,G2_391,G2,standard,100,0,0,50,35,25,8,0,LWH,
T027,车型1,G2_392,G2,standard,100,0,25,50,35,25,8,0,LWH,G2_391
T027,车型1,G2_393,G2,standard,100,0,50,50,35,25,8,0,LWH,G2_392
T027,车型1,G2_394,G2,standard,100,0,75,50,35,25,8,0,LWH,G2_393
T027,车型1,G2_395,G2,standard,100,0,100,50,35,25,8,0,LWH,G2_394
T027,车型1,G2_396,G2,standard,100,0,125,50,35,25,8,0,LWH,G2_395
T027,车型1,G2_397,G2,standard,100,0,150,50,35,25,8,0,LWH,G2_396
T027,车型1,G2_398,G2,standard,100,0,175,50,35,25,8,0,LWH,G2_397
T027,车型1,G2_399,G2,standard,100,35,0,50,35,25,8,0,LWH,
T027,车型1,G2_400,G2,standard,100,35,25,50,35,25,8,0,LWH,G2_399
T027,车型1,G2_401,G2,standard,100,35,50,50,35,25,8,0,LWH,G2_400
T027,车型1,G2_402,G2,standard,100,35,75,50,35,25,8,0,LWH,G2_401
T027,车型1,G2_403,G2,standard,100,35,100,50,35,25,8,0,LWH,G2_402
T027,车型1,G2_404,G2,standard,100,35,125,50,35,25,8,0,LWH,G2_403
T027,车型1,G2_405,G2,standard,100,35,150,50,35,25,8,0,LWH,G2_404
T027,车型1,G2_406,G2,standard,100,35,175,50,35,25,8,0,LWH,G2_405
T027,车型1,G2_407,G2,standard,100,70,0,50,35,25,8,0,LWH,
T027,车型1,G2_408,G2,standard,100,70,25,50,35,25,8,0,LWH,G2_407
T027,车型1,G2_409,G2,standard,100,70,50,50,35,25,8,0,LWH,G2_408
T027,车型1,G2_410,G2,standard,100,70,75,50,35,25,8,0,LWH,G2_409
T027,车型1,G2_411,G2,standard,100,70,100,50,35,25,8,0,LWH,G2_410
T027,车型1,G2_412,G2,standard,100,70,125,50,35,25,8,0,LWH,G2_411
T027,车型1,G2_413,G2,standard,100,70,150,50,35,25,8,0,LWH,G2_412
T027,车型1,G2_414,G2,standard,100,70,175,50,35,25,8,0,LWH,G2_413
T027,车型1,G2_415,G2,standard,100,105,0,50,35,25,8,0,LWH,
T027,车型1,G2_416,G2,standard,100,105,25,50,35,25,8,0,LWH,G2_415
T027,车型1,G2_417,G2,standard,100,105,50,50,35,25,8,0,LWH,G2_416
T027,车型1,G2_418,G2,standard,100,105,75,50,35,25,8,0,LWH,G2_417
T027,车型1,G2_419,G2,standard,100,105,100,50,35,25,8,0,LWH,G2_418
T027,车型1,G2_420,G2,standard,100,105,125,50,35,25,8,0,LWH,G2_419
T027,车型1,G2_421,G2,standard,100,105,150,50,35,25,8,0,LWH,G2_420
T027,车型1,G2_422,G2,standard,100,105,175,50,35,25,8,0,LWH,G2_421
T027,车型1,G2_423,G2,standard,100,140,0,50,35,25,8,0,LWH,
T027,车型1,G2_424,G2,standard,100,140,25,50,35,25,8,0,LWH,G2_423
T027,车型1,G2_425,G2,standard,100,140,50,50,35,25,8,0,LWH,G2_424
T027,车型1,G2_426,G2,standard,100,140,75,50,35,25,8,0,LWH,G2_425
T027,车型1,G2_427,G2,standard,100,140,100,50,35,25,8,0,LWH,G2_426
T027,车型1,G2_428,G2,standard,100,140,125,50,35,25,8,0,LWH,G2_427
T027,车型1,G2_429,G2,standard,100,140,150,50,35,25,8,0,LWH,G2_428
T027,车型1,G2_430,G2,standard,100,140,175,50,35,25,8,0,LWH,G2_429
T027,车型1,G2_431,G2,standard,100,175,0,50,35,25,8,0,LWH,
T027,车型1,G2_432,G2,standard,100,175,25,50,35,25,8,0,LWH,G2_431
T027,车型1,G2_433,G2,standard,100,175,50,50,35,25,8,0,LWH,G2_432
T027,车型1,G2_434,G2,standard,100,175,75,50,35,25,8,0,LWH,G2_433
T027,车型1,G2_435,G2,standard,100,175,100,50,35,25,8,0,LWH,G2_434
T027,车型1,G2_436,G2,standard,100,175,125,50,35,25,8,0,LWH,G2_435
T027,车型1,G2_437,G2,standard,100,175,150,50,35,25,8,0,LWH,G2_436
T027,车型1,G2_438,G2,standard,100,175,175,50,35,25,8,0,LWH,G2_437
T027,车型1,G2_439,G2,standard,150,0,0,50,35,25,8,0,LWH,
T027,车型1,G2_440,G2,standard,150,0,25,50,35,25,8,0,LWH,G2_439
T027,车型1,G2_441,G2,standard,150,0,50,50,35,25,8,0,LWH,G2_440
T027,车型1,G2_442,G2,standard,150,0,75,50,35,25,8,0,LWH,G2_441
T027,车型1,G2_443,G2,standard,150,0,100,50,35,25,8,0,LWH,G2_442
T027,车型1,G2_444,G2,standard,150,0,125,50,35,25,8,0,LWH,G2_443
T027,车型1,G2_445,G2,standard,150,0,150,50,35,25,8,0,LWH,G2_444
T027,车型1,G2_446,G2,standard,150,0,175,50,35,25,8,0,LWH,G2_445
T027,车型1,G2_447,G2,standard,150,35,0,50,35,25,8,0,LWH,
T027,车型1,G2_448,G2,standard,150,35,25,50,35,25,8,0,LWH,G2_447
T027,车型1,G2_449,G2,standard,150,35,50,50,35,25,8,0,LWH,G2_448
T027,车型1,G2_450,G2,standard,150,35,75,50,35,25,8,0,LWH,G2_449
T027,车型1,G2_451,G2,standard,150,35,100,50,35,25,8,0,LWH,G2_450
T027,车型1,G2_452,G2,standard,150,35,125,50,35,25,8,0,LWH,G2_451
T027,车型1,G2_453,G2,standard,150,35,150,50,35,25,8,0,LWH,G2_452
T027,车型1,G2_454,G2,standard,150,35,175,50,35,25,8,0,LWH,G2_453
T027,车型1,G2_455,G2,standard,150,70,0,50,35,25,8,0,LWH,
T027,车型1,G2_456,G2,standard,150,70,25,50,35,25,8,0,LWH,G2_455
T027,车型1,G2_457,G2,standard,150,70,50,50,35,25,8,0,LWH,G2_456
T027,车型1,G2_458,G2,standard,150,70,75,50,35,25,8,0,LWH,G2_457
T027,车型1,G2_459,G2,standard,150,70,100,50,35,25,8,0,LWH,G2_458
T027,车型1,G2_460,G2,standard,150,70,125,50,35,25,8,0,LWH,G2_459
T027,车型1,G2_461,G2,standard,150,70,150,50,35,25,8,0,LWH,G2_460
T027,车型1,G2_462,G2,standard,150,70,175,50,35,25,8,0,LWH,G2_461
T027,车型1,G2_463,G2,standard,150,105,0,50,35,25,8,0,LWH,
T027,车型1,G2_464,G2,standard,150,105,25,50,35,25,8,0,LWH,G2_463
T027,车型1,G2_465,G2,standard,150,105,50,50,35,25,8,0,LWH,G2_464
T027,车型1,G2_466,G2,standard,150,105,75,50,35,25,8,0,LWH,G2_465
T027,车型1,G2_467,G2,standard,150,105,100,50,35,25,8,0,LWH,G2_466
T027,车型1,G2_468,G2,standard,150,105,125,50,35,25,8,0,LWH,G2_467
T027,车型1,G2_469,G2,standard,150,105,150,50,35,25,8,0,LWH,G2_468
T027,车型1,G2_470,G2,standard,150,105,175,50,35,25,8,0,LWH,G2_469
T027,车型1,G2_471,G2,standard,150,140,0,50,35,25,8,0,LWH,
T027,车型1,G2_472,G2,standard,150,140,25,50,35,25,8,0,LWH,G2_471
T027,车型1,G2_473,G2,standard,150,140,50,50,35,25,8,0,LWH,G2_472
T027,车型1,G2_474,G2,standard,150,140,75,50,35,25,8,0,LWH,G2_473
T027,车型1,G2_475,G2,standard,150,140,100,50,35,25,8,0,LWH,G2_474
T027,车型1,G2_476,G2,standard,150,140,125,50,35,25,8,0,LWH,G2_475
T027,车型1,G2_477,G2,standard,150,140,150,50,35,25,8,0,LWH,G2_476
T027,车型1,G2_478,G2,standard,150,140,175,50,35,25,8,0,LWH,G2_477
T027,车型1,G2_479,G2,standard,150,175,0,50,35,25,8,0,LWH,
T027,车型1,G2_480,G2,standard,150,175,25,50,35,25,8,0,LWH,G2_479
T027,车型1,G2_481,G2,standard,150,175,50,50,35,25,8,0,LWH,G2_480
T027,车型1,G2_482,G2,standard,150,175,75,50,35,25,8,0,LWH,G2_481
T027,车型1,G2_483,G2,standard,150,175,100,50,35,25,8,0,LWH,G2_482
T027,车型1,G2_484,G2,standard,150,175,125,50,35,25,8,0,LWH,G2_483
T027,车型1,G2_485,G2,standard,150,175,150,50,35,25,8,0,LWH,G2_484
T027,车型1,G2_486,G2,standard,150,175,175,50,35,25,8,0,LWH,G2_485
T027,车型1,G2_487,G2,standard,200,0,0,50,35,25,8,0,LWH,
T027,车型1,G2_488,G2,standard,200,0,25,50,35,25,8,0,LWH,G2_487
T027,车型1,G2_489,G2,standard,200,0,50,50,35,25,8,0,LWH,G2_488
T027,车型1,G2_490,G2,standard,200,0,75,50,35,25,8,0,LWH,G2_489
T027,车型1,G2_491,G2,standard,200,0,100,50,35,25,8,0,LWH,G2_490
T027,车型1,G2_492,G2,standard,200,0,125,50,35,25,8,0,LWH,G2_491
T027,车型1,G2_493,G2,standard,200,0,150,50,35,25,8,0,LWH,G2_492
T027,车型1,G2_494,G2,standard,200,0,175,50,35,25,8,0,LWH,G2_493
T027,车型1,G2_495,G2,standard,200,35,0,50,35,25,8,0,LWH,
T027,车型1,G2_496,G2,standard,200,35,25,50,35,25,8,0,LWH,G2_495
T027,车型1,G2_497,G2,standard,200,35,50,50,35,25,8,0,LWH,G2_496
T027,车型1,G2_498,G2,standard,200,35,75,50,35,25,8,0,LWH,G2_497
T027,车型1,G2_499,G2,standard,200,35,100,50,35,25,8,0,LWH,G2_498
T027,车型1,G2_500,G2,standard,200,35,125,50,35,25,8,0,LWH,G2_499
T027,车型1,G2_501,G2,standard,200,35,150,50,35,25,8,0,LWH,G2_500
T027,车型1,G2_502,G2,standard,200,35,175,50,35,25,8,0,LWH,G2_501
T027,车型1,G2_503,G2,standard,200,70,0,50,35,25,8,0,LWH,
T027,车型1,G2_504,G2,standard,200,70,25,50,35,25,8,0,LWH,G2_503
T027,车型1,G2_505,G2,standard,200,70,50,50,35,25,8,0,LWH,G2_504
T027,车型1,G2_506,G2,standard,200,70,75,50,35,25,8,0,LWH,G2_505
T027,车型1,G2_507,G2,standard,200,70,100,50,35,25,8,0,LWH,G2_506
T027,车型1,G2_508,G2,standard,200,70,125,50,35,25,8,0,LWH,G2_507
T027,车型1,G2_509,G2,standard,200,70,150,50,35,25,8,0,LWH,G2_508
T027,车型1,G2_510,G2,standard,200,70,175,50,35,25,8,0,LWH,G2_509
T027,车型1,G2_511,G2,standard,200,105,0,50,35,25,8,0,LWH,
T027,车型1,G2_512,G2,standard,200,105,25,50,35,25,8,0,LWH,G2_511
T027,车型1,G2_513,G2,standard,200,105,50,50,35,25,8,0,LWH,G2_512
T027,车型1,G2_514,G2,standard,200,105,75,50,35,25,8,0,LWH,G2_513
T027,车型1,G2_515,G2,standard,200,105,100,50,35,25,8,0,LWH,G2_514
T027,车型1,G2_516,G2,standard,200,105,125,50,35,25,8,0,LWH,G2_515
T027,车型1,G2_517,G2,standard,200,105,150,50,35,25,8,0,LWH,G2_516
T027,车型1,G2_518,G2,standard,200,105,175,50,35,25,8,0,LWH,G2_517
T027,车型1,G2_519,G2,standard,200,140,0,50,35,25,8,0,LWH,
T027,车型1,G2_520,G2,standard,200,140,25,50,35,25,8,0,LWH,G2_519
T027,车型1,G2_521,G2,standard,200,140,50,50,35,25,8,0,LWH,G2_520
T027,车型1,G2_522,G2,standard,200,140,75,50,35,25,8,0,LWH,G2_521
T027,车型1,G2_523,G2,standard,200,140,100,50,35,25,8,0,LWH,G2_522
T027,车型1,G2_524,G2,standard,200,140,125,50,35,25,8,0,LWH,G2_523
T027,车型1,G2_525,G2,standard,200,140,150,50,35,25,8,0,LWH,G2_524
T027,车型1,G2_526,G2,standard,200,140,175,50,35,25,8,0,LWH,G2_525
T027,车型1,G2_527,G2,standard,200,175,0,50,35,25,8,0,LWH,
T027,车型1,G2_528,G2,standard,200,175,25,50,35,25,8,0,LWH,G2_527
T027,车型1,G2_529,G2,standard,200,175,50,50,35,25,8,0,LWH,G2_528
T027,车型1,G2_530,G2,standard,200,175,75,50,35,25,8,0,LWH,G2_529
T027,车型1,G2_531,G2,standard,200,175,100,50,35,25,8,0,LWH,G2_530
T027,车型1,G2_532,G2,standard,200,175,125,50,35,25,8,0,LWH,G2_531
T027,车型1,G2_533,G2,standard,200,175,150,50,35,25,8,0,LWH,G2_532
T027,车型1,G2_534,G2,standard,200,175,175,50,35,25,8,0,LWH,G2_533
T027,车型1,G2_535,G2,standard,250,0,0,50,35,25,8,0,LWH,
T027,车型1,G2_536,G2,standard,250,0,25,50,35,25,8,0,LWH,G2_535
T027,车型1,G2_537,G2,standard,250,0,50,50,35,25,8,0,LWH,G2_536
T027,车型1,G2_538,G2,standard,250,0,75,50,35,25,8,0,LWH,G2_537
T027,车型1,G2_539,G2,standard,250,0,100,50,35,25,8,0,LWH,G2_538
T027,车型1,G2_540,G2,standard,250,0,125,50,35,25,8,0,LWH,G2_539
T027,车型1,G2_541,G2,standard,250,0,150,50,35,25,8,0,LWH,G2_540
T027,车型1,G2_542,G2,standard,250,0,175,50,35,25,8,0,LWH,G2_541
T027,车型1,G2_543,G2,standard,250,35,0,50,35,25,8,0,LWH,
T027,车型1,G2_544,G2,standard,250,35,25,50,35,25,8,0,LWH,G2_543
T027,车型1,G2_545,G2,standard,250,35,50,50,35,25,8,0,LWH,G2_544
T027,车型1,G2_546,G2,standard,250,35,75,50,35,25,8,0,LWH,G2_545
T027,车型1,G2_547,G2,standard,250,35,100,50,35,25,8,0,LWH,G2_546
T027,车型1,G2_548,G2,standard,250,35,125,50,35,25,8,0,LWH,G2_547
T027,车型1,G2_549,G2,standard,250,35,150,50,35,25,8,0,LWH,G2_548
T027,车型1,G2_550,G2,standard,250,35,175,50,35,25,8,0,LWH,G2_549
T027,车型1,G2_551,G2,standard,250,70,0,50,35,25,8,0,LWH,
T027,车型1,G2_552,G2,standard,250,70,25,50,35,25,8,0,LWH,G2_551
T027,车型1,G2_553,G2,standard,250,70,50,50,35,25,8,0,LWH,G2_552
T027,车型1,G2_554,G2,standard,250,70,75,50,35,25,8,0,LWH,G2_553
T027,车型1,G2_555,G2,standard,250,70,100,50,35,25,8,0,LWH,G2_554
T027,车型1,G2_556,G2,standard,250,70,125,50,35,25,8,0,LWH,G2_555
T027,车型1,G2_557,G2,standard,250,70,150,50,35,25,8,0,LWH,G2_556
T027,车型1,G2_558,G2,standard,250,70,175,50,35,25,8,0,LWH,G2_557
T027,车型1,G2_559,G2,standard,250,105,0,50,35,25,8,0,LWH,
T027,车型1,G2_560,G2,standard,250,105,25,50,35,25,8,0,LWH,G2_559
T027,车型1,G2_561,G2,standard,250,105,50,50,35,25,8,0,LWH,G2_560
T027,车型1,G2_562,G2,standard,250,105,75,50,35,25,8,0,LWH,G2_561
T027,车型1,G2_563,G2,standard,250,105,100,50,35,25,8,0,LWH,G2_562
T027,车型1,G2_564,G2,standard,250,105,125,50,35,25,8,0,LWH,G2_563
T027,车型1,G2_565,G2,standard,250,105,150,50,35,25,8,0,LWH,G2_564
T027,车型1,G2_566,G2,standard,250,105,175,50,35,25,8,0,LWH,G2_565
T027,车型1,G2_567,G2,standard,250,140,0,50,35,25,8,0,LWH,
T027,车型1,G2_568,G2,standard,250,140,25,50,35,25,8,0,LWH,G2_567
T027,车型1,G2_569,G2,standard,250,140,50,50,35,25,8,0,LWH,G2_568
T027,车型1,G2_570,G2,standard,250,140,75,50,35,25,8,0,LWH,G2_569
T027,车型1,G2_571,G2,standard,250,140,100,50,35,25,8,0,LWH,G2_570
T027,车型1,G2_572,G2,standard,250,140,125,50,35,25,8,0,LWH,G2_571
T027,车型1,G2_573,G2,standard,250,140,150,50,35,25,8,0,LWH,G2_572
T027,车型1,G2_574,G2,standard,250,140,175,50,35,25,8,0,LWH,G2_573
T027,车型1,G2_575,G2,standard,250,175,0,50,35,25,8,0,LWH,
T027,车型1,G2_576,G2,standard,250,175,25,50,35,25,8,0,LWH,G2_575
T027,车型1,G2_577,G2,standard,250,175,50,50,35,25,8,0,LWH,G2_576
T027,车型1,G2_578,G2,standard,250,175,75,50,35,25,8,0,LWH,G2_577
T027,车型1,G2_579,G2,standard,250,175,100,50,35,25,8,0,LWH,G2_578
T027,车型1,G2_580,G2,standard,250,175,125,50,35,25,8,0,LWH,G2_579
T027,车型1,G2_581,G2,standard,250,175,150,50,35,25,8,0,LWH,G2_580
T027,车型1,G2_582,G2,standard,250,175,175,50,35,25,8,0,LWH,G2_581
T027,车型1,G2_583,G2,standard,300,0,0,50,35,25,8,0,LWH,
T027,车型1,G2_584,G2,standard,300,0,25,50,35,25,8,0,LWH,G2_583
T027,车型1,G2_585,G2,standard,300,0,50,50,35,25,8,0,LWH,G2_584
T027,车型1,G2_586,G2,standard,300,0,75,50,35,25,8,0,LWH,G2_585
T027,车型1,G2_587,G2,standard,300,0,100,50,35,25,8,0,LWH,G2_586
T027,车型1,G2_588,G2,standard,300,0,125,50,35,25,8,0,LWH,G2_587
T027,车型1,G2_589,G2,standard,300,0,150,50,35,25,8,0,LWH,G2_588
T027,车型1,G2_590,G2,standard,300,0,175,50,35,25,8,0,LWH,G2_589
T027,车型1,G2_591,G2,standard,300,35,0,50,35,25,8,0,LWH,
T027,车型1,G2_592,G2,standard,300,35,25,50,35,25,8,0,LWH,G2_591
T027,车型1,G2_593,G2,standard,300,35,50,50,35,25,8,0,LWH,G2_592
T027,车型1,G2_594,G2,standard,300,35,75,50,35,25,8,0,LWH,G2_593
T027,车型1,G2_595,G2,standard,300,35,100,50,35,25,8,0,LWH,G2_594
T027,车型1,G2_596,G2,standard,300,35,125,50,35,25,8,0,LWH,G2_595
T027,车型1,G2_597,G2,standard,300,35,150,50,35,25,8,0,LWH,G2_596
T027,车型1,G2_598,G2,standard,300,35,175,50,35,25,8,0,LWH,G2_597
T027,车型1,G2_599,G2,standard,300,70,0,50,35,25,8,0,LWH,
T027,车型1,G2_600,G2,standard,300,70,25,50,35,25,8,0,LWH,G2_599
T027,车型1,G2_601,G2,standard,300,70,50,50,35,25,8,0,LWH,G2_600
T027,车型1,G2_602,G2,standard,300,70,75,50,35,25,8,0,LWH,G2_601
T027,车型1,G2_603,G2,standard,300,70,100,50,35,25,8,0,LWH,G2_602
T027,车型1,G2_604,G2,standard,300,70,125,50,35,25,8,0,LWH,G2_603
T027,车型1,G2_605,G2,standard,300,70,150,50,35,25,8,0,LWH,G2_604
T027,车型1,G2_606,G2,standard,300,70,175,50,35,25,8,0,LWH,G2_605
T027,车型1,G2_607,G2,standard,300,105,0,50,35,25,8,0,LWH,
T027,车型1,G2_608,G2,standard,300,105,25,50,35,25,8,0,LWH,G2_607
T027,车型1,G2_609,G2,standard,300,105,50,50,35,25,8,0,LWH,G2_608
T027,车型1,G2_610,G2,standard,300,105,75,50,35,25,8,0,LWH,G2_609
T027,车型1,G2_611,G2,standard,300,105,100,50,35,25,8,0,LWH,G2_610
T027,车型1,G2_612,G2,standard,300,105,125,50,35,25,8,0,LWH,G2_611
T027,车型1,G2_613,G2,standard,300,105,150,50,35,25,8,0,LWH,G2_612
T027,车型1,G2_614,G2,standard,300,105,175,50,35,25,8,0,LWH,G2_613
T027,车型1,G2_615,G2,standard,300,140,0,50,35,25,8,0,LWH,
T027,车型1,G2_616,G2,standard,300,140,25,50,35,25,8,0,LWH,G2_615
T027,车型1,G2_617,G2,standard,300,140,50,50,35,25,8,0,LWH,G2_616
T027,车型1,G2_618,G2,standard,300,140,75,50,35,25,8,0,LWH,G2_617
T027,车型1,G2_619,G2,standard,300,140,100,50,35,25,8,0,LWH,G2_618
T027,车型1,G2_620,G2,standard,300,140,125,50,35,25,8,0,LWH,G2_619
T027,车型1,G2_621,G2,standard,300,140,150,50,35,25,8,0,LWH,G2_620
T027,车型1,G2_622,G2,standard,300,140,175,50,35,25,8,0,LWH,G2_621
T027,车型1,G2_623,G2,standard,300,175,0,50,35,25,8,0,LWH,
T027,车型1,G2_624,G2,standard,300,175,25,50,35,25,8,0,LWH,G2_623
T027,车型1,G2_625,G2,standard,300,175,50,50,35,25,8,0,LWH,G2_624
T027,车型1,G2_626,G2,standard,300,175,75,50,35,25,8,0,LWH,G2_625
T027,车型1,G2_627,G2,standard,300,175,100,50,35,25,8,0,LWH,G2_626
T027,车型1,G2_628,G2,standard,300,175,125,50,35,25,8,0,LWH,G2_627
T027,车型1,G2_629,G2,standard,300,175,150,50,35,25,8,0,LWH,G2_628
T027,车型1,G2_630,G2,standard,300,175,175,50,35,25,8,0,LWH,G2_629
T027,车型1,G2_631,G2,standard,350,0,0,50,35,25,8,0,LWH,
T027,车型1,G2_632,G2,standard,350,0,25,50,35,25,8,0,LWH,G2_631
T027,车型1,G2_633,G2,standard,350,0,50,50,35,25,8,0,LWH,G2_632
T027,车型1,G2_634,G2,standard,350,0,75,50,35,25,8,0,LWH,G2_633
T027,车型1,G2_635,G2,standard,350,0,100,50,35,25,8,0,LWH,G2_634
T027,车型1,G2_636,G2,standard,350,0,125,50,35,25,8,0,LWH,G2_635
T027,车型1,G2_637,G2,standard,350,0,150,50,35,25,8,0,LWH,G2_636
T027,车型1,G2_638,G2,standard,350,0,175,50,35,25,8,0,LWH,G2_637
T027,车型1,G2_639,G2,standard,350,35,0,50,35,25,8,0,LWH,
T027,车型1,G2_640,G2,standard,350,35,25,50,35,25,8,0,LWH,G2_639
T027,车型1,G2_641,G2,standard,350,35,50,50,35,25,8,0,LWH,G2_640
T027,车型1,G2_642,G2,standard,350,35,75,50,35,25,8,0,LWH,G2_641
T027,车型1,G2_643,G2,standard,350,35,100,50,35,25,8,0,LWH,G2_642
T027,车型1,G2_644,G2,standard,350,35,125,50,35,25,8,0,LWH,G2_643
T027,车型1,G2_645,G2,standard,350,35,150,50,35,25,8,0,LWH,G2_644
T027,车型1,G2_646,G2,standard,350,35,175,50,35,25,8,0,LWH,G2_645
T027,车型1,G2_647,G2,standard,350,70,0,50,35,25,8,0,LWH,
T027,车型1,G2_648,G2,standard,350,70,25,50,35,25,8,0,LWH,G2_647
T027,车型1,G2_649,G2,standard,350,70,50,50,35,25,8,0,LWH,G2_648
T027,车型1,G2_650,G2,standard,350,70,75,50,35,25,8,0,LWH,G2_649
T027,车型1,G2_651,G2,standard,350,70,100,50,35,25,8,0,LWH,G2_650
T027,车型1,G2_652,G2,standard,350,70,125,50,35,25,8,0,LWH,G2_651
T027,车型1,G2_653,G2,standard,350,70,150,50,35,25,8,0,LWH,G2_652
T027,车型1,G2_654,G2,standard,350,70,175,50,35,25,8,0,LWH,G2_653
T027,车型1,G2_655,G2,standard,350,105,0,50,35,25,8,0,LWH,
T027,车型1,G2_656,G2,standard,350,105,25,50,35,25,8,0,LWH,G2_655
T027,车型1,G2_657,G2,standard,350,105,50,50,35,25,8,0,LWH,G2_656
T027,车型1,G2_658,G2,standard,350,105,75,50,35,25,8,0,LWH,G2_657
T027,车型1,G2_659,G2,standard,350,105,100,50,35,25,8,0,LWH,G2_658
T027,车型1,G2_660,G2,standard,350,105,125,50,35,25,8,0,LWH,G2_659
T027,车型1,G2_661,G2,standard,350,105,150,50,35,25,8,0,LWH,G2_660
T027,车型1,G2_662,G2,standard,350,105,175,50,35,25,8,0,LWH,G2_661
T027,车型1,G2_663,G2,standard,350,140,0,50,35,25,8,0,LWH,
T027,车型1,G2_664,G2,standard,350,140,25,50,35,25,8,0,LWH,G2_663
T027,车型1,G2_665,G2,standard,350,140,50,50,35,25,8,0,LWH,G2_664
T027,车型1,G2_666,G2,standard,350,140,75,50,35,25,8,0,LWH,G2_665
T027,车型1,G2_667,G2,standard,350,140,100,50,35,25,8,0,LWH,G2_666
T027,车型1,G2_668,G2,standard,350,140,125,50,35,25,8,0,LWH,G2_667
T027,车型1,G2_669,G2,standard,350,140,150,50,35,25,8,0,LWH,G2_668
T027,车型1,G2_670,G2,standard,350,140,175,50,35,25,8,0,LWH,G2_669
T027,车型1,G2_671,G2,standard,350,175,0,50,35,25,8,0,LWH,
T027,车型1,G2_672,G2,standard,350,175,25,50,35,25,8,0,LWH,G2_671
T027,车型1,G2_673,G2,standard,350,175,50,50,35,25,8,0,LWH,G2_672
T027,车型1,G2_674,G2,standard,350,175,75,50,35,25,8,0,LWH,G2_673
T027,车型1,G2_675,G2,standard,350,175,100,50,35,25,8,0,LWH,G2_674
T027,车型1,G2_676,G2,standard,350,175,125,50,35,25,8,0,LWH,G2_675
T027,车型1,G2_677,G2,standard,350,175,150,50,35,25,8,0,LWH,G2_676
T027,车型1,G2_678,G2,standard,350,175,175,50,35,25,8,0,LWH,G2_677
T028,车型1,G2_001,G2,standard,0,0,0,50,35,25,8,0,LWH,
T028,车型1,G2_002,G2,standard,0,0,25,50,35,25,8,0,LWH,G2_001
T028,车型1,G2_003,G2,standard,0,0,50,50,35,25,8,0,LWH,G2_002
T028,车型1,G2_004,G2,standard,0,0,75,50,35,25,8,0,LWH,G2_003
T028,车型1,G2_005,G2,standard,0,0,100,50,35,25,8,0,LWH,G2_004
T028,车型1,G2_006,G2,standard,0,0,125,50,35,25,8,0,LWH,G2_005
T028,车型1,G2_007,G2,standard,0,0,150,50,35,25,8,0,LWH,G2_006
T028,车型1,G2_008,G2,standard,0,0,175,50,35,25,8,0,LWH,G2_007
T028,车型1,G2_009,G2,standard,0,35,0,50,35,25,8,0,LWH,
T028,车型1,G2_010,G2,standard,0,35,25,50,35,25,8,0,LWH,G2_009
T028,车型1,G2_011,G2,standard,0,35,50,50,35,25,8,0,LWH,G2_010
T028,车型1,G2_012,G2,standard,0,35,75,50,35,25,8,0,LWH,G2_011
T028,车型1,G2_013,G2,standard,0,35,100,50,35,25,8,0,LWH,G2_012
T028,车型1,G2_014,G2,standard,0,35,125,50,35,25,8,0,LWH,G2_013
T028,车型1,G2_015,G2,standard,0,35,150,50,35,25,8,0,LWH,G2_014
T028,车型1,G2_016,G2,standard,0,35,175,50,35,25,8,0,LWH,G2_015
T028,车型1,G2_017,G2,standard,0,70,0,50,35,25,8,0,LWH,
T028,车型1,G2_018,G2,standard,0,70,25,50,35,25,8,0,LWH,G2_017
T028,车型1,G2_019,G2,standard,0,70,50,50,35,25,8,0,LWH,G2_018
T028,车型1,G2_020,G2,standard,0,70,75,50,35,25,8,0,LWH,G2_019
T028,车型1,G2_021,G2,standard,0,70,100,50,35,25,8,0,LWH,G2_020
T028,车型1,G2_022,G2,standard,0,70,125,50,35,25,8,0,LWH,G2_021
T028,车型1,G2_023,G2,standard,0,70,150,50,35,25,8,0,LWH,G2_022
T028,车型1,G2_024,G2,standard,0,70,175,50,35,25,8,0,LWH,G2_023
T028,车型1,G2_025,G2,standard,0,105,0,50,35,25,8,0,LWH,
T028,车型1,G2_026,G2,standard,0,105,25,50,35,25,8,0,LWH,G2_025
T028,车型1,G2_027,G2,standard,0,105,50,50,35,25,8,0,LWH,G2_026
T028,车型1,G2_028,G2,standard,0,105,75,50,35,25,8,0,LWH,G2_027
T028,车型1,G2_029,G2,standard,0,105,100,50,35,25,8,0,LWH,G2_028
T028,车型1,G2_030,G2,standard,0,105,125,50,35,25,8,0,LWH,G2_029
T028,车型1,G2_031,G2,standard,0,105,150,50,35,25,8,0,LWH,G2_030
T028,车型1,G2_032,G2,standard,0,105,175,50,35,25,8,0,LWH,G2_031
T028,车型1,G2_033,G2,standard,0,140,0,50,35,25,8,0,LWH,
T028,车型1,G2_034,G2,standard,0,140,25,50,35,25,8,0,LWH,G2_033
T028,车型1,G2_035,G2,standard,0,140,50,50,35,25,8,0,LWH,G2_034
T028,车型1,G2_036,G2,standard,0,140,75,50,35,25,8,0,LWH,G2_035
T028,车型1,G2_037,G2,standard,0,140,100,50,35,25,8,0,LWH,G2_036
T028,车型1,G2_038,G2,standard,0,140,125,50,35,25,8,0,LWH,G2_037
T028,车型1,G2_039,G2,standard,0,140,150,50,35,25,8,0,LWH,G2_038
T028,车型1,G2_040,G2,standard,0,140,175,50,35,25,8,0,LWH,G2_039
T028,车型1,G2_041,G2,standard,0,175,0,50,35,25,8,0,LWH,
T028,车型1,G2_042,G2,standard,0,175,25,50,35,25,8,0,LWH,G2_041
T028,车型1,G2_043,G2,standard,0,175,50,50,35,25,8,0,LWH,G2_042
T028,车型1,G2_044,G2,standard,0,175,75,50,35,25,8,0,LWH,G2_043
T028,车型1,G2_045,G2,standard,0,175,100,50,35,25,8,0,LWH,G2_044
T028,车型1,G2_046,G2,standard,0,175,125,50,35,25,8,0,LWH,G2_045
T028,车型1,G2_047,G2,standard,0,175,150,50,35,25,8,0,LWH,G2_046
T028,车型1,G2_048,G2,standard,0,175,175,50,35,25,8,0,LWH,G2_047
T028,车型1,G2_049,G2,standard,50,0,0,50,35,25,8,0,LWH,
T028,车型1,G2_050,G2,standard,50,0,25,50,35,25,8,0,LWH,G2_049
T028,车型1,G2_051,G2,standard,50,0,50,50,35,25,8,0,LWH,G2_050
T028,车型1,G2_052,G2,standard,50,0,75,50,35,25,8,0,LWH,G2_051
T028,车型1,G2_053,G2,standard,50,0,100,50,35,25,8,0,LWH,G2_052
T028,车型1,G2_054,G2,standard,50,0,125,50,35,25,8,0,LWH,G2_053
T028,车型1,G2_055,G2,standard,50,0,150,50,35,25,8,0,LWH,G2_054
T028,车型1,G2_056,G2,standard,50,0,175,50,35,25,8,0,LWH,G2_055
T028,车型1,G2_057,G2,standard,50,35,0,50,35,25,8,0,LWH,
T028,车型1,G2_058,G2,standard,50,35,25,50,35,25,8,0,LWH,G2_057
T028,车型1,G2_059,G2,standard,50,35,50,50,35,25,8,0,LWH,G2_058
T028,车型1,G2_060,G2,standard,50,35,75,50,35,25,8,0,LWH,G2_059
T028,车型1,G2_061,G2,standard,50,35,100,50,35,25,8,0,LWH,G2_060
T028,车型1,G2_062,G2,standard,50,35,125,50,35,25,8,0,LWH,G2_061
T028,车型1,G2_063,G2,standard,50,35,150,50,35,25,8,0,LWH,G2_062
T028,车型1,G2_064,G2,standard,50,35,175,50,35,25,8,0,LWH,G2_063
T028,车型1,G2_065,G2,standard,50,70,0,50,35,25,8,0,LWH,
T028,车型1,G2_066,G2,standard,50,70,25,50,35,25,8,0,LWH,G2_065
T028,车型1,G2_067,G2,standard,50,70,50,50,35,25,8,0,LWH,G2_066
T028,车型1,G2_068,G2,standard,50,70,75,50,35,25,8,0,LWH,G2_067
T028,车型1,G2_069,G2,standard,50,70,100,50,35,25,8,0,LWH,G2_068
T028,车型1,G2_070,G2,standard,50,70,125,50,35,25,8,0,LWH,G2_069
T028,车型1,G2_071,G2,standard,50,70,150,50,35,25,8,0,LWH,G2_070
T028,车型1,G2_072,G2,standard,50,70,175,50,35,25,8,0,LWH,G2_071
T028,车型1,G2_073,G2,standard,50,105,0,50,35,25,8,0,LWH,
T028,车型1,G2_074,G2,standard,50,105,25,50,35,25,8,0,LWH,G2_073
T028,车型1,G2_075,G2,standard,50,105,50,50,35,25,8,0,LWH,G2_074
T028,车型1,G2_076,G2,standard,50,105,75,50,35,25,8,0,LWH,G2_075
T028,车型1,G2_077,G2,standard,50,105,100,50,35,25,8,0,LWH,G2_076
T028,车型1,G2_078,G2,standard,50,105,125,50,35,25,8,0,LWH,G2_077
T028,车型1,G2_079,G2,standard,50,105,150,50,35,25,8,0,LWH,G2_078
T028,车型1,G2_080,G2,standard,50,105,175,50,35,25,8,0,LWH,G2_079
T028,车型1,G2_081,G2,standard,50,140,0,50,35,25,8,0,LWH,
T028,车型1,G2_082,G2,standard,50,140,25,50,35,25,8,0,LWH,G2_081
T028,车型1,G2_083,G2,standard,50,140,50,50,35,25,8,0,LWH,G2_082
T028,车型1,G2_084,G2,standard,50,140,75,50,35,25,8,0,LWH,G2_083
T028,车型1,G2_085,G2,standard,50,140,100,50,35,25,8,0,LWH,G2_084
T028,车型1,G2_086,G2,standard,50,140,125,50,35,25,8,0,LWH,G2_085
T028,车型1,G2_087,G2,standard,50,140,150,50,35,25,8,0,LWH,G2_086
T028,车型1,G2_088,G2,standard,50,140,175,50,35,25,8,0,LWH,G2_087
T028,车型1,G2_089,G2,standard,50,175,0,50,35,25,8,0,LWH,
T028,车型1,G2_090,G2,standard,50,175,25,50,35,25,8,0,LWH,G2_089
T028,车型1,G2_091,G2,standard,50,175,50,50,35,25,8,0,LWH,G2_090
T028,车型1,G2_092,G2,standard,50,175,75,50,35,25,8,0,LWH,G2_091
T028,车型1,G2_093,G2,standard,50,175,100,50,35,25,8,0,LWH,G2_092
T028,车型1,G2_094,G2,standard,50,175,125,50,35,25,8,0,LWH,G2_093
T028,车型1,G2_095,G2,standard,50,175,150,50,35,25,8,0,LWH,G2_094
T028,车型1,G2_096,G2,standard,50,175,175,50,35,25,8,0,LWH,G2_095
T028,车型1,G2_097,G2,standard,100,0,0,50,35,25,8,0,LWH,
T028,车型1,G2_098,G2,standard,100,0,25,50,35,25,8,0,LWH,G2_097
T028,车型1,G2_099,G2,standard,100,0,50,50,35,25,8,0,LWH,G2_098
T028,车型1,G2_100,G2,standard,100,0,75,50,35,25,8,0,LWH,G2_099
T028,车型1,G2_1000,G2,standard,100,0,100,50,35,25,8,0,LWH,G2_100
T028,车型1,G2_101,G2,standard,100,0,125,50,35,25,8,0,LWH,G2_1000
T028,车型1,G2_102,G2,standard,100,0,150,50,35,25,8,0,LWH,G2_101
T028,车型1,G2_103,G2,standard,100,0,175,50,35,25,8,0,LWH,G2_102
T028,车型1,G2_104,G2,standard,100,35,0,50,35,25,8,0,LWH,
T028,车型1,G2_105,G2,standard,100,35,25,50,35,25,8,0,LWH,G2_104
T028,车型1,G2_106,G2,standard,100,35,50,50,35,25,8,0,LWH,G2_105
T028,车型1,G2_107,G2,standard,100,35,75,50,35,25,8,0,LWH,G2_106
T028,车型1,G2_108,G2,standard,100,35,100,50,35,25,8,0,LWH,G2_107
T028,车型1,G2_109,G2,standard,100,35,125,50,35,25,8,0,LWH,G2_108
T028,车型1,G2_110,G2,standard,100,35,150,50,35,25,8,0,LWH,G2_109
T028,车型1,G2_111,G2,standard,100,35,175,50,35,25,8,0,LWH,G2_110
T028,车型1,G2_112,G2,standard,100,70,0,50,35,25,8,0,LWH,
T028,车型1,G2_113,G2,standard,100,70,25,50,35,25,8,0,LWH,G2_112
T028,车型1,G2_114,G2,standard,100,70,50,50,35,25,8,0,LWH,G2_113
T028,车型1,G2_115,G2,standard,100,70,75,50,35,25,8,0,LWH,G2_114
T028,车型1,G2_116,G2,standard,100,70,100,50,35,25,8,0,LWH,G2_115
T028,车型1,G2_117,G2,standard,100,70,125,50,35,25,8,0,LWH,G2_116
T028,车型1,G2_118,G2,standard,100,70,150,50,35,25,8,0,LWH,G2_117
T028,车型1,G2_119,G2,standard,100,70,175,50,35,25,8,0,LWH,G2_118
T028,车型1,G2_120,G2,standard,100,105,0,50,35,25,8,0,LWH,
T028,车型1,G2_121,G2,standard,100,105,25,50,35,25,8,0,LWH,G2_120
T028,车型1,G2_122,G2,standard,100,105,50,50,35,25,8,0,LWH,G2_121
T028,车型1,G2_123,G2,standard,100,105,75,50,35,25,8,0,LWH,G2_122
T028,车型1,G2_124,G2,standard,100,105,100,50,35,25,8,0,LWH,G2_123
T028,车型1,G2_125,G2,standard,100,105,125,50,35,25,8,0,LWH,G2_124
T028,车型1,G2_126,G2,standard,100,105,150,50,35,25,8,0,LWH,G2_125
T028,车型1,G2_127,G2,standard,100,105,175,50,35,25,8,0,LWH,G2_126
T028,车型1,G2_128,G2,standard,100,140,0,50,35,25,8,0,LWH,
T028,车型1,G2_129,G2,standard,100,140,25,50,35,25,8,0,LWH,G2_128
T028,车型1,G2_130,G2,standard,100,140,50,50,35,25,8,0,LWH,G2_129
T028,车型1,G2_131,G2,standard,100,140,75,50,35,25,8,0,LWH,G2_130
T028,车型1,G2_132,G2,standard,100,140,100,50,35,25,8,0,LWH,G2_131
T028,车型1,G2_133,G2,standard,100,140,125,50,35,25,8,0,LWH,G2_132
T028,车型1,G2_134,G2,standard,100,140,150,50,35,25,8,0,LWH,G2_133
T028,车型1,G2_135,G2,standard,100,140,175,50,35,25,8,0,LWH,G2_134
T028,车型1,G2_136,G2,standard,100,175,0,50,35,25,8,0,LWH,
T028,车型1,G2_137,G2,standard,100,175,25,50,35,25,8,0,LWH,G2_136
T028,车型1,G2_138,G2,standard,100,175,50,50,35,25,8,0,LWH,G2_137
T028,车型1,G2_139,G2,standard,100,175,75,50,35,25,8,0,LWH,G2_138
T028,车型1,G2_140,G2,standard,100,175,100,50,35,25,8,0,LWH,G2_139
T028,车型1,G2_141,G2,standard,100,175,125,50,35,25,8,0,LWH,G2_140
T028,车型1,G2_142,G2,standard,100,175,150,50,35,25,8,0,LWH,G2_141
T028,车型1,G2_143,G2,standard,100,175,175,50,35,25,8,0,LWH,G2_142
T028,车型1,G2_144,G2,standard,150,0,0,50,35,25,8,0,LWH,
T028,车型1,G2_145,G2,standard,150,0,25,50,35,25,8,0,LWH,G2_144
T028,车型1,G2_146,G2,standard,150,0,50,50,35,25,8,0,LWH,G2_145
T028,车型1,G2_147,G2,standard,150,0,75,50,35,25,8,0,LWH,G2_146
T028,车型1,G2_148,G2,standard,150,0,100,50,35,25,8,0,LWH,G2_147
T028,车型1,G2_149,G2,standard,150,0,125,50,35,25,8,0,LWH,G2_148
T028,车型1,G2_150,G2,standard,150,0,150,50,35,25,8,0,LWH,G2_149
T028,车型1,G2_151,G2,standard,150,0,175,50,35,25,8,0,LWH,G2_150
T028,车型1,G2_152,G2,standard,150,35,0,50,35,25,8,0,LWH,
T028,车型1,G2_153,G2,standard,150,35,25,50,35,25,8,0,LWH,G2_152
T028,车型1,G2_154,G2,standard,150,35,50,50,35,25,8,0,LWH,G2_153
T028,车型1,G2_155,G2,standard,150,35,75,50,35,25,8,0,LWH,G2_154
T028,车型1,G2_156,G2,standard,150,35,100,50,35,25,8,0,LWH,G2_155
T028,车型1,G2_157,G2,standard,150,35,125,50,35,25,8,0,LWH,G2_156
T028,车型1,G2_158,G2,standard,150,35,150,50,35,25,8,0,LWH,G2_157
T028,车型1,G2_159,G2,standard,150,35,175,50,35,25,8,0,LWH,G2_158
T028,车型1,G2_160,G2,standard,150,70,0,50,35,25,8,0,LWH,
T028,车型1,G2_161,G2,standard,150,70,25,50,35,25,8,0,LWH,G2_160
T028,车型1,G2_162,G2,standard,150,70,50,50,35,25,8,0,LWH,G2_161
T028,车型1,G2_163,G2,standard,150,70,75,50,35,25,8,0,LWH,G2_162
T028,车型1,G2_164,G2,standard,150,70,100,50,35,25,8,0,LWH,G2_163
T028,车型1,G2_165,G2,standard,150,70,125,50,35,25,8,0,LWH,G2_164
T028,车型1,G2_166,G2,standard,150,70,150,50,35,25,8,0,LWH,G2_165
T028,车型1,G2_167,G2,standard,150,70,175,50,35,25,8,0,LWH,G2_166
T028,车型1,G2_168,G2,standard,150,105,0,50,35,25,8,0,LWH,
T028,车型1,G2_169,G2,standard,150,105,25,50,35,25,8,0,LWH,G2_168
T028,车型1,G2_170,G2,standard,150,105,50,50,35,25,8,0,LWH,G2_169
T028,车型1,G2_171,G2,standard,150,105,75,50,35,25,8,0,LWH,G2_170
T028,车型1,G2_172,G2,standard,150,105,100,50,35,25,8,0,LWH,G2_171
T028,车型1,G2_173,G2,standard,150,105,125,50,35,25,8,0,LWH,G2_172
T028,车型1,G2_174,G2,standard,150,105,150,50,35,25,8,0,LWH,G2_173
T028,车型1,G2_175,G2,standard,150,105,175,50,35,25,8,0,LWH,G2_174
T028,车型1,G2_176,G2,standard,150,140,0,50,35,25,8,0,LWH,
T028,车型1,G2_177,G2,standard,150,140,25,50,35,25,8,0,LWH,G2_176
T028,车型1,G2_178,G2,standard,150,140,50,50,35,25,8,0,LWH,G2_177
T028,车型1,G2_179,G2,standard,150,140,75,50,35,25,8,0,LWH,G2_178
T028,车型1,G2_180,G2,standard,150,140,100,50,35,25,8,0,LWH,G2_179
T028,车型1,G2_181,G2,standard,150,140,125,50,35,25,8,0,LWH,G2_180
T028,车型1,G2_182,G2,standard,150,140,150,50,35,25,8,0,LWH,G2_181
T028,车型1,G2_183,G2,standard,150,140,175,50,35,25,8,0,LWH,G2_182
T028,车型1,G2_184,G2,standard,150,175,0,50,35,25,8,0,LWH,
T028,车型1,G2_185,G2,standard,150,175,25,50,35,25,8,0,LWH,G2_184
T028,车型1,G2_186,G2,standard,150,175,50,50,35,25,8,0,LWH,G2_185
T028,车型1,G2_187,G2,standard,150,175,75,50,35,25,8,0,LWH,G2_186
T028,车型1,G2_188,G2,standard,150,175,100,50,35,25,8,0,LWH,G2_187
T028,车型1,G2_189,G2,standard,150,175,125,50,35,25,8,0,LWH,G2_188
T028,车型1,G2_190,G2,standard,150,175,150,50,35,25,8,0,LWH,G2_189
T028,车型1,G2_191,G2,standard,150,175,175,50,35,25,8,0,LWH,G2_190
T028,车型1,G2_192,G2,standard,200,0,0,50,35,25,8,0,LWH,
T028,车型1,G2_193,G2,standard,200,0,25,50,35,25,8,0,LWH,G2_192
T028,车型1,G2_194,G2,standard,200,0,50,50,35,25,8,0,LWH,G2_193
T028,车型1,G2_195,G2,standard,200,0,75,50,35,25,8,0,LWH,G2_194
T028,车型1,G2_196,G2,standard,200,0,100,50,35,25,8,0,LWH,G2_195
T028,车型1,G2_197,G2,standard,200,0,125,50,35,25,8,0,LWH,G2_196
T028,车型1,G2_198,G2,standard,200,0,150,50,35,25,8,0,LWH,G2_197
T028,车型1,G2_199,G2,standard,200,0,175,50,35,25,8,0,LWH,G2_198
T028,车型1,G2_200,G2,standard,200,35,0,50,35,25,8,0,LWH,
T028,车型1,G2_201,G2,standard,200,35,25,50,35,25,8,0,LWH,G2_200
T028,车型1,G2_202,G2,standard,200,35,50,50,35,25,8,0,LWH,G2_201
T028,车型1,G2_203,G2,standard,200,35,75,50,35,25,8,0,LWH,G2_202
T028,车型1,G2_204,G2,standard,200,35,100,50,35,25,8,0,LWH,G2_203
T028,车型1,G2_205,G2,standard,200,35,125,50,35,25,8,0,LWH,G2_204
T028,车型1,G2_206,G2,standard,200,35,150,50,35,25,8,0,LWH,G2_205
T028,车型1,G2_207,G2,standard,200,35,175,50,35,25,8,0,LWH,G2_206
T028,车型1,G2_208,G2,standard,200,70,0,50,35,25,8,0,LWH,
T028,车型1,G2_209,G2,standard,200,70,25,50,35,25,8,0,LWH,G2_208
T028,车型1,G2_210,G2,standard,200,70,50,50,35,25,8,0,LWH,G2_209
T028,车型1,G2_211,G2,standard,200,70,75,50,35,25,8,0,LWH,G2_210
T028,车型1,G2_212,G2,standard,200,70,100,50,35,25,8,0,LWH,G2_211
T028,车型1,G2_213,G2,standard,200,70,125,50,35,25,8,0,LWH,G2_212
T028,车型1,G2_214,G2,standard,200,70,150,50,35,25,8,0,LWH,G2_213
T028,车型1,G2_215,G2,standard,200,70,175,50,35,25,8,0,LWH,G2_214
T028,车型1,G2_216,G2,standard,200,105,0,50,35,25,8,0,LWH,
T028,车型1,G2_217,G2,standard,200,105,25,50,35,25,8,0,LWH,G2_216
T028,车型1,G2_218,G2,standard,200,105,50,50,35,25,8,0,LWH,G2_217
T028,车型1,G2_219,G2,standard,200,105,75,50,35,25,8,0,LWH,G2_218
T028,车型1,G2_220,G2,standard,200,105,100,50,35,25,8,0,LWH,G2_219
T028,车型1,G2_221,G2,standard,200,105,125,50,35,25,8,0,LWH,G2_220
T028,车型1,G2_222,G2,standard,200,105,150,50,35,25,8,0,LWH,G2_221
T028,车型1,G2_223,G2,standard,200,105,175,50,35,25,8,0,LWH,G2_222
T028,车型1,G2_224,G2,standard,200,140,0,50,35,25,8,0,LWH,
T028,车型1,G2_225,G2,standard,200,140,25,50,35,25,8,0,LWH,G2_224
T028,车型1,G2_226,G2,standard,200,140,50,50,35,25,8,0,LWH,G2_225
T028,车型1,G2_227,G2,standard,200,140,75,50,35,25,8,0,LWH,G2_226
T028,车型1,G2_228,G2,standard,200,140,100,50,35,25,8,0,LWH,G2_227
T028,车型1,G2_229,G2,standard,200,140,125,50,35,25,8,0,LWH,G2_228
T028,车型1,G2_230,G2,standard,200,140,150,50,35,25,8,0,LWH,G2_229
T028,车型1,G2_231,G2,standard,200,140,175,50,35,25,8,0,LWH,G2_230
T028,车型1,G2_232,G2,standard,200,175,0,50,35,25,8,0,LWH,
T028,车型1,G2_233,G2,standard,200,175,25,50,35,25,8,0,LWH,G2_232
T028,车型1,G2_234,G2,standard,200,175,50,50,35,25,8,0,LWH,G2_233
T028,车型1,G2_235,G2,standard,200,175,75,50,35,25,8,0,LWH,G2_234
T028,车型1,G2_236,G2,standard,200,175,100,50,35,25,8,0,LWH,G2_235
T028,车型1,G2_237,G2,standard,200,175,125,50,35,25,8,0,LWH,G2_236
T028,车型1,G2_238,G2,standard,200,175,150,50,35,25,8,0,LWH,G2_237
T028,车型1,G2_239,G2,standard,200,175,175,50,35,25,8,0,LWH,G2_238
T028,车型1,G2_240,G2,standard,250,0,0,50,35,25,8,0,LWH,
T028,车型1,G2_241,G2,standard,250,0,25,50,35,25,8,0,LWH,G2_240
T028,车型1,G2_242,G2,standard,250,0,50,50,35,25,8,0,LWH,G2_241
T028,车型1,G2_243,G2,standard,250,0,75,50,35,25,8,0,LWH,G2_242
T028,车型1,G2_244,G2,standard,250,0,100,50,35,25,8,0,LWH,G2_243
T028,车型1,G2_245,G2,standard,250,0,125,50,35,25,8,0,LWH,G2_244
T028,车型1,G2_246,G2,standard,250,0,150,50,35,25,8,0,LWH,G2_245
T028,车型1,G2_247,G2,standard,250,0,175,50,35,25,8,0,LWH,G2_246
T028,车型1,G2_248,G2,standard,250,35,0,50,35,25,8,0,LWH,
T028,车型1,G2_249,G2,standard,250,35,25,50,35,25,8,0,LWH,G2_248
T028,车型1,G2_250,G2,standard,250,35,50,50,35,25,8,0,LWH,G2_249
T028,车型1,G2_251,G2,standard,250,35,75,50,35,25,8,0,LWH,G2_250
T028,车型1,G2_252,G2,standard,250,35,100,50,35,25,8,0,LWH,G2_251
T028,车型1,G2_253,G2,standard,250,35,125,50,35,25,8,0,LWH,G2_252
T028,车型1,G2_254,G2,standard,250,35,150,50,35,25,8,0,LWH,G2_253
T028,车型1,G2_255,G2,standard,250,35,175,50,35,25,8,0,LWH,G2_254
T028,车型1,G2_256,G2,standard,250,70,0,50,35,25,8,0,LWH,
T028,车型1,G2_257,G2,standard,250,70,25,50,35,25,8,0,LWH,G2_256
T028,车型1,G2_258,G2,standard,250,70,50,50,35,25,8,0,LWH,G2_257
T028,车型1,G2_259,G2,standard,250,70,75,50,35,25,8,0,LWH,G2_258
T028,车型1,G2_260,G2,standard,250,70,100,50,35,25,8,0,LWH,G2_259
T028,车型1,G2_261,G2,standard,250,70,125,50,35,25,8,0,LWH,G2_260
T028,车型1,G2_262,G2,standard,250,70,150,50,35,25,8,0,LWH,G2_261
T028,车型1,G2_263,G2,standard,250,70,175,50,35,25,8,0,LWH,G2_262
T028,车型1,G2_264,G2,standard,250,105,0,50,35,25,8,0,LWH,
T028,车型1,G2_265,G2,standard,250,105,25,50,35,25,8,0,LWH,G2_264
T028,车型1,G2_266,G2,standard,250,105,50,50,35,25,8,0,LWH,G2_265
T028,车型1,G2_267,G2,standard,250,105,75,50,35,25,8,0,LWH,G2_266
T028,车型1,G2_268,G2,standard,250,105,100,50,35,25,8,0,LWH,G2_267
T028,车型1,G2_269,G2,standard,250,105,125,50,35,25,8,0,LWH,G2_268
T028,车型1,G2_270,G2,standard,250,105,150,50,35,25,8,0,LWH,G2_269
T028,车型1,G2_271,G2,standard,250,105,175,50,35,25,8,0,LWH,G2_270
T028,车型1,G2_272,G2,standard,250,140,0,50,35,25,8,0,LWH,
T028,车型1,G2_273,G2,standard,250,140,25,50,35,25,8,0,LWH,G2_272
T028,车型1,G2_274,G2,standard,250,140,50,50,35,25,8,0,LWH,G2_273
T028,车型1,G2_275,G2,standard,250,140,75,50,35,25,8,0,LWH,G2_274
T028,车型1,G2_276,G2,standard,250,140,100,50,35,25,8,0,LWH,G2_275
T028,车型1,G2_277,G2,standard,250,140,125,50,35,25,8,0,LWH,G2_276
T028,车型1,G2_278,G2,standard,250,140,150,50,35,25,8,0,LWH,G2_277
T028,车型1,G2_279,G2,standard,250,140,175,50,35,25,8,0,LWH,G2_278
T028,车型1,G2_280,G2,standard,250,175,0,50,35,25,8,0,LWH,
T028,车型1,G2_281,G2,standard,250,175,25,50,35,25,8,0,LWH,G2_280
T028,车型1,G2_282,G2,standard,250,175,50,50,35,25,8,0,LWH,G2_281
T028,车型1,G2_283,G2,standard,250,175,75,50,35,25,8,0,LWH,G2_282
T028,车型1,G2_284,G2,standard,250,175,100,50,35,25,8,0,LWH,G2_283
T028,车型1,G2_285,G2,standard,250,175,125,50,35,25,8,0,LWH,G2_284
T028,车型1,G2_286,G2,standard,250,175,150,50,35,25,8,0,LWH,G2_285
T028,车型1,G2_287,G2,standard,250,175,175,50,35,25,8,0,LWH,G2_286
T028,车型1,G2_288,G2,standard,300,0,0,50,35,25,8,0,LWH,
T028,车型1,G2_289,G2,standard,300,0,25,50,35,25,8,0,LWH,G2_288
T028,车型1,G2_290,G2,standard,300,0,50,50,35,25,8,0,LWH,G2_289
T028,车型1,G2_291,G2,standard,300,0,75,50,35,25,8,0,LWH,G2_290
T028,车型1,G2_292,G2,standard,300,0,100,50,35,25,8,0,LWH,G2_291
T028,车型1,G2_293,G2,standard,300,0,125,50,35,25,8,0,LWH,G2_292
T028,车型1,G2_294,G2,standard,300,0,150,50,35,25,8,0,LWH,G2_293
